,HALLMARK_ADIPOGENESIS,HALLMARK_ALLOGRAFT_REJECTION,HALLMARK_ANDROGEN_RESPONSE,HALLMARK_ANGIOGENESIS,HALLMARK_APICAL_JUNCTION,HALLMARK_APICAL_SURFACE,HALLMARK_APOPTOSIS,HALLMARK_BILE_ACID_METABOLISM,HALLMARK_CHOLESTEROL_HOMEOSTASIS,HALLMARK_COAGULATION,HALLMARK_COMPLEMENT,HALLMARK_DNA_REPAIR,HALLMARK_E2F_TARGETS,HALLMARK_EPITHELIAL_MESENCHYMAL_TRANSITION,HALLMARK_ESTROGEN_RESPONSE_EARLY,HALLMARK_ESTROGEN_RESPONSE_LATE,HALLMARK_FATTY_ACID_METABOLISM,HALLMARK_G2M_CHECKPOINT,HALLMARK_GLYCOLYSIS,HALLMARK_HEDGEHOG_SIGNALING,HALLMARK_HEME_METABOLISM,HALLMARK_HYPOXIA,HALLMARK_IL2_STAT5_SIGNALING,HALLMARK_IL6_JAK_STAT3_SIGNALING,HALLMARK_INFLAMMATORY_RESPONSE,HALLMARK_INTERFERON_ALPHA_RESPONSE,HALLMARK_INTERFERON_GAMMA_RESPONSE,HALLMARK_KRAS_SIGNALING_DN,HALLMARK_KRAS_SIGNALING_UP,HALLMARK_MITOTIC_SPINDLE,HALLMARK_MTORC1_SIGNALING,HALLMARK_MYC_TARGETS_V1,HALLMARK_MYC_TARGETS_V2,HALLMARK_MYOGENESIS,HALLMARK_NOTCH_SIGNALING,HALLMARK_OXIDATIVE_PHOSPHORYLATION,HALLMARK_P53_PATHWAY,HALLMARK_PANCREAS_BETA_CELLS,HALLMARK_PEROXISOME,HALLMARK_PI3K_AKT_MTOR_SIGNALING,HALLMARK_PROTEIN_SECRETION,HALLMARK_REACTIVE_OXYGEN_SPECIES_PATHWAY,HALLMARK_SPERMATOGENESIS,HALLMARK_TGF_BETA_SIGNALING,HALLMARK_TNFA_SIGNALING_VIA_NFKB,HALLMARK_UNFOLDED_PROTEIN_RESPONSE,HALLMARK_UV_RESPONSE_DN,HALLMARK_UV_RESPONSE_UP,HALLMARK_WNT_BETA_CATENIN_SIGNALING,HALLMARK_XENOBIOTIC_METABOLISM
GSM1602801,0.34683623409355735,0.2078648453052969,-0.18714325967601164,0.47296843542540623,-0.1684201048125158,0.31354130717462886,0.10371659461938602,-0.35573229624349695,-0.040296602935076975,-0.27223642050534563,0.6940853553501174,0.46536715144450935,-0.6326864093112105,0.11855837159907257,-0.30925529646872163,-0.8326170103035856,-0.6662729484492975,-0.5582140791714233,-0.5624117325189738,-0.1542971371647965,-0.7723810348074103,0.8695803069446061,0.09654742262876019,-0.05655737664112424,1.0035155332022827,0.3393084322911441,0.31934568064722535,-0.616017499401178,0.9466303665864444,-0.010624198011396158,-0.29716292967737007,-0.15440058466448833,-0.06400422827385935,-0.1583493663645705,2.0903897966851503,0.03292914759584564,0.9779671101190426,-0.6385142860634297,0.0677381240036186,0.1540720107031326,-0.02388688458497379,-0.4428464122145354,-0.6245751627410917,0.8972047315857302,1.0595862606584945,0.3130902563894494,0.825159645426793,-0.1523506172408577,0.17798178871724593,-0.12074817613994634
GSM1602802,1.255731485142779,0.04628295944509974,1.0358876520815636,0.5556813511105071,-0.46395728076397047,-1.1542376743028855,-0.7833099263880318,-0.12700531151429312,0.2908432666657026,0.7812613060128771,1.2419768310010817,-0.049102245070554336,0.40564005936695485,-0.33275744311903194,-0.44718516061373215,-0.08979234429287422,0.6507997076708122,-0.029606365798120444,0.2083421904029153,-0.760782551401881,-1.1949713755250038,-0.14557232489351393,0.2796330067867453,0.680710691006887,0.6721193965717756,-0.7349565499641014,-0.5903599681114924,-0.8742026738884412,0.1992580590270673,-0.12538980338510325,1.07874234642721,1.0556797145330399,0.5690222961192373,-0.5712284090148988,-0.9338154604180078,0.85089294618124,-1.3309161241027343,1.0919786257835453,0.9767209830304184,0.9521641739804825,1.190241103924881,0.8396747781649929,-0.7569943844364718,-0.17410971538744197,0.3738915703159008,0.5779675859846176,0.6167205770277547,-0.6079484715776192,0.253275179206909,0.016161933573311346
GSM1602803,0.7458911876173873,0.2214329707208489,0.8115111137018193,-0.3601260764542922,-0.905544397839547,-0.24884037118469532,-1.0054414060637478,0.44725842545786954,-0.6873549639703165,-0.5793570166099886,0.6894690926780557,-0.26029395960188556,-0.06367307730831637,-0.6686162475392365,-0.6125190058405954,-0.5780265894429208,-0.3345684138466854,-0.35204006091471285,-0.27957400897341816,-0.889135198306942,-0.9116207612408475,-0.6363418018581523,-0.22297469151629704,-0.09793298809658912,-0.14321899092523163,-0.9491411989106089,-0.7758834501622955,-1.9473602885459937,-0.980184104549446,-0.637553862634788,0.030220912532500938,0.5755203397794961,0.011211063270819095,-0.9145218900683303,-0.17963513614692728,1.2386215110250571,-0.34521223654379724,0.6139881132426217,-0.050104538301565894,-0.7022305530585452,1.419515922276259,0.07631619011019125,-0.11719121779321093,0.41010725714107754,-0.7337202168894952,-0.03651502539223623,0.011856503206174358,-1.6953692577721486,-0.4506093457416928,-0.7127295895382679
GSM1602804,-0.8547768687691564,1.7515252625026783,-0.3806793380782451,-1.1021671244683213,-0.9321213772348207,0.4342443601443928,-1.0171663812147733,-1.862203799250263,-2.07858359826294,-1.7565151121294273,0.4517876917401399,0.8778424690287137,0.18265554106125412,-2.15644964306862,-0.07386898653320878,-2.28684091498941,-1.4186464282295266,-0.12504370292493286,-1.51744312652075,-0.10476191079198083,-1.335873592575551,-1.1811857385825284,0.0036328210095734124,-0.5614400209862496,-0.04051128424521925,-0.0730349960950188,0.10946538308250532,-1.3908672450788888,-0.6589294441912671,0.2708548713465257,-0.9028353026058424,1.1677762944785277,1.5572900514334733,-1.4462398355274948,0.9171673452929282,0.20753337309503841,-1.0990585108662352,1.4876395126143729,-0.7284459475586263,-0.31003316610042314,-0.3531293123892913,-0.7519813541243864,-0.5792874628163781,-0.148870230071876,-0.39984638294846214,0.025586512980432276,0.21142111004882863,-1.181824057686093,1.1554906562318714,-1.268107030233943
GSM1602805,-0.2714479013248164,0.429510740637743,1.0614595392008723,0.9382098185938568,-1.1933347703926682,0.14639669952351475,0.2298066008561557,0.9445519472078765,1.1672913883207057,-0.9403685141036875,1.4805341683084516,-0.379040791047273,0.08946488114800724,-1.0440521940878265,-0.5647940049132261,-0.962716171531192,-0.36615893192293625,0.31698280553964536,0.20131440424031957,0.9906174166170144,-1.4439765537835108,0.5668971558444198,-0.5075796289353465,0.988372040228218,1.5420383960320805,0.8988597891868343,0.8805036756116762,0.07725288546029241,0.03931705981108408,0.1228716126029381,0.5060315229984191,-0.2970523259135022,-0.3102770339152838,-0.9356396763239705,0.9903250788554868,-0.7983598884765182,1.8497181126582176,1.8240026473969237,0.8058890752472613,1.1516144803915238,0.7954699510462863,-0.6664568399083736,0.6052839062299608,0.3699646534645839,1.4562164036770828,-0.3851818691213545,0.5281736779700964,-0.4432755125794664,0.49702849572089486,-0.3828332969019132
GSM1602806,-0.25551666826496233,0.45390738869692404,2.808138457887418,1.082005831838363,-0.13436086823904245,-0.0469914763309235,2.1885236405645103,-0.3176103378552651,-0.11185915763761069,-0.0631696453650797,1.5423232615493312,-0.2818221681434829,0.4143491807832878,0.20500788293057498,1.2198674655042747,0.5266810107971464,0.26297828459427025,0.7710960084347125,0.5508934330861373,2.4483833503201606,-0.699643750054145,0.5246345861886088,1.881925868706435,2.2365551093727,1.7526358847178962,1.6375047867349173,1.6657378837329633,0.6018809497893146,1.2032585854424267,1.4975442047345173,0.7166656518065829,0.22298619711491954,0.5919588866845417,-0.2435919545944062,1.3167015179554162,-0.9599148401552268,1.4146848245542742,0.6163644446826467,0.20681456845024793,2.017520956936116,1.3483567539061905,-0.7965502724944555,0.6539575380056281,1.1670962661585487,1.613883208116244,1.150823391542549,2.397223417769501,-0.10138509460123919,1.7059114555595267,0.7677427527298551
GSM1602807,-2.2819442343901155,1.5569876128819053,0.3267636442849767,0.39280561056494917,0.5913371380847514,2.4472099568295125,1.177541250992594,-0.5722150244166909,-0.9246092145705634,-0.2302359365584655,0.3788923783538318,0.3082991935303436,-0.12301639453639465,-0.5271129225193785,2.1235868841328656,0.08929083511104215,-0.4787467127798302,0.24751544757748845,-0.615435982303105,0.749402117220251,-0.4217832226499131,0.42366522808236934,0.9092557552535218,-0.2592070113566004,0.21655306376484793,0.428598885705452,0.676819605117981,0.7049416228813267,0.26888733485008237,0.5236757135739508,-1.0065101654720603,-0.022136919735156708,1.2998598377045716,0.05982976684204163,1.384415417107301,-1.80850265756581,0.4502244607686265,-0.5681578351472995,0.02815177850535847,-0.04796022510920913,-0.3672716852733253,-1.9970502311054712,0.13922517514125368,2.548086438604182,1.073736368212742,0.15976255363401848,1.727554405581199,-1.1355029024924792,2.5541774870559286,-0.9193899513225696
GSM1602808,-0.7494384960661282,0.7333210665486644,-0.028184661533692434,-1.8768796238078163,-1.6578838560493192,-0.5247177478579974,-0.15647783110038269,-1.5513547187488625,-1.8724815697449197,-1.9372040790573812,-0.10042031309595095,0.8295225290602971,0.26207573446417504,-1.080461378283572,0.5111233004093472,-0.649895783803631,-1.2845498269122153,-0.393306617122638,-2.0982120610997295,-0.7504736664181358,0.49396219807665337,-1.2192916159256921,0.12226614072171486,-1.0858383988229123,-0.8437040421073522,0.17358177171402378,0.28526613226356085,-1.0691712753150842,1.199048539399166,-1.6094991082303112,-0.8695967010089614,0.7437590276034441,0.24040224108432465,-1.142500016035839,-0.6482801232039147,0.41098331976764035,-1.6221494588099716,0.9936601333846351,-1.3298888032300171,-1.203535914770772,-0.5107650810246903,-1.7471935895087847,-1.1850113044776418,-0.02584782168936479,-0.10386485871490776,-0.06897824112087034,-0.8903326342214288,-1.4371287496996197,-0.2923806828415293,-0.3472916532300031
GSM1602809,-1.848474784412678,1.99611602090617,-0.1490142644816744,-3.0340247950158497,-2.223773958906384,-0.6529634140934159,-1.03799581621874,0.48307732197456493,-2.6377973391409784,-2.91681691602774,-1.003033390871517,1.3875345179299499,0.7768604015987414,-2.6908250170650803,0.5631690759089668,0.0076541602685990745,-0.43810426598092234,-0.34488489673331346,-2.5245326705063396,-0.8101941527588675,-1.2113419689996943,-2.99810909214929,-0.2551659108436769,-2.0216484756184463,-1.636060348401229,0.2077223538090773,0.44899205349477184,-1.2320664929799985,-1.9213636643163532,-2.4172890994439973,-0.4049329273894501,1.8586323050881584,1.7290927833038883,-2.474365084397626,0.44435612602054103,1.1312117679583262,-2.5828999557659666,1.2838091181121274,-0.274532804712616,-2.594301896020596,0.04432910731831604,-2.2154061618680005,-1.0764292399040103,-0.6504101699374697,-0.8983951015337653,0.7587503784800809,-0.32600484948842057,-1.8937423973046796,0.5389541007925631,-2.041642891536661
GSM1602810,-0.795534324903861,1.3075649965169862,0.24949761233848522,-1.1947644907526742,-1.4537820676632807,0.3033327614331703,-0.20307033954776607,-0.18632171968086184,-1.6327799157096858,-2.1158752160934475,0.32600284526251566,1.5579178394114606,0.671562761820384,-1.8176585114900958,-0.7683025397980114,-1.2759358949765736,-1.2240396494871546,-0.5612202714918197,-2.3345056131631488,-1.9539654284522765,-0.9666541445340934,-2.2013235483358007,-0.22926511342898612,-1.3541186292561767,-0.23011127559949976,1.2891355145515355,1.1851984422619568,0.21776299917799494,-0.5052207143775241,-1.6081162084846672,-0.513202396386515,1.2029681152633938,0.7460082830209441,-1.3188224842337837,0.6918284613375819,1.1056819740109747,-1.3241430701500052,-0.579098532328843,-1.0147563422472545,-1.8430705044886533,0.1217734064992119,-1.470327746803851,-1.259608902668133,-0.6623146115513263,-0.49201207168564226,0.3641208377935779,0.3234245216522853,-1.4088727265129333,-0.13264980986329222,-2.013037707879046
GSM1602811,-0.5750322149682757,-0.8674248018806204,-0.2040082327639756,0.4024595774875581,0.12599985685042966,-0.6967262465776349,0.5004187107737361,-0.8553256724670378,0.18930133064190546,0.6530188490021441,1.6426460003812628,-1.6508956298244617,-0.9208070913709425,-0.28471871884872224,0.1941306625904022,0.6972212608426533,-0.8979638579968673,-0.45053917452931663,-0.19556916560833554,1.3146173148341023,-1.0031701708189078,0.2099246259481522,1.8015744860089957,2.6974220021293527,2.451954205127699,2.6941145684371457,2.732011311167478,0.39169514152821366,-0.011610588371710813,0.2408538306247836,-0.20140019610790214,-1.2143910920808734,-1.6598459296367152,-0.46704706555848763,0.9272556469757104,-0.9866180968575968,-0.3705224565844534,-0.9652011363314127,-0.9163933171390846,1.4140077421043558,1.219934691801883,-0.5975944406248332,-0.8023388878214738,0.4099338251620753,1.7388795039198528,-0.4434223128964051,0.11959022473212497,0.571168454380886,-1.144787178809529,-0.23545041846244694
GSM1602812,1.000938873895058,-0.12463958657767414,0.9049055074014513,-0.1287144264976121,-1.0998496788011376,-1.9626024605815153,-0.38768108494891323,0.563745074462353,0.11247510455765414,-0.563693749432082,-0.37853878878316455,0.676328360951287,0.973777422472343,-0.520220821785368,-1.0948433807062192,-0.16521084332232727,1.1098820334391166,0.4591738896325638,0.6304267894834524,-1.0669413709380726,0.6216486282797624,0.19681347978137773,-0.39394831719527607,0.6223339972506731,-0.7115748365286084,0.11653209221764312,0.15642908755674678,-0.6812335861045331,-0.3248165555849311,-0.8923160895186134,0.5288050101662023,0.8698251344053733,0.628687905463,-0.4989145456045139,-2.3911756050865614,0.6943823004755804,0.17573859409045509,0.26311367686734943,1.1118834021985158,0.42087329044597,0.8280785136953492,0.636532898622525,0.6715211470333735,-0.04191964509847511,-0.5239201346075667,0.7212365495085161,-0.7077634076125402,0.40947732767441364,-1.2141035212389162,0.515853684852345
GSM1602813,1.572628990215731,-1.003663301242112,-0.10468239491011906,0.13600916993414466,1.3396324585423551,-1.2855710440859782,0.8084988252242018,2.6655651996190146,3.375706484977187,1.353052924561619,-0.8503046093148964,1.8483329566544524,1.0412003023845469,1.1704977583822362,-0.411327676662511,1.8620206265434078,2.8967007550465316,0.2271370934585302,1.1172421546947493,-1.2235426925219612,1.2816485034921752,-0.7105878582651874,0.6942481544509346,-0.679029291494835,-0.880062450141548,-0.0012124361542108905,-0.1840593970727895,0.560913708631192,-0.736274811346045,-3.110489722505294,2.136218999669716,0.9622904530282834,0.4662596770664337,1.4056573421881424,-0.810614183658012,1.9942671039254514,0.24116460540121706,0.33199748171600724,0.9494131836617347,-1.799836522469467,-0.7541612374091685,1.8214682145146004,1.546724956902478,-1.2920609625073252,-0.34378753241847004,0.8008265659970919,-1.3640727531470374,2.172151915555102,-2.2269750822207395,1.921526025538328
GSM1602814,-0.08600630196542691,0.11964069220501068,0.27752154662298617,-0.22506028600051967,-0.35106750567268236,0.23639820954741692,0.3728296635722102,-0.6987126581093059,-0.09901130672922637,-0.9508751787273368,-0.8174201420093031,-0.6147161109212296,-0.844125171845665,-0.5380630866580014,0.8490885972615279,-0.5151005655507648,-0.8632179553105427,-0.2922421802744874,-0.5836658401852898,0.6384341422609671,-0.6571457926443354,0.9965445212967873,-0.22581053447586855,-0.030324630754432175,0.5474850471181839,-0.16834341030932226,-0.17018336445234253,0.6835339597032197,-0.18404016536018303,0.9664860749373797,-0.23472791845291624,-0.45393788854355416,-0.5291085651927356,-0.25368637029472874,1.5530731794116377,-0.5777107877932102,1.207820910287117,-1.1458610046124735,0.28801830068468137,0.6359401460062868,-0.5529867855248842,-0.9009049362355368,-0.08647397766058096,0.8315795732653516,0.9098977527945429,-0.5125338674659622,0.7937177231588428,0.21499320348403325,1.1188685886219598,-0.7038011817825683
GSM1602815,0.7765723685585303,-0.34962930096357925,2.4207705822322207,0.6894783014670616,-1.6358338517620188,0.533484863659715,-0.09937253666827042,0.546314231302081,1.5047382085825158,-0.7674193189040951,-0.57506703882475,1.6376418312217762,2.506144473712704,-0.9967736300443562,-0.879678738007681,1.2652108577174523,0.52356081507057,2.695072833256396,2.0827075012220724,-0.8195416623136198,-0.9504769426335632,-0.7638600721113391,-1.8279539357624495,0.7628558461680949,-0.5201616122515508,0.092339965630018,0.04542173236700584,-0.5544032885842072,-0.6251067349907822,0.5465785793359058,2.650581044189748,1.605871733618248,1.5497327171673374,-1.2484645799540077,-0.8419863467380799,1.0659633073158847,0.00587999013980678,1.1058567403071358,0.6718675239177864,0.5966621110585688,1.5555948406770392,0.300785639406651,2.0629518170375505,-0.8719794470689531,0.6118984786868882,2.5073823060818,-1.430009863704564,1.3735419804714113,-0.3510040621204172,-0.6779374520052645
GSM1602816,1.1939055412807835,0.5572130402394277,-1.3752458271094028,-0.6718520523305195,0.3432930349148516,0.3247952232638251,-0.12493725460838162,0.38559113912401505,0.1400610266606984,0.17465093577207574,-0.8082446076379008,0.9332034750463492,-0.4906474363223563,0.6035774713419408,0.6760864173946518,-0.8179502999470262,-0.3107052601038344,-0.6105578788513752,0.25058145121176173,-0.40994448207224354,0.4242951445524112,1.3549563401924698,0.6865022776640705,-0.11341100223102162,0.08688173082298177,-0.6583488705265919,-0.7080556879127361,-0.3159126210529298,-0.47523485641962043,-0.5086272007156153,-0.48493293450672853,0.05371045860560162,0.16990556010167016,0.935053633565547,1.2254268542481077,0.623130279491126,0.6397435711326361,0.24758162242561102,-0.0035697699686055534,-0.022769729933148384,-1.1779262661973968,0.3388114908943563,-0.3844261763085797,0.4696334259143015,-0.4167421091906665,-0.2323154629164144,0.09828202810416166,1.657284317520843,0.5451451674420411,0.6742025973215282
GSM1602817,0.3558462851356413,0.7517391471257165,0.3722113960527444,-0.3813849433069247,-0.90994673127716,-0.24745785916991228,1.9952198387444522,-2.6975445504328497,-0.19197024307213428,0.17719801198437643,0.34934943371386357,0.7937856794804408,0.8780509132636608,0.11496034779261059,1.4654701405252903,1.2024308202909093,0.24488304267456823,0.672598714874388,-0.37972971486400403,-1.6311584619220274,1.2803238403145578,1.9923162236924632,2.7180505258517966,-0.704725388033197,0.6346911798372312,-1.0339274763880142,-0.48393543658932847,-0.36569866097138887,1.892954505268463,-0.4612497729309435,1.5042476993980156,1.3512276240961019,1.1320810746271286,-0.006795960786493658,-1.0956570696472128,0.7633743618749369,0.7083888690098821,0.09190386061193276,-1.9198014298819217,-0.41812334840079884,-0.12475195770456886,0.7728330841898459,-0.3323724810584318,1.662032778783264,1.7174888393666177,0.9645678965240093,-0.37557586198441956,2.1161490971189387,-0.3262051059713312,0.2668731314476206
GSM1602818,0.9965815619536792,-1.4816814500416047,-0.7660331536568643,-0.9713955677119704,1.1742791811168476,-1.074888178538979,-1.4965968106361047,0.032079945886747736,1.013319720743085,0.4695127593379446,-1.901073668754619,0.3970155449351567,0.5987897038877869,0.4074505645581049,-0.1681802221387033,0.9740770188234028,1.0204865229175661,0.20176719028320833,0.6846908559777221,-1.3164276003171205,2.0204207518110215,-0.00591745549895308,-0.8560594483430523,-0.9574034600647855,-2.1496248904843847,0.5099023587847392,-0.011052098654443916,1.8598066383872711,-0.0512844980511738,-0.3117466803584727,0.8326451582468779,-0.07827815109859325,-0.32839509195480293,1.0034059051728415,-1.3453334136038186,0.2530965496074173,-2.8670136913440314,-1.1369429083367222,-0.8319895061693077,0.21748948267098817,-0.3444383533630489,0.7625739552721306,0.5329409445659113,-2.4169087882211913,-1.534435474114637,0.04817336661532811,-1.810253840146113,0.5033828660729491,-1.7176830475816758,1.691766142816798
GSM1602819,0.46089348211316816,-1.01041686423167,0.21613067979081943,-0.4465637176230282,-0.7664059260602141,-2.2494761037527695,-1.4922463505497934,0.3854122379456366,1.7708580941474394,-0.45530223648024376,-1.135349934349385,-0.7562082044247318,-0.6170659646926127,-0.6587441593405019,-1.859585516624615,-0.6671578158907582,0.10104544771251601,-0.5444400055088698,0.7404859351691336,0.34958583044384467,-1.0584810107081581,-0.5433887535726448,-2.4668505719012526,0.17868668377761018,-0.9096331025166613,-0.8226080796849455,-1.0852552633729937,-0.6086986379073428,-2.4501105530064673,-0.06177884448436583,0.4575055503601426,-0.6202196827273339,-1.1951880454518873,-0.9391564673185478,-0.7597023979266464,0.664062127480816,-0.6803139100256347,-1.2152541144221387,0.4796585713903923,0.5354770989536132,0.4458981617788977,-0.1464612762001127,-0.22205799976172894,-1.0169452880752805,-1.255548556649558,-0.6171591049153823,-0.5788568367866848,-0.46478776171005987,-1.9078522924939325,-0.9581505444949734
GSM1602820,1.8487279830823358,-0.022890470194544883,-0.6251677722034548,0.6733024674905518,1.2467207184005635,0.3023357535356246,0.6830848563583376,1.276163400785361,0.05971711239871257,0.46273827404221285,-0.04418594814171928,-0.09888374632870131,-0.4577453821457415,0.9468119591518552,-0.4851676687326164,-0.4171992545974159,0.922209749306872,-0.3524117731656278,0.4547521562329801,-0.7494372493619726,0.7013121238590163,0.5345669030272275,0.12989316702415532,-0.14213178235,0.26878292747219223,-0.16549536346716143,-0.1847346273331106,-0.016847282330587687,-0.6443200801092163,-0.5764091643474786,0.07744061472360482,0.13038988163406134,0.15445306427284577,1.0799776108537507,0.1585094454083974,0.6077909760689125,0.7912583262483631,0.9180822147067373,1.0880388840969053,0.09306345165675095,-0.15156918385003626,1.085509798406831,-0.7778515658346385,-0.329147984596645,-0.5783869903499435,-0.2531291909570673,0.1318501386243839,0.27708296285184475,-0.19521731217612903,1.1730037599777707
GSM1602821,1.3923077331745997,-1.579303123576715,-0.16621880524619675,-0.6616812058382668,-0.08867210735745591,-1.3868858962255868,-0.3432336165980423,2.11282933677012,1.4685515840861858,0.7329404968153201,-0.5841264544563692,0.02076856065708522,0.6329573691524781,0.37791506648603884,-0.15784813457152422,0.7267850311571317,1.4108208596372587,0.9629277005856723,1.4673522462999513,-0.3097560002385424,-1.0123404766016342,-0.19643772202812818,-0.16481230660585885,0.4683685893835212,-0.4926479954537853,-0.6394444234632259,-0.8015408928649893,-0.14865365560831348,-1.840531911183376,2.0527443167627406,0.835981778022324,-0.5121386505463958,-1.1645017615665751,-0.5015603705139764,-0.5988711209973433,1.1616025482051886,0.5598388931102645,0.10403674693155142,2.5998365731201836,0.14586053774012808,0.6577312942116269,0.6014620709405297,0.8204600544692481,-0.7798382225494773,-0.9140110599936542,-0.20622187224911576,1.1817393692039877,-0.241593526603403,-1.5830701509517138,0.47943326790989504
GSM1602822,-1.2995928640791143,1.3355926163996257,-0.9403618787098388,-1.0161419211129055,-1.4660960348661263,-0.9139886394366823,-0.5961594780343413,-1.6981865929743194,-1.6839577468486886,-2.4712631892894223,-0.7322379963057539,1.1316454597747856,1.2529862228784763,-2.6387782996756126,-1.0352408447084618,-1.546702525228106,-1.0170727991212392,0.6718535864341588,-1.3253853308266887,-1.333504999784509,-0.4487308072552532,-1.7493899550501906,0.39368053225918564,-1.786528935271354,-1.2693835995540819,-0.4509632704444163,-0.17964998912359795,-1.8218453373317776,-0.9975045403231839,-0.5077419614728425,0.3855154235384887,2.4337652954359696,2.7554362945409085,-1.4110548681298634,-0.4017319261991741,0.20447820499817412,-1.4208785864800517,1.189448304011514,-0.625528182427854,-0.19436104896360573,0.026230562139133752,-1.9563451120268056,-0.5691314069765555,-0.07931807513612278,-0.6887192856620208,2.611966846370924,-1.4377830831063945,-0.20116586145771204,1.696259320640428,-2.4043025176385138
GSM1602823,2.3474796571690217,-1.9293167672653058,-0.8544331938724774,-1.3540590855397039,1.1149032235438585,0.04525145103850148,-0.1393575747611203,1.9960614038338769,1.7033317704672308,0.3266904838008503,-0.7010207683905678,0.8428956550577267,0.6338440903581165,0.5697390339443105,0.3216456789491672,1.7193424435319546,2.544432250063739,1.0568437127991221,2.3395132026479657,-0.2392934002740845,0.9778176720111625,0.8803683350328594,0.16167899709311292,-0.45449409275910957,-0.9672969289134132,0.050095922378156355,-0.34296498735125147,1.1469443920719034,-1.0889755889972341,1.0286806133072,0.6199319626527718,-0.4042707055743089,0.3582970968525158,1.0792660975824466,0.8382688973611999,0.9980053182055719,2.173821616337982,-0.5073788014227498,1.9485812647059628,-1.7355597034843682,-1.30747736906093,1.1846430087853652,2.4010135670657005,-2.242872659009913,-1.3031392204922023,0.515941231615768,-1.343297892540182,1.2059554746306138,-0.1383441011947697,2.4618829209148663
GSM1602824,-0.6694500822716408,-0.8753518346379279,-1.0828640970326415,1.8820136545298194,-1.22609132541429,0.1175102794501354,0.9421195582833669,-1.008972663731571,-0.47635118614519123,-1.0695309957334203,-0.24073334040079908,1.0754172428111766,1.1533096280779636,-0.7280940941867069,0.25829069669120885,0.4977082847592806,0.08009906755139952,0.9595160592661027,-0.3146443900557379,-0.7466887195084789,0.7958280295678742,-0.6657899417755052,-0.19909086418283728,-1.85863035950484,-0.5927678972653477,0.2766965597249401,0.3311737817172941,-0.18687227527711214,0.9172471903276241,-0.565906595981219,1.4048137310073268,1.7173299425023507,0.9686738148207664,-0.6470583105442662,-0.10298449779258856,0.5575454465273503,0.06207263090061262,-0.31644471362040566,-0.7650081229313619,-1.5792956341115068,0.12544738288495688,0.805187040594141,1.2598675924551443,1.445439155611486,0.9639373708846601,2.58445424749187,0.668247365783252,1.157979249698316,0.36671724230818065,-0.9001032397666244
GSM1602825,0.6829066483179063,0.27947137247672005,0.6185554198206353,1.034823676067876,-0.9890273617210388,0.2249553019952184,-0.1454489511467427,0.5554548217125436,-0.2791324336307633,-0.634236879470119,0.31241894565372125,1.3108065812088376,1.5751641298084107,-0.028869699716654568,0.5066615367663378,0.776872189928202,0.46966896776554173,0.8124267263662519,0.7028106287773175,0.1417604957397681,-0.5997703954959362,0.6426211140910808,-1.13946014312291,-0.7292206698269871,-0.0198641253078869,-0.09866811132931788,-0.1602334011448532,-1.2731006779119727,0.7880680017522093,0.5759490511055173,0.2790273627122841,0.7922381564651235,-0.008867425244851696,-0.766866602632689,-0.6819019615974119,0.58190671876701,-0.08480209507471918,0.9108207357797459,1.0978182262491583,-1.2491137644469508,0.8200623863113574,0.24910510094617616,0.11612351848294804,-0.7083287669660119,0.34924097986175123,0.8536357919185372,-0.1468779500825158,-0.32316850171706346,0.0008995011304013625,0.29993907468440634
GSM1602826,-0.13266513678146913,-0.40524848736977265,-0.5209908359424752,-0.9679720333180777,0.34688865628469195,0.06972799799881808,1.0601939457105385,-0.6799477293662033,1.7705586822233805,0.5576071001026585,-0.6194592600165527,-0.5931523764302308,-0.7672270055652408,-0.10452691869028195,-1.50188605677232,-0.5856999591468443,-0.9802552406613716,-0.2829446900367489,0.3061267347883613,-0.1740764266758332,-0.621662170381399,0.16671199830321323,-0.9749000208317087,1.059196861607266,0.5484684077006425,2.2730688280583546,1.8560177550805075,1.7473013146423155,-1.1398732890453551,0.052105718985948575,-0.3546963246286257,-1.8276134588654438,-1.3468725808424602,0.23249739197617997,-0.6798263676040338,-1.023898177698191,-0.797047032512743,-1.5872524685357725,-0.8398366830918749,0.42148884479682985,-0.38260063649670883,0.750504693758119,-0.1706949262903753,-1.9796426837969578,0.16964519740019834,-0.6216955493549634,0.5789251002758908,-0.2728669054534422,-0.6323747598610315,-0.2481297922168615
GSM1602827,0.2807902554964503,0.11295376101999872,0.4896903125037782,-1.2589440306041817,-0.39680949583999997,0.09087577439607851,0.08652831550357391,0.36392493139299337,-0.6362119384650624,-1.1256267939052915,-0.3309106180041621,0.2599908431906081,-0.23270393020397076,-0.24310760948664029,0.08276939754249757,0.26852712528151335,1.0024979931788007,-0.12228379988073694,-0.2105003810476858,0.2969278822412044,0.8873230227234341,0.4500453128695556,0.018824000613177235,0.45094874154520553,-0.34739892028736363,-0.2898482615318244,-0.2566907753933398,-1.2567026212344192,1.264357401938203,-0.3274621435556359,0.41985371325062504,0.08966157079406409,-0.16692871594333328,0.010386208461557347,0.5291123806638544,0.12993432717525388,-0.0382851723362404,0.9599168415886188,0.84885880710307,0.45560344936417013,1.1281732786643675,0.10508971715636166,-0.391475153076228,0.6872226075032739,0.1043403308977378,-0.18901502505645437,0.3655924717289299,0.4756676828115647,0.32250584419789735,1.272906606279163
GSM1602828,-1.257368920056816,0.3603494785873208,-2.5157203250969467,-0.872361614874993,0.6136447970783272,1.0517725797978743,0.3533972745669894,-2.0300780484168146,-0.9629349986084291,-0.5649312363329962,-1.2212370465203664,0.8336197279083406,-0.275785140715608,-0.21387003195078497,-0.22746499136043152,-2.20415297752596,-1.2050439361706249,-0.5490748240087262,0.42755371623887684,0.8896039669636893,-1.2435990509643777,-0.6828253386241577,-1.6174187619464684,-0.028849133247656915,0.1627254703508633,1.8959985871806215,1.456774005899682,0.6483441874008432,-1.3168451014291156,0.030237848367194176,-2.1612105464730367,-0.28248762161959473,1.0210386895569221,0.3584357377048944,1.1970608082110061,-0.11495846787492976,1.6624226869686822,-0.39796556543429606,-2.1031424252024236,0.01677407020275082,-2.148167855582444,-0.977249593436671,-0.9493404114697368,-1.4344852963132935,-0.2163658372255582,0.24806471464097324,-0.5590965837841221,-0.47733641624478446,1.3072436455979115,-0.803308797564104
GSM1602829,-0.625363781865707,-0.49752461094626277,0.8717589677441404,-0.4726165595083562,-0.9253931196511853,-1.163669906405462,-1.3063425203676884,-0.004244918764414915,-0.7400488431109625,-1.0347325388838167,0.3615119887479564,-1.5587693646559395,-0.42972708352217726,-0.7904540601688057,-1.233109784235943,-1.4101882670461454,-1.708984533497524,-0.5348871921173558,-0.23359832217789417,0.9358268648547201,-1.5118909211145481,-0.7244657319785787,-0.8225993017083397,0.9652826797915793,0.28294869813978596,-0.7574360506445771,-0.7048331153402891,-1.3582760340728806,-0.872019495480957,0.29978311003621766,-0.4944832128169686,-0.7285341592341212,-0.9957726427646296,-1.4694292089052647,0.11211777300809313,-0.6152702890014836,-0.6868308487766364,-0.5510702198612417,0.6481057512554325,0.336064710455997,1.2514605277831314,-0.4882089996331363,-0.8645616159464087,0.9025732149931289,-0.08631661631197138,-0.732372499940852,-0.011208036036957187,-1.5083047181876077,-0.4312701658108014,-0.27107353274268353
GSM1602830,0.24618791847294091,0.15484402085439253,1.1418936080796174,0.05922033703569712,-1.0673010573689412,-1.4476784123170394,-0.7521751124765443,0.874683680366885,-0.25446490370717406,-0.7102340431024554,1.5309944776128033,-0.38486237636451626,0.05869724953491039,-0.8931524795727465,-0.7874096522414397,0.23073336732026273,0.4140405114201999,-0.2510908341190103,-0.1131099241136322,-0.027707885977654955,-0.8280145843539539,-0.47507429693894787,0.41568726456537847,0.9385765327369086,0.7072296747035302,-0.6108226611876728,-0.3952889998413144,-2.3910836434522875,-0.025686243042020385,-0.8895254793044108,0.6341734659398708,0.9269073313722141,0.510855748562814,-1.3807845144560777,-1.2258664615523172,0.8610715980655943,-0.4028796693534883,0.9372330560468365,0.24697000353088563,0.1896970127081938,1.3895206999962881,0.0752169817779241,-0.7376976958401433,0.02928680170618556,-0.07939956991858853,1.110607451214963,-0.7928993052237874,-0.5273182891754911,-1.3438275725659914,-0.5348887653246162
GSM1602831,0.10482786989989999,-0.7297269853610767,1.256758703080468,-0.41980654244755206,-0.5911924728666739,0.007883961805036775,-1.049445239606229,0.624446163910204,0.39962742129666806,-0.31075249926146364,0.6320018530469451,-1.1154130029193212,-0.545555204634926,-0.416298911225909,-0.4603083752511371,-0.4292837165047201,0.13409092220167404,-0.4178979987935183,0.5864996432006698,1.6273333817592412,-0.6136419179463055,0.3540746848182039,0.010225051765475888,1.2628735218527256,-0.4900109700609316,-0.5670775867600741,-0.5480149933336759,-1.0758638453842015,-0.028833402360235075,0.7627325059937534,0.6610308779575647,-0.3994102620515827,-0.9963073271987976,-0.7780161258388909,1.1201460783744877,0.11728596949020433,0.2496224820524496,-0.0808055319966306,0.9321474577174027,0.9586917957147012,1.7510727567317625,-0.17501095365926134,-0.8682583778364468,1.1696230654380173,-0.1246726315036676,0.15250108437549498,0.40094059032197366,-0.7735662112988576,-0.9221836498117685,0.3054980468811354
GSM1602832,-0.9662594867919052,1.073896402559325,-0.36924174109560115,-0.42812009386706573,-0.42076115897016303,0.42401642253537214,-0.024182959793810247,-1.1083153081604997,-1.0892052711045201,-0.8134996885212816,-0.39164682692029307,0.41895537544925143,-0.448081323209948,-1.0774933693157254,0.2147930641631189,-0.9405243534234833,-1.6500131001664828,-0.6141320700668897,-1.4988946436700754,-1.125968430748459,-0.627258613522943,-0.4344258241069758,-0.37480814026845516,0.18965118088377395,0.4833786082060915,-0.017246966116834878,0.01402011579650366,-0.3779822357519966,-0.053968862870018466,-0.860441361190449,-1.4091543390253303,-0.28581197578103,0.6800818258780458,-0.5055027023563502,0.9111401157287138,-1.0086147669155463,-0.4313003665458495,-1.0098282688583884,-1.488209713401461,-0.07475131822121404,-0.8162735894797305,-1.0225476477105833,-0.5379765964382858,0.4310680037721265,0.38988797570367856,-0.5908815786060305,-0.6967107045148396,-0.7843627014523419,1.1654803065713975,-1.7774466262587754
GSM1602833,1.2808230008017585,-1.1233794896587395,-1.9216773224392185,-1.2658345362821708,1.4567734155694836,0.8079450784739858,-1.0975221636765224,-0.757454757805006,0.565889822253615,0.7861217555007919,-0.8944485972986302,1.678043684581456,0.9986774424558723,0.6432419077833199,-1.8170101117413393,0.37642085509365814,2.553947588822426,0.2801373952966919,0.6977959525644667,-1.4978431640209442,2.3197818445671907,0.11736974381464246,-0.6944423626909139,-2.160934944383545,-1.0942222757119362,-0.807382530356076,-1.050141719467779,1.1422169628081296,-0.27843742183322717,-2.2718265172001924,0.33953574684312476,0.18069941525932096,0.45918594650333927,1.3301308486297563,-1.4577374198580835,2.4669578971375183,1.5155238204588477,-0.9517381598709941,-1.526090063384262,-3.290421233727257,-1.1666486126246254,-0.4612302000900108,0.829501111427103,-2.282621941819371,-0.8291403529841866,0.7437061100329739,-3.238539250813665,2.330144324245434,-2.7297162803198862,1.6138527241679188
GSM1602834,0.22620390692768733,-1.2190008870879576,-0.3323113111630692,0.7122099541314726,1.7510986462665399,0.29630442790323247,0.06634591894315352,1.2169346267520451,0.7978169574289048,1.5533165736979164,-0.8929631576774401,-1.2152535636830148,-1.1991671857238024,1.1467910679572142,0.48888660160683883,-0.2565165156621768,0.355380020751864,-0.9702383031592913,0.38496887889182974,0.641912344723607,0.1524229358800697,0.8002795512144975,-0.3222813088804872,-0.01798328323942378,-0.10958465894824729,-0.7327292596545507,-0.9910839394114805,1.174359262356698,-0.6364905944876283,0.46050396661876697,-1.1010785217617227,-1.4801840312171053,-1.226629993682655,1.3647505030853968,0.9887939789615632,-0.7478213676093918,0.572917078372562,-0.9463020070670726,1.1268512371024093,0.07573837982011919,-0.8895374352313601,0.4669984178177525,-0.1189418367511512,-1.3144305024468066,-1.2606036621006829,-1.4757608703710081,1.6767853094307663,0.2799903433443083,0.15661667198185542,1.390762434219717
GSM1602835,-0.7817816691126279,0.9446038627221818,-0.7530310462274946,-1.6895514375767207,-0.6789317768622001,-0.36757714760294746,-0.19627347839238488,0.7048397413711968,-0.7030506763971908,-0.5668153452228735,1.1135682823638209,0.1361706292481648,-0.17287895110791757,-0.42370410057372304,-0.4028268881069716,0.39493780079510815,0.3249216119694263,-0.6301474282716047,0.49714840059497234,0.17614804827705804,-0.06344799100832425,-0.37040544420091465,-0.03601276874052064,0.03204167207323459,-0.03057970795784348,1.718936048585931,1.924251123424054,0.3610338566032185,-0.14272156184946824,-0.9256629722155388,-0.5998193327666141,-0.08287698161731472,-0.22884423597032846,-0.8229145525312455,-0.5512278361403026,-0.19708410229558626,-0.036395568955653795,-0.7161443697795258,0.8436468905014969,-1.4605951243943953,-0.12472936757343042,-1.6804085658790349,-0.6665310332592175,-0.6945153428662343,-0.45202310973418414,0.08580274022669815,-0.21379486895774966,-1.0661478757108294,0.15288313707870874,1.085928179795031
GSM1602836,-1.355485470245321,1.4904457227486145,0.4281660669646599,-1.48080170278015,-1.84799509255378,0.10085294826096831,0.32466229064243374,-0.7492425548731679,-1.3020194328823262,-2.077831674757486,0.8896056691856036,1.5135847618738245,0.6335271026465303,-1.5445404472936919,-1.4099307756592487,-1.3081647021221665,-0.6816251857188347,-0.054594136898871465,-1.0289209330525424,-0.3080132775230995,-1.6867654401396275,-2.553402697703375,-1.6585592823728867,0.022591368491678827,0.41647921435580204,1.9095074680751987,1.9531536221438108,-0.628165275106976,-1.0225944829917128,-1.0802067235735238,-0.6103923691195762,0.7988231546561395,0.5562366068083107,-1.9819229983093172,-0.21095849939328176,0.6786158115605341,-0.5735019859969043,-0.3245828513952922,0.018492443190753827,-0.08238006259982283,0.4588665475529856,-1.7156012302170294,-0.21947762377927657,-0.9901241511422818,-0.08625163916756112,0.07757964434977772,-0.3760652788228498,-1.807077502306416,-0.68561837920496,-1.3382912244254355
GSM1602837,0.4604833622593198,0.7894553430770263,1.1186641300981899,-0.29283937773417756,-0.766618165417713,-1.1785557282757373,0.6658205023099518,1.3948056833209799,-0.5312183009768887,-0.10269213874632684,1.49871721659306,-0.5850303455381705,-0.5375306846959581,-0.6443999725573558,-0.41968102991814815,-0.5562789707670766,0.3985313827026571,-0.5777503203655214,0.44066146263714673,0.3732770288431906,-0.8877864648276677,0.44007660684009986,1.0959656700058689,1.100983417797287,0.8162542972809176,0.8223666433874736,0.8916379528454638,-0.2147828011767996,0.6169541634577359,-0.19045025365263055,-0.023563530392784353,0.06005126495559792,-0.24679454812166962,-1.0876968185082623,0.11695025749984436,0.524653531319877,0.31801887034435067,0.06897740772683772,1.1953064172857677,0.5100459364330853,0.9637860830952741,-0.32005412433842756,-0.8098293663147977,0.7012727336239879,0.4330674107634108,0.08144178370561815,0.4150688746578797,-1.1311467886082522,-0.8086089701779091,0.5161377640820688
GSM1602838,-0.5000982557073724,0.39457732330599377,-0.3822811539412914,-1.39648136345399,-0.6725178759414123,-0.2117257438343321,-0.6373373625199078,-1.0723495978724404,-1.8721809354213048,-1.0601647356974964,-0.5708284113645511,0.2804088406422514,-0.8791443785747731,-1.0850775902459848,-0.5757761510430863,-1.841592895004564,-1.7773553342044106,-0.687613235132459,-0.3758449806255887,-0.3605648050382387,-0.7131068505542094,-0.003349626588122061,-1.3803380435652948,-0.06216345401118947,0.28350287204127655,0.2994211106453638,0.134214794179732,-0.7072483250176897,-0.9247427999258242,0.2933297199820445,-1.6810650215486687,-0.46141625571612277,-0.21188235862377658,-0.3927677644286044,1.661837186422058,-0.27382447207758887,0.5421883754439348,-1.4464588457453411,-0.7162450928190729,-0.919530903708665,-0.8158378389692554,-1.147536955246218,-1.1525121867393104,-0.44927319738995464,0.3505052081960245,-0.40257915777503805,0.18336264519486048,-0.31540060352495636,0.5763657899129119,-0.6322186780917302
GSM1602839,0.8878583184708337,-0.7361722573847905,0.7591286855243565,1.0423564146590667,-1.0873073109948674,-2.5158810387482897,-0.7298967608215304,-0.49033507438629875,1.559869681250297,-0.038592313770027656,0.16664349981175175,0.2858820475641713,1.3135220056850028,-0.7578111544065631,-0.971997833084001,0.030056611700057072,0.9619119215507583,1.4192558222555058,0.9734678476003136,-0.4911511261163967,-0.08034894624219453,-0.13655892756206978,0.18076859560151293,-0.14532774514945526,-1.1337778717531635,-0.4397397724969502,-0.49367593451776937,-1.122818320315862,0.4451974406931638,0.25842372707102573,1.9292851754500298,0.8924948384359838,-0.5359566223296316,-0.7869512764032561,-1.3188624367914266,1.4149590071557994,-0.15279736051437262,0.30322867074226856,0.14652601530424353,0.14109489797918098,0.9356464109028764,1.0038873156774915,1.7653979160157443,0.5074743728359639,-0.517909407860689,1.54587572921022,-0.9629992826853605,0.4128192787398225,-1.9580195818703474,0.30653340643523547
GSM1602840,-2.3762216367930935,0.6046390247183707,0.742298797022327,-0.3950661397843336,-1.6907565723014386,-1.5027360858688674,-0.5678869078904136,-1.4853320129080374,-1.0900188036120184,-1.2000147112483257,1.013879187941507,0.18885465908761476,1.1812164774707958,-2.068015015099944,-1.6322480957986598,-1.4765741122909308,-1.8432760890800828,1.0485423676478598,-1.2130210375755408,-0.3479036947204153,-0.25971268836779043,-1.471619557076729,-1.2079418399776438,0.9257559316453846,0.40242431836933423,2.3952429974659797,2.223834137835406,0.026949955210336513,0.2322241535436139,0.41229739380961117,-0.3078980083142288,0.21569494267888245,-0.1188009499150835,-1.558942104779828,-1.0532222091295906,-1.0563307745069337,-1.257556607432976,-1.637578659059796,-1.97517355384056,-0.5460847471856993,0.31328432801656275,-1.5051066867815732,0.9125605011262476,-0.7507002594743916,-0.09294769637037385,-0.08999748196759033,-0.6917525218213842,-1.225126022094917,-0.3268055527547357,-2.264446786330679
GSM1602841,-0.9474720508929099,1.0372207934097502,0.19942422663993603,-0.4029341558315493,-0.6798415286355901,0.77251618397393,0.5540992988650325,-0.744106180636544,-0.8063237984971882,-0.8458303991197738,1.0734087088248667,-0.7324444317345062,-0.45725403667018333,-0.46027530713898346,-0.3210223489978777,-1.5629934547497562,-1.030230951929483,-0.4096760407925044,-0.8966753184928598,0.04594830313417645,-0.4027059117571847,-0.15948743451130204,0.7431165514926872,0.6424907404718369,1.151149850064651,-0.2352983815424097,-0.004761748083914669,-1.1152577135804236,0.5715853087435214,0.5549210543423386,-0.6566580990224896,-0.13666648068281603,0.04770267446033996,-0.4202631521312915,-1.0323333280782516,-0.8996380910037616,-0.13417613690909314,0.35285194314475476,-0.5069453908490607,0.7122946478902149,0.04606136774001601,-0.3617442738936942,-0.45040006822190365,0.10747186726719278,1.2786589410213092,-0.8272220172429162,0.06894604089551103,-0.4264802641745848,0.01425201520756267,-1.195502460089412
GSM1602842,0.28768036080474757,0.27804120347892247,2.2907686770362927,1.0649901684849266,-1.3447447948031384,-1.170553015181883,-1.174988279783598,1.5383692411910568,2.405466409711129,-0.8154881151548862,-0.2267369696760395,0.8568227057760768,1.6108481786903288,-0.8857320206926641,-1.8427657755795352,-0.4139386979417341,0.7388386098853995,1.4515355011357527,0.4991317922102911,-0.025262846700338827,-1.6034210359471268,-0.8957826754153969,-1.0795664856459524,0.7054323804087178,-0.12261440740286594,-1.0281466127287233,-0.7822748485861486,-1.8410762026184353,-0.575983792637307,0.4602580375930973,2.0120990681596305,0.8638297594640181,0.0600723790882837,-1.3868179895092023,-0.5275512496878345,0.6125080845042611,-1.199018401429391,0.9146095450694064,1.0221576726340378,-0.5522446010160678,1.4934651780387351,-0.3888693064918092,0.6822831814348072,-0.33165555834146637,0.44353270503925507,0.1637181630351935,-0.18509054599577024,-0.6556074818749669,-0.5045557336440303,-0.086762472253634
GSM1602843,0.2212919753044505,0.42016783599159774,1.2178976734450802,-0.5573519411980411,-0.04460784264976523,0.41042484609528374,1.6411382288213074,0.3647132181158449,0.5496175950052781,0.22084788030650038,1.0860894558871812,0.5693549856893898,0.42028883152850444,0.42319923466822934,0.19890167480654639,1.2667614936538134,0.9668221226812321,0.5336357840553679,0.11872830079671479,0.11701256962513584,1.578633198629364,-0.005418197696421029,1.6336065342396435,-0.026959636438250896,-0.022822870393824767,1.6483093878284352,1.6066176990873766,0.9552976389708188,0.8915494842383646,-0.7603941363995169,0.9968671985154377,0.6220493521072876,0.3985077101446083,0.1332620648720224,0.34432344757864364,0.03803932948536304,0.04668435009073467,-0.1752522943765426,-0.299636189520751,0.2500315699484304,0.7518553694805544,0.36489432518749343,0.48319089558595785,-0.3516244114819334,0.11965924686398988,0.60074952886635,0.35151731967896005,-0.4082686811480581,-0.22715044557766015,0.7880183356805157
GSM1602844,0.9911029956294136,-3.0363158503341117,1.3546820517868157,-0.6879351418891049,-1.2463467776159198,-2.2981788436272836,-1.934756521708976,1.5049573516545618,2.3663383346673825,-0.830824766416841,-1.3240181919746494,-0.7157809524083693,0.010886373317173197,-1.002386485180038,-2.2123430530414323,-0.6535533156255084,1.1470739587174796,-0.05739897766170648,1.067125951627672,-0.48096105576474935,-1.0150521847523524,-0.6256701031422967,-1.5612237551040318,0.2812753385512114,-2.1382870287675324,-1.2409849820054253,-1.4741205472453778,-1.3650896051982844,-1.8802125734808028,0.5395798629316938,1.1550150783243334,-1.0451329633875455,-2.286222085779685,-1.2622946491952636,-1.1340388315426222,0.9635744931187468,-1.9038552742137695,-1.218795199838991,2.218136246249887,0.4996702627862486,2.181226054656413,0.1933204549754656,1.2665023113566636,-0.4200674209375409,-1.1443130400818766,-0.7905669774525407,0.0612093727175815,-1.4114916290337,-2.5520984389388643,-0.9350204133515246
GSM1602845,-0.09020927967667165,-1.4713259692421121,-2.065484859032802,-0.2118602548296414,1.1756425812482822,-1.7232471319714218,-1.3891139405983735,0.2056251342910776,-0.3257889335511755,0.17079744852361778,-1.5597259748004608,-1.6794803220378072,-1.5254563983223757,0.469969489116163,-0.6911098191080959,-1.4792498342859324,-2.1902740463297965,-1.3881372242743126,0.1293334178988131,1.053701262895014,0.2693875751516482,0.39446898497867566,-1.6944938751640855,0.34784193715519734,-0.7366465396571189,-0.9281514286936818,-1.0771226547941344,0.6878217310270521,-2.0148507235308974,-0.6246170827868963,-1.4766908435155293,-1.6219419489950115,-1.3489594557972184,0.8048796271314455,0.5480099301355537,-0.29635078103080686,-1.5003666645613805,-0.7408428956137165,-0.27990332029156445,-0.2900792747572403,-1.1622946970874255,0.007248876899857575,-0.8225249454070307,-1.7944996234510042,-1.4269832511923914,-1.7961216469648562,-0.9480580552288568,-0.5788804586495591,-0.9519401835504416,0.5441740107506791
GSM1602846,-0.6558157358229998,1.2337010196069582,-1.460304641850555,-0.7190573683334569,-0.34046050953125406,0.9303510995564498,-1.0412113139085666,-1.1576114343873793,-1.2953165554673733,-1.0338143583949617,-0.6363213203026221,0.9071582067782035,-0.23695525182993654,-1.375897390078724,-1.2928107025161226,-2.270740679854297,-1.0409212565030588,-0.6836631020899211,-0.9989742554056265,-1.4893653485478482,-1.6559029296929246,-1.6710237371498187,-0.7115339561403579,-1.013119586740836,-0.46070472641577165,0.6335075174264985,0.42080537905935844,-0.2622936715769401,-0.8665744967073119,-0.5080364256859587,-1.0024239931429335,0.5442477269333574,1.1496659685632886,-0.666581805458372,1.528610430515927,0.4965166020727822,-0.8726236276200352,0.42337641762915684,-0.6139300939430272,-0.7554071698384183,-0.6809276457336532,-0.9891927703032339,-0.9470713595272006,-0.8060157398152662,-1.1115280299344719,0.4590084548123193,-1.174824726678803,-1.2320464957731152,1.1441205602175473,-0.9949111042113301
GSM1602847,0.10046693555949335,1.4393903203048493,-0.30289494810478923,0.5457439061021416,-0.26678672350857974,-0.030655535765743536,0.7564697904511934,0.8611550808603845,0.7797892526077211,0.026694931639427,1.1025843806954008,0.7804370543656172,1.5756696535498496,0.052576638788577164,-0.25300753827797184,-0.060580241518179166,0.6815504272887087,1.5070686633425292,1.5347765289866315,0.05440700290901393,0.28699664926918816,0.4892829312356573,0.7697491442282921,0.06057871647887572,0.05303853797078707,0.15379433107581708,0.25486770593225433,0.29039962920071943,-0.40669048524700596,0.8596125878773839,0.9890593070565142,1.1565825706851331,1.587540340866774,-0.3825122289761904,-1.1627282181528003,0.25609089776153776,0.04833072117563868,-0.2910620612219332,0.10885708971529963,-0.5034468384617428,-0.5246450170661061,0.8814141712235211,0.9733813860550541,-0.7240579285400189,-0.29591431650539746,1.541564639212296,0.151783360006904,1.5933787398251296,0.4183855559820577,0.045880620250562575
GSM1602848,-0.5803328857591256,-0.577061975358946,0.13195685690565245,-0.16753263963080597,0.8626453383952178,1.220279900132735,0.9434451971296103,0.737468596910375,-0.7131344645737135,0.11504150812229084,-0.5582528631280883,-0.9118658351979508,-0.8395870002606979,0.4465836907352057,1.0635086112718186,-0.07702492805377333,-1.0560583559725059,0.20549972717446652,0.018911010371165902,1.0593689085975424,1.0569103156023485,0.9311081064007123,-0.38535777751350747,0.3594137308901896,0.3173741503826217,-0.11016327399443183,-0.08826469570444191,-0.39013017327502475,1.178964667132082,1.0729919959007268,-0.5005136255116849,-0.887536627741621,-0.5374913165459333,0.8950296497210956,1.067454232140811,-1.8238704433675632,0.6606624627968171,-0.9004808142772511,-0.15548724219317855,1.6861525100797048,0.48762816648338686,-0.20915528985993764,-0.02971869913193902,0.7088137122977791,0.932303748408297,-0.6359212586483641,1.2821037974258733,0.5703883128895254,1.5017727124021867,0.7731568305881018
GSM1602849,0.1839899765309709,0.7598432551389773,-0.04518410680669311,-0.22639259010093352,-0.08293383611113969,0.5673303161978749,1.339322916715172,-0.10524510812188265,0.2627304588335245,0.018412590904402563,1.855702297436097,0.39981352301252066,-0.2712613882446296,0.28621834406913504,-0.4545608081354759,0.04123328660537698,0.4110617808833777,-0.5304091662942821,-0.4742351123220257,0.056939564213510034,-0.7594590704872238,-0.5451629486701931,0.07828522266139896,0.9478376247232997,1.4711070433454434,2.699528941381798,2.359762101794338,0.31196267784073656,0.9542312516051172,-0.3505253009341388,-0.17389423305277688,-0.3424198616406206,0.05089620934709093,0.05851065766019243,-0.3149467549978665,-0.2008039840504692,1.3016941269610294,0.00986272837561886,0.031107904134163505,0.6479179496996307,-0.04983929048795663,0.05203970520876884,-0.5643000986985961,0.6524940096173206,1.1339443197192225,-0.5854337507749972,-0.3012130830243545,-0.3079816359829485,0.45268862723018816,0.21375738194046331
GSM1602850,0.47711110238804216,-0.5275029786074251,0.1542835517404979,-0.48751340987244757,-0.23003309803427563,-0.6844187490045676,-0.3132212027161741,0.1487531615058459,-0.36198906854124063,-0.4367778561829658,0.08141124874894344,-1.556827317797814,-0.943122032709554,-0.5045256850794716,-0.29878391863554826,0.16864886531092088,0.6991664342284161,-0.4383194084887796,0.3847412570039838,1.3203184958748382,-0.5166389337645227,0.3075027757433036,0.12850681361338112,1.0134033758246452,0.3563635903840437,-0.8063676429607285,-0.7898502022270916,-0.21552577947463944,-1.2482545196503676,0.57944181676009,0.22063149221620013,-0.474337364106242,-0.5406632295255908,-0.37289266991153647,0.09712434096766522,-0.0015476353734869372,0.19490078213643391,0.33841233397731546,1.1016062938242825,0.8735454609112172,0.8890271441184658,-0.2959545051234581,-0.7280389911758574,0.6407114667824689,-0.09035792303442883,0.5455750582345114,-0.11539495185704855,-0.4599846501687608,-0.08770410154019588,0.31328419387991163
GSM1602851,-0.7467897757978621,-0.5583572732613521,-1.9736925593513566,-0.6360779449758036,1.1160654077752206,-0.3675288070504818,-2.1721451332886743,-0.7378604525065761,-0.39375631091683894,0.8033339800821678,-1.0754337562027483,-1.249338451058876,-1.6224808552052457,0.6902489123716521,0.70312839127729,-1.481866603662147,-1.6700482500787657,-1.8432936692223554,0.24191831606072767,-0.09431772365140657,-0.987331754041579,-1.2779725206456811,-1.7873809166955121,-0.8533254771940608,-0.26315939921257353,-0.5045297000455754,-0.7775208535971128,1.0838942386690462,-2.5936144605104468,-0.8111022412918386,-2.500755476871798,-1.354195330261552,0.22479241103901118,1.293243571217976,-0.11455429694542907,-0.4800384758010382,-0.7996914466736846,1.9341001139348366,-1.9607529192388262,-1.8744649309522134,-2.2268790333390873,-0.8215831195218783,-0.607498587357925,-2.3052625825919284,-0.9666948686909742,-0.9599050451382454,-1.7628008225651484,-0.09877840164793107,-0.37067443801834693,-1.3309889028968915
GSM1602852,0.058774707100105024,0.49295874198028755,0.6306883241526179,0.1499892044363349,-1.0592040571981196,0.5072638639394735,2.0010106556320153,-1.2460100660655666,0.2345605182263247,-0.8135679900608227,0.6459023466372267,1.7874610228977885,3.4587511298338773,-0.7043639690632466,1.1165667677288724,2.5892782130668786,2.2536998666955474,4.320425438653771,1.406978834335111,-0.03263091927486941,2.5066382493376973,1.599587720085483,0.7569867155240758,-0.2262890821372877,-0.1632492124485519,0.9301941452676848,0.9906327658962343,0.6047189237489211,1.5097583393223994,2.9569558712502095,2.756800025501825,2.047104964987514,1.54092446507827,-0.944540849433673,-2.037603006699899,0.5929015096743807,0.22032477608163475,0.5669667724889724,-0.5704208078091515,-1.6033598516005232,1.1404645527047559,1.463277687561083,2.393685766434133,0.4516947047105081,1.1602334634908211,2.587706359851787,-0.33120911518512136,2.358323255126252,-1.1049960366897404,0.6570230964413339
GSM1602853,0.7547772435582647,0.04871911737129794,1.447120911205456,0.9626797495481701,0.3563447156007004,0.5061516930815146,1.1820280106103247,0.6064450520416332,0.377185795399424,0.4483748912395921,0.17536863660041954,-0.13391935230347973,-0.04087710167630305,0.8036311144515372,0.473770632489329,0.679934079510211,0.98411299896492,0.3764367573419682,0.28737214437837655,1.2528336647335954,0.20995946149579348,0.8443107591670489,0.6147778883841338,0.7835279298589003,0.14248817912266024,-0.4075816147117105,-0.43404090882116936,0.25660943359673627,0.7221060694532779,0.9483439127171566,0.2231657389020169,0.0717446520533737,0.11972012923855774,0.4284852684682537,-0.06188164596771168,-0.47466503727324755,0.9863577009613814,-0.05427995690110127,1.6050214002499363,1.6540420802444913,0.564066253375505,0.6130743138746387,0.2928266642219961,1.2165783444954748,0.42867991101295827,0.38298435641747863,1.736772196066285,0.022639354601676535,0.687110491093348,0.7228311049355789
GSM1602854,-0.9286941772201673,0.6434736612320763,0.19315624868545037,1.0533285710944873,-0.3273832391206922,-0.09851156253754965,2.0720100430528996,-2.319752716058525,1.3044939854402509,-0.3909991173751308,0.37598349349967386,-0.12504761810329196,0.22270047628822015,-0.19731130670574845,2.5822203860113264,1.7599692199741708,-1.0142606737591868,0.11280653540573016,0.00819418691989865,0.5051615421506122,-0.4881434904426101,1.7628460772553616,2.6008365876194977,-0.34639265153015775,2.8845602781876694,0.7731846473308214,0.8597162540316711,0.035075278302512745,0.4377120256913346,-0.25516498819601974,1.0587518574205939,0.797586402578917,1.0311730014972393,-0.03585625210871983,-0.36444144548457647,-0.9097934570229721,1.207709131004381,-0.5822709444941707,-1.7396854059498752,0.09989024849907567,-0.11342508489481622,0.12102199825215577,0.8880078345458471,1.3233349880471725,2.680543324886919,1.6268660433037654,0.042491805767277215,0.8325555687186482,0.9115998761279364,-2.3360555890670347
GSM1602855,1.429715513413359,-0.92327417160399,0.37345148323203586,-1.2491711698339836,-1.8431803796077253,-2.734445235918138,-0.9022226639816149,0.3796674888482205,1.3061949755581161,-0.692859697109911,0.28527315529046504,0.3344926072589568,0.6325466762728308,-1.1324371175042665,-2.7260092289797995,-0.7191073037138642,0.8139797207569202,0.268757897411113,1.3016666923452673,0.15745297242113546,-1.563479167750581,-2.167845656828701,-0.5727254820648955,1.1581450672755276,-0.31588592662463283,1.720129140382502,1.8204261653684506,-1.4123493541617793,-2.2073460678286443,0.036624494988900524,0.8311913691211757,-0.1722343401641296,-1.4652246430627105,-2.447638097376123,-2.2558873693449906,2.40819702145067,-0.5641852062779119,-0.572718353522812,1.4468286520755214,-0.09080729914377161,1.9662518121955723,-1.3032189639254625,1.6676572283393523,-0.43274010395206025,-0.07375402850344445,0.3549795380354157,-1.2791746419488426,-0.48463004109376234,-2.518409246008337,-0.32075091884144424
GSM1602856,-0.4328871618438799,-0.75418894278178,-1.7556588944773306,0.8254812173734037,2.083917339416497,1.5138633330894842,-0.5812169324657117,-0.831774626444696,0.70089117434761,2.1301496870084793,-0.007473170387367045,-0.5491794255829643,-0.6876565155427485,1.4843765245001486,0.4715444838388299,0.06761041433184638,-0.08909089933184434,-0.6187673644606025,0.11557021376978996,0.6068941885145015,-0.016011815618981944,0.7804769005540794,-0.04071094275434046,-0.19848145405172118,0.20697378449374493,0.3259793246866179,0.07677203533151644,2.2216362566124364,-0.7241841522403334,0.4164542045356388,-1.4711415943494146,-1.0210508562109526,0.2878381317112086,1.6984963244978102,1.153095312864532,-0.9879386823980197,0.894921158252393,-1.9063132696189424,0.1400494921157245,-0.8092920261586428,-2.16563470007572,0.5143098860105221,0.46545710927451694,-0.04531535892096469,-0.7603559165740803,-1.4240410561637376,-0.42290814663828613,0.08775558786134627,1.979374833576278,0.6943928230279116
GSM1602857,-1.6333723904719282,-1.0900946791910444,-0.8311234876464363,-0.0679919925531978,2.2516285356518115,0.9276337032074766,-0.5070835459960245,-0.3243652381098697,0.3387664103505086,1.5525307095022478,-1.3058646748075122,-1.165764022876936,-1.696461528050361,1.5121393119841888,0.9027422155665558,-0.9009324875818435,-1.5175853968132111,-0.7803815412675934,-0.5339445122919383,0.8019570122953492,1.4861283546726332,1.148047207818779,-1.9790357323255812,-0.4291629065237254,-0.23286142794841372,0.06137487090198356,-0.4884372915537565,2.5687140214173882,0.6084500015742682,0.4827230995990292,-2.1393612670661697,-3.434259410570713,-1.2234088046492884,2.2101951699370423,0.10552031740946245,-3.801260224639302,0.6677397582028018,-0.5758128392998884,0.1625876357647693,-0.9242112868359209,-1.5378033815898178,-1.595952589802512,0.15809764127528958,-0.6042088846800818,-0.10263141822721267,-2.429483818559158,0.005509206398395868,-0.03058975165521221,1.4814724805321888,0.5805656543193088
GSM1602858,0.08864648132123057,-1.1497391203992615,0.11651874605885741,0.939420325438409,0.5363291138536085,-0.4146250431756862,0.5290792770374222,1.05954934417878,1.2073775813544334,1.6213302013798792,0.8857040814806255,-1.4483361355720952,-1.0677502269183003,1.40453818076549,0.9541366811507956,1.1205950650719103,-0.30533651602240947,-0.5508754514662855,0.6364003363465423,0.9719026791588616,0.6190135912002935,0.6519183152916403,0.06255126609367578,1.018922679118776,0.1673203881395609,1.2016524853692567,0.9437557406232364,1.6661380929978018,-0.4438706643141167,0.8781352809250702,-0.11093242356258555,-1.8520221301900612,-2.0226395628462366,0.7360010707136188,-0.2581515925459531,-0.7231535110265364,0.10382785535247137,-1.280252669879256,0.24178206095411778,0.36462088909284257,-0.17278909701976122,1.27092019081633,-0.04128252858530403,-0.5049394400003725,0.177535124327411,-1.1807101022385644,0.5534284623835986,0.37470265075112125,-1.614095177684461,0.2756388056060534
GSM1602859,2.1658730308850473,-0.37177681888331426,1.260278667287998,1.3321344271648374,0.4957601319828507,-0.9398257373344469,0.8775234758040852,1.1763622620231629,0.6937935156746281,1.3313880072742772,0.5860841774693323,1.152161045636579,1.4276087196879086,0.5242863418707193,-0.3526899362300106,1.5394144686876698,2.3120661543236976,1.0481433460922063,1.3460890384753383,0.25239594189848225,-0.655216676122572,0.0016771185465736405,0.09928769497359953,-0.1316658856147122,-0.22793458206283404,1.3447063117669638,1.0408146179683664,0.9319248244926818,0.005623424052751505,0.4862382282483571,1.938786992475759,1.0552343897450527,0.8584720656221108,0.09495412148720862,-1.0923863869616166,1.3577872543463372,0.48153837613466494,0.5453021671554713,1.4646602507770388,0.3227223949617387,1.4095711580451473,0.647169446289338,1.6589690722683041,0.02574510289286799,-0.8902311575924933,1.2396760397504811,1.442055879846961,0.5913801922929153,0.5235385956690747,1.4552582193618544
GSM1602860,-0.24214479039986025,-0.23107489969056924,-1.1633383245070374,1.871341035105805,0.7344498132182253,0.5919911409762302,0.865880649879156,-1.5043372244211974,0.21372580711508785,0.7211821708554506,0.046433819832678136,-0.8393928126655219,-0.727895884320966,0.7249056817898745,0.3953108815538876,0.03531533439101993,-0.8880566175327068,-0.4549150090574426,-0.29387675506518945,0.3635206772942542,0.37110310797704,0.5974500662038345,-0.5905348278641525,0.6639722529831196,0.2567129420796989,-0.22931068892151163,-0.2261411081282518,0.36160506182408286,-0.21202610105596215,-0.326630762260692,-0.8339267861930744,-0.4285892154100028,-0.01063316047769026,0.7706051676188147,0.13027779399339018,-0.815467155550428,-0.6837638449638227,-1.0258819842144027,-0.5628010196674297,0.9332071007752085,-1.1474253942785293,0.03423009367647156,0.20112324899949158,-0.629387245207933,-0.016842243469785915,-0.6260359055278804,-0.14534301251331852,0.12651746559953841,1.5132386443864791,0.16644857286571088
GSM1602861,1.4483522267473896,-0.41143657886307045,1.008613049101575,0.12367817723992078,-1.1053999294925252,-2.0499729170614533,-0.9907354407105773,1.3722945095289245,0.08677920246909741,-0.502939558628801,0.2585210779832041,-0.6249936238284506,-0.0941618624026034,0.02302646660895128,-0.9003661415613137,0.4079762496387147,1.1932473669244787,-0.4176843003146852,0.5613513182210058,0.16851875674662,-0.1157711330752057,-0.03529994589115282,0.6481738893702732,0.6006318261668111,-0.9787244699152193,-0.49624089939799354,-0.4514688999203509,-1.465900775190445,-1.0652725736997124,-0.1428611480978583,0.9623673992809236,0.3756381570080049,-0.4687342523880728,-0.686591184598479,-0.43116787912522236,1.3078196544750225,-0.26464061614817275,0.6750940934756342,0.6858442392844216,0.29642205874418465,1.3434388799165873,-0.3974650555985477,0.16918658685347143,0.3404283223944071,-0.6475163706582722,0.6611952799731471,0.5906373417562165,-0.28428716811137916,-1.9865442185067868,0.2847126060277018
GSM1602862,-1.7166355099697386,1.7337695858101632,-0.2500074279522997,-2.5490006003703756,-0.6681981695326814,0.824969058595973,-0.7846338186094606,0.9818181847254746,-2.6358640002852436,-1.9460057099117074,-0.023927414899898483,1.2729159353042425,0.8263734274961134,-2.241445296779584,1.829900830818164,-0.16971308774407218,0.14232666765309257,0.2195893935079937,-1.0198328899158844,0.9933828960814608,-0.6872893607911473,-1.025607759774699,1.4320774033790433,-2.047840988827238,-1.482336407436651,-0.0016558049724725962,0.03569304666482706,-0.48457879262446557,-1.3913403885001359,-0.579308963661929,-0.44094286784741477,1.839324540633256,1.99573834830745,-1.0261605322633458,0.14411833661611242,0.2975934691670805,-1.8584678639215966,2.371919701376799,1.1196427560743965,-1.4581290561876268,0.16446883337236323,-3.0417703264212146,-1.1072727235981457,1.3856990417403026,-1.0236387726904919,1.7503177708328654,1.119275248783036,-1.134173659983804,1.988985046318069,-1.413217350568769
GSM1602863,1.1983308950180604,0.6019859201789838,1.05155870294563,0.10639384820158708,-0.24692354028813412,-0.03550907645683473,1.2796077867181472,0.4788127485406823,0.7904628194466452,0.6965475142040657,1.4987159491115822,-0.35908698112816434,-0.19943340289753123,0.18207053387879454,0.7960240472522495,1.0105688428619186,0.8201633582788681,-0.3413952486720209,1.1907573476989837,-0.1675018871924616,-0.5159302299281808,1.3821373639369152,0.8378252908602867,0.8047588177873157,1.6188815162342332,-0.22918413410736263,0.22475785423991126,-0.3491821905406047,0.918950358035655,0.5678197561290356,0.6313274304067581,-0.3581987264121809,-0.8077180102929299,-0.39680687667177933,0.3669625475994528,0.2340452646703691,1.4200022104189258,1.4049896422177601,0.7321093179236557,0.21341621619809042,0.90084926861709,0.6230711141692495,-0.5887396171708161,1.673208955313845,1.4631314145516443,0.014676382403777347,0.7548063563020327,-0.6277641298714188,0.38750160134273315,0.44809094107207204
GSM1602864,-1.114451209017073,1.9831836446152613,0.20905618684414018,-2.0903389739038762,-0.5653957213061281,-0.1326571675856964,-0.8762665801520498,-0.10760266749019182,-2.2938453050379257,-2.273602415070809,-0.40618917106217156,0.9833746488794429,0.9226225444463672,-2.5394184979991965,0.7997561603224075,-0.2049602750889529,-0.24614342975211598,0.27718485912946017,-1.7874352017608028,0.28142267622705847,-1.5725746953219013,-2.143755151543459,0.9237701542941845,-2.074323097029732,-1.793043915176998,-0.28897239692711096,-0.012902234896412883,-1.272831292991225,-1.6482451641750444,-0.033088665852826944,-0.0917714198194061,1.8664241430586275,2.1478985139504725,-1.6575808065928277,-0.15005181485935992,0.3484899886500994,-2.015092515201853,2.2832433281315203,0.9879546795361195,-1.137333741191893,0.7170690858950345,-2.3583278905533263,-0.8896455711706488,1.37367612783192,-1.025939761234926,1.9808556796535155,1.4961830492356132,-2.0973526421131417,1.48804890236795,-1.9893269209674915
GSM1602865,-0.8332772656592891,0.13234518902449538,0.9989572894783553,1.1256999919472357,-1.0639725892295968,-0.6290947910068266,0.8618797086936931,-1.2995526168033484,-0.734748373772326,-0.6665562996863997,0.37081562174707855,-0.3743934347933214,-0.1364165700611728,-0.7174200525441201,1.6781560995378304,1.1503359659915628,-1.897549907350256,-0.3496773995264824,-1.0104545645464886,-0.2348849035009077,-0.6833306417680282,-0.5080068694993642,1.046349150754567,0.9286582745049404,1.356563850981621,-0.5754903344229546,-0.271932420743411,-0.2577794008679621,1.0698067283063808,-0.5652043816775995,-0.03125957381857282,-0.08012744110615433,-0.46597105416107093,-1.0444436050630381,-0.9833033181353646,-0.9026344191993109,-0.46923619291335467,-0.31834723893989436,-1.4371967512997714,0.7102210586063297,0.5663625796197931,-0.8408169150319849,-0.019488005596870427,0.8835275666821807,1.6026931835223595,-0.1388860881371354,-0.27055942686265055,0.6703612661401344,-0.22521038959079556,-1.4194951500231916
GSM1602866,-1.9822059039272162,0.3179835962951112,-1.1391732917443844,-1.5333900520097359,-1.8440286115135012,-0.41733643930984066,0.053293634530853055,-0.8615182774757552,-1.0722371995649107,-1.1363963359851066,1.0847913465238488,-0.09990158297955526,-0.928749301435174,-1.0847105581199499,-1.429481458217186,-1.4495530374333758,-2.0014749462751427,-1.1358439045686797,-0.4401046427806185,-0.06367382286672453,-1.3193772931095478,-1.248154782050507,-0.9142570144313233,0.7687074026600383,1.230729004931828,3.1911536406045258,2.7701137493655734,0.4844444604132431,-0.13417491639474807,-1.1851091244541747,-1.7888028690738038,-1.162365163725336,-1.4499558515632673,-1.1958398033896496,1.37035490168449,-0.3894186843934945,0.41072990274629645,-0.6774884430228472,-1.2025208546744084,-0.5199557608529936,0.01850002456824187,-1.8864632702375252,-1.660407300244899,-0.3047052303225992,0.6714426969186346,-1.1991742922301034,-0.07628014097564026,-1.7920218629412883,-0.5127944687142522,-0.8388223402075496
GSM1602867,-1.6289154390333096,-0.06615310986456477,1.5418162019878343,-0.2722451641284984,-0.6354878627444845,-0.0805794643377655,0.28622894137205174,0.6403480442690039,-0.6794481578918046,-0.8529458931374708,0.3738947220509538,-0.9838209162036095,-0.5752469799279328,-0.2079606649812198,0.3202999351399291,0.19266818223313506,-1.4507890435994544,-0.31129771910866655,-0.6802873439052862,1.2217298413272575,0.5407600650407516,0.37447827921249777,-0.8747223028490551,0.36919081265971343,0.28191813411726985,0.312019630997855,0.23015426177659853,0.04326005750784324,1.8247017193210282,0.8140590300970031,-0.9091088233116246,-1.0256724969684032,-0.9199173058199911,-0.10202095297528671,-1.1865560025408575,-2.324500670049569,0.5816015981197565,-0.4373537761925849,0.12219505906694118,0.8059537624866105,0.3827448839945131,-1.0460020869039155,-0.03675258552919178,0.8916234508465946,0.9846767710131528,-0.9314002276543545,0.04206752372352324,-0.7992886123232336,0.3955908396576436,-0.1013586364980034
GSM1602868,-0.12789255213575954,0.18908218964293247,-0.28058432849017356,-1.7557185730439002,-1.51070390211374,-0.1314146464293464,2.3725902981263944,-0.061828029900214104,0.39063558134503734,0.2366511570353196,2.155238989557157,0.7671367993899887,0.3428706792367901,-0.25703678843025357,-0.39422433116115,1.5937714619033623,0.9547364360690807,-0.009817525285435802,0.30497490419606266,-0.893723352900584,-0.3794766999872065,0.5491076768726793,1.413028704839723,1.4833157615738837,2.60414697230733,2.824609766620886,2.874921343671526,0.3956405177750057,-0.0023643811456587074,-1.0763051097228753,1.0508491567820846,0.20977638561502748,-0.4063429024474048,-1.6389865641091939,-0.8653548680867076,1.0888891315465998,1.4540499321737126,-0.8126908276362578,-0.128233691885903,-0.4690103666928392,0.6269223333769908,-0.14109493063498607,0.6345725009814064,0.022345353290212457,2.5235317170462346,0.9810405846483774,-0.10604072259800093,1.40297744742875,-1.3270124963934213,-0.2940304762311522
GSM1602869,1.2385733502899796,-1.7840201979740544,1.2705643128237638,0.035380645661720694,1.32387703107376,-0.6170973210974483,-0.35544807593380723,1.2684807226887327,3.507455482971407,1.2502535125161665,-0.37733034261331433,-1.0647441132138955,-0.05876798432798805,1.2546709716094515,-1.0081895529068843,0.252183183594485,1.7661912275326437,0.6936347996820682,1.0628641896013695,0.5118569350563831,0.7398203994939319,0.8800705927233459,-0.08148418893352093,-0.11944533436441586,-1.3326556174533464,0.45474596716475163,0.043836614886896524,1.3987880315098475,-0.7156733112635598,0.6481074336075996,1.6123283945913616,-0.8686769825841444,-1.4326755610989177,1.187652409921719,-1.471090557411686,0.23352310755116287,-0.7846658599536733,-0.9524974591022216,1.1000617686519103,1.2123314261734197,0.5499561063043155,1.197818243938471,0.6204302354738136,-0.16645701558458117,-0.6700588938730697,0.10343129685063554,0.4753538633406391,0.643998814298279,-1.7762922303038293,0.9854918083205584
GSM1602870,-1.8871285657912582,2.346297779259336,-0.251480267133027,-1.4240225698241786,0.19540870805008687,0.9538810930835119,0.11697298362861996,-0.1568629132248331,-1.5631320332729437,-1.2111731508003443,0.18328320982755086,1.3535573524936206,0.8391566780919497,-1.7871516554072864,0.28084009216892053,-0.7288785115646913,0.4501833863197429,0.46946106092206313,-1.5693157820169972,0.1714278795993313,-1.2996889378070753,-1.786431066869059,1.0264728036216588,-1.2162209440479885,-0.6059254223085447,0.4931999375853497,0.7914289055183213,-0.7849376226747911,-1.3985129376197751,-0.6234939268928922,-0.3899273249222676,1.787194808423297,2.019744920980566,-0.9552974558784209,0.5503518214961768,0.44780846404741426,-0.9061163212146958,1.4839224447250958,0.8592659750220325,-1.3170556376398144,-0.608777091079225,-2.694594525551836,-1.2968248229394626,1.1501083017487075,-0.8544764176334484,1.2154882349193281,1.2417541046462033,-0.9458363014724296,1.681239288589422,-1.5108513980210583
GSM1602871,-1.6776742011943206,1.8908383513583555,-0.15745495528898143,-1.5857920100893135,-0.506954319265378,0.843892104503225,-0.2792616819922236,-1.0341401727549322,-1.7965215438267983,-1.3147258916944247,-0.27485671213763696,1.2962682451632606,0.47202313799889295,-1.8229809836325062,0.7073855205749339,-0.5642813944071939,-0.2873063486436107,0.09867056841242032,-2.320551730560156,-0.48813764696834233,-0.887050234173674,-1.7566531116018533,0.4776821095188972,-1.3606723984549578,-0.6864795888026232,0.3054669905396931,0.45644899704995456,-0.4463746242235481,-1.4720263498503714,-0.9305977983776895,-0.8519732552188309,1.4850338096719524,1.8390708187223797,-0.7082381842130354,1.0450780586801562,0.3321001604726604,-1.4415178133867974,1.5021205137531772,0.6156373177713612,-0.6764406839915295,-0.6572127818288404,-2.3025796706257626,-0.9599219574721264,0.4169074218113353,-0.5637863294843913,1.1085818430702719,1.0248231107295551,-0.9687621110978366,1.6189775423822002,-2.073727793761151
GSM1602872,-1.386188500740244,1.7369288556205418,-0.10011690773306926,-1.9322382818026413,-0.35199210876393333,0.965414577824527,0.11048802084136239,-0.4842485760105729,-1.1744639200010814,-1.0155232089283148,0.1387217825359349,1.2959065635195808,0.4502871484893047,-1.7078047932625142,1.2089644459908009,-0.11126701233264523,-0.4692917332269186,-0.20898209659710545,-1.5074417495278931,-0.8276297039765264,-0.5253114987674123,-1.4493514875042974,0.6345450594580637,-1.305567005897523,-0.6099749220056687,0.9036728326441262,0.9489173944571367,0.262326522694429,-1.1318729390757756,-1.139500707988644,-0.45272939973925075,1.3303262143426058,1.5038093240526724,-0.4977058512501677,-0.011679328096069681,-0.11414867635088918,-1.517705604539254,1.433509856255315,-0.49770678092560716,-0.7954104258454435,-0.5247752522038518,-1.6145660944574332,-0.7647423366125988,-0.3069219235955596,-0.8851522687342515,0.24213003554596596,0.4200502267330095,-1.213173326192426,1.634019002325468,-1.7386738899415421
GSM1602873,0.9488704602508261,-1.2152619454776217,-0.3273955023125413,0.7812662770464566,0.24374326645736685,-0.8419661164680484,-0.5470337730278163,0.025246458765648093,0.6965187570074985,0.7781364225073258,-1.190311941829926,-1.264729329917906,-1.1126270207466689,0.47164598125148904,0.014874966920629128,0.13192039783352313,-0.6085410558330967,-1.069000157711289,1.1324979786658815,1.5477328301138735,-0.19182675669533267,1.9131867259072641,0.46339573905427484,0.4843527957166875,0.5767726135507802,-0.49461438396631974,-0.6530231375438835,0.125059087749039,-0.3623374024834694,0.39687483531783707,-0.2119407464214293,-0.830577516228301,-1.0060059910152044,0.07343907445659402,0.575364477921559,-0.2610114790395245,0.0663133919197391,-0.5067247190197118,1.3786345023526785,0.728172822463671,-0.3667271002021593,-0.47397679761550304,-0.45855299249669756,0.46728592897991345,0.13151764627356186,-0.5588572674887888,0.5214208047799931,0.029207873446205197,0.26240851492179446,0.2674262458475954
GSM1602874,-2.2751361023302366,2.075817534659043,-0.4873989208968832,-1.4525986725515796,-0.14646425291044718,1.331777473939883,-0.39745808304786834,-0.005264643383870367,-1.4319919947005377,-1.4936803880376934,0.07266024192142717,0.7729825729574216,0.4044250583010958,-1.5340346403901188,0.6079917400156566,-0.7568655657265394,-0.1909607159607839,0.3983042549359299,-1.7528236392310421,-0.3125083359879031,-0.5978455057671989,-1.519321088037546,0.045823430816109005,-1.393141200820073,-0.8003279815366235,0.4165618759243357,0.579693261024295,0.21523513200835065,-1.1990340624661424,-0.2837321317534689,-0.7588140907663513,0.9720762928332366,1.6465780711852238,-0.4815288997792188,0.07306067667993467,-0.6270110803181895,-2.1515289231962216,1.9230612478346307,0.6644080483518332,-0.5459016113217852,-0.4024019914215766,-2.834948221444808,-0.6039624142954225,0.8052565578106193,-0.7289383975240112,0.8070566875530159,0.9243417041546065,-1.7875723624201199,1.8340135645303737,-2.1839231283444263
GSM1602875,-2.6018295143251877,1.8305449155862323,0.6276803821207814,-2.8506820970533164,-1.3049684619220843,0.2447624904565799,-0.3274614887608059,-0.8096078714117976,-2.328893467762889,-2.1543494613186467,-0.0936877533073533,1.7046106581954839,1.2276213037285435,-2.6896684926709375,0.9567839548246626,-0.5208556213539359,-0.5813003222086857,0.49837534533027733,-1.9373834134237151,0.5768853800943785,-1.3496241030961047,-1.7777143710650185,0.4845631151218602,-1.0567419943674916,-0.8774421215942373,0.44516996303709216,0.7575338348934711,-1.1361120935685276,-1.5465007782255387,-0.6929210975537572,-0.23489900663501567,1.769203647966076,1.8416236426169523,-1.7696355897645224,-0.8649684264114758,-0.11680604568707277,-2.163259460566425,1.788263277963937,0.5651732701150284,-1.5148598104978583,0.6561054739132574,-3.44861668971744,-0.688971788406446,0.6361659777082725,-0.4620723141917241,1.1267404279309858,0.9712593590414544,-2.0703319824044852,1.4978438704119237,-2.181302315740039
GSM1602876,-1.9081675536335287,1.649146473793399,-0.5298306497536674,-1.5042743893400021,-0.24949028733705114,0.9646949107884321,-0.7430739589980145,-0.0168995685535665,-2.2513914363608456,-1.425609855328154,0.06524975086293612,1.1502432832718887,0.31548271488222496,-1.5787876778655408,0.6087455700774258,-0.8160663340905558,-0.519482197231703,-0.22140689679566036,-1.4082515804458848,-0.4008117437629214,-1.0349413313986096,-1.1919192250140662,0.11399806745909111,-1.8390367702880885,-1.2164347232128359,-0.14342538471744765,-0.07807608332170689,-0.9504770069699334,-1.5150366421408676,-0.6494866731342754,-0.9364457345754424,1.1343188681244623,1.2244357985126473,-0.5869171279369593,0.5909621766507807,-0.29301153284116505,-0.9434695603631394,1.3140171303757133,0.5489083760567895,-2.4529234191832323,0.12244391058601513,-1.786187333846601,-1.0617188466256673,1.4813452369530564,-0.6006290431505492,0.7589736255628732,0.6881177746231281,-1.078802935207614,1.4629747522048187,-1.6691221887698704
GSM1602877,-1.1943294978871908,1.6020289279239575,0.3189093505790523,0.5648018757328099,-1.5439628594845918,0.4457613692897712,3.8098722063455814,0.5558758416645657,-0.13891422887195215,0.40689754425686747,0.6724368990700763,0.4481563930633407,0.763798426594575,0.2400243505444599,3.7813940323680417,2.5724240231348743,-1.1082218723019737,0.28404863562473737,0.5627518294843464,-0.16697818884112245,-0.7930619263549121,1.4085184296191826,3.1575451884796863,-0.7904826572945279,0.9609179349037882,-0.7554475473668805,0.10259898949508625,-0.060659662770003085,1.864889074711515,-0.5754207047173542,0.8639864886308128,0.5999611312540145,0.8673059433279513,-0.9008317653223721,-1.2780830020526885,-0.1385995436128279,2.9089964297648048,-0.9143474476145353,-1.4369206760326985,-1.7414775864717555,-1.5595753964500148,-0.42239805114244505,0.38991961031957306,2.2223654248863873,3.341305113882335,0.8040080935817686,1.4757536977593924,2.095328012055113,0.5352438940310542,-1.309473088366979
GSM1602878,-0.179866432031534,-0.2958732027317447,0.862943645704239,2.060418571772519,2.103023368603789,1.205566890992302,1.3141395632525155,0.09642667475601494,-0.02956871717820472,2.0933731113305734,1.3146993194879524,-1.127598702914263,-1.2909414749606012,2.378734818896341,0.38739153905223445,0.8577098598259641,-0.2672256494059651,-0.555092939196426,-0.6456423460027506,0.7416408812292301,1.0947549852054141,0.5166481373544749,0.7004354426134428,0.006328809771665031,0.5681404598012907,1.5297982067526101,1.052796292485958,3.003533540250497,1.6190688456324343,0.24080473726578566,-1.0791189003072383,-1.6390498223478545,-0.2625803792506003,2.0759436596803877,-0.6587899407788136,-1.877212865980441,1.0777912148910425,-0.46771533700486423,-1.5903567669489003,-0.5385911205881173,-0.4611533984541118,0.1907326947028121,-0.2635234453985568,-0.12562041972924287,0.06035676923631644,-1.548869957218655,1.9005513999019763,-2.322795653093792,0.21957078226925722,0.3570499401721952
GSM1602879,-0.8743864200544602,-0.47950662599517474,-2.693072019849661,0.8737681673487399,2.4768966508021126,0.4840793630103679,-1.2918656210680723,-1.2431994857179165,1.5180582452014955,1.3652422292570747,-1.4223035097613028,-1.7724454286476985,-1.4720826675322032,1.3013304892775277,0.5528983989864096,-0.13876061361112726,-0.8066828285884452,-0.9865898888957013,0.5709661444313053,1.8570235147875662,-0.34203978664766566,0.8556281362444382,-1.993805197218454,-0.29651581504253743,-0.3091831331276335,-0.7006030019596807,-0.8957739003445317,2.2077783708744763,-0.6469278562072367,-0.7067809582857592,-1.4964303733501916,-1.6770662495698825,-0.15422646878790833,1.72088881071366,-0.4492861546240903,-0.6510583135248431,-0.42883460742740886,0.7410330009887369,-1.9637675585826897,-1.4829473983721104,-2.8411324596933576,0.5114288300585295,-1.2366854258566193,-2.714573918336307,-1.0744566746784008,-0.8694630784634715,-2.475353369554585,-0.14688969161605922,0.04938778298395215,-0.6278191634402202
GSM1602880,0.9040533062941171,-0.7606768012361886,-3.6669759392966212,-0.8605366399996095,0.6086000831056447,-0.5831008667926078,-2.0040654865517724,-0.6209280180599245,-0.5487359969352993,-0.6003887230051214,-1.3485349993414775,0.9798666606160505,0.1181551797436248,-0.03467241489277167,-1.1117089502513287,-0.5286687419856781,0.8710940195620068,-0.5960329366826761,0.8356715870245746,-1.0935458891541217,0.27091138442963647,-0.28949146493253247,-2.124111081580039,-1.6067824557722523,-0.47450118664074026,-0.7607035530776478,-0.894394087437829,0.2985755457879588,-1.4901359997782027,-1.7319485216688557,-0.2781211794778846,0.8883293994215857,1.5389040714238327,0.8786115588238679,0.5368434011879492,1.4243387535084098,0.7349407891295681,-1.817919586168894,-2.1308861037079425,-2.623470913493529,-1.798417853535102,-0.6052522729491674,-0.2083543671256913,-1.4163431108944018,-1.1322785926808276,1.105310908695341,-2.267478844321226,1.8308130464972217,1.141410837194113,0.8673316595023656
GSM1602881,-0.6449045531849255,0.45190024878855767,0.4869877097387217,-0.8582501580364749,-0.29124105102672276,1.31741177840119,-0.038786128405945614,-0.09446870237638356,-0.41421388200470355,-1.0074895492323959,0.03694430558810426,-0.7055286840797258,-0.6160641010718352,-0.7212743990650466,-0.051430994935078085,-0.1821806403267013,-0.15624972290810185,-0.34099573820770485,-0.3684318204158335,0.35424122022939253,-0.12276442403752917,0.3321313605573327,-0.9182408494547861,0.4146725174520098,0.025878834857497184,0.49282742739703783,0.4073858101006717,-0.6485364597400157,0.032034439096635905,1.4424132248469883,-0.4461561825338003,-0.6656108036554498,-0.344177597001407,-0.40721142434003477,0.4173825032263054,-1.20418749455048,0.36493179342420634,0.34109790107340077,1.0694026819003242,1.9287335221588724,0.6378474770343767,-0.19899140747543156,-0.9960816891907889,0.6282955199980914,0.36916055826042876,-0.7767536796489609,-0.31077889813371024,-0.10909950674212396,0.42904463341588167,-0.6888015029552749
GSM1602882,0.781289211729619,0.2555425353352299,0.4706927373259895,0.6149126390080873,-0.0017657926619985384,0.12571234684756322,0.42113229108354716,0.19914316429224532,-0.1380878819689662,0.4519564027935743,0.8815671597303804,0.03347305354995222,0.02775102198047796,0.5859787937796297,0.19355942241785268,0.6869814327463144,0.9921239232695016,-0.11338528434851558,-0.08055614140072147,0.2218497963484939,0.451341239049924,0.40708860819165754,0.601989244196237,0.298397139669389,-0.20289011764117718,-0.614673741072926,-0.5638453473044526,-0.7966219952192816,1.2126504366335564,-0.07063595543994744,0.1346691530266276,0.3883743035372153,-0.4409307715275364,0.062492299719389216,0.3123259434281927,0.5447409813179217,0.13437880977686903,0.8021078606617856,0.4148389784590244,0.44040794962916024,1.1358788599256022,0.8530588750894469,-0.356050011813456,1.0303749175495336,-0.05348999510385626,-0.3442763055076665,0.2795124910064399,-0.6813607575843054,0.05084569094529129,0.5954854864762086
GSM1602883,-0.18531790767140807,-1.341359314064241,1.1647671589841817,0.25128415704143964,-0.583410779720834,-0.7833369958364458,0.5259475882631713,1.3882047922772576,2.000530836138231,1.2304593009161129,0.9502931250689418,-1.5362785751044366,0.07889120293847264,0.38525375401392603,-0.27816728047137973,0.7623125117026872,0.10163616174796972,0.8303031463412149,0.8138148536113877,1.0795757802106507,-0.9735515014118996,-0.1535201113970354,0.5574428110405206,1.5767795269216083,0.8785561200069382,2.5502614407672777,2.1429826626119954,0.9657599989689584,0.22002620772493098,1.5194846870681114,0.4313549594982239,-1.7280549116622004,-1.9920182661871906,-0.7294311660652799,0.7618982990766153,-0.7319590855706196,-0.5274597265143836,-0.4912813325131239,-0.008289920700809448,0.020717342099221426,2.015060017865967,-0.5238768718442132,1.2996349083558942,1.3199641745386685,0.2208396143587359,-1.0935125429129522,2.539820314389983,-1.5529346086538574,-1.7297278734834791,-0.28756728891244293
GSM1602884,-2.4619753882239066,2.098368494903755,0.624808649329562,-1.6893020434291157,-0.5909746281586141,1.5559076544158295,-0.19721345295180379,-0.3664251540010109,-2.2210185506259923,-1.9669678731936358,0.2585216213818868,1.095875863507688,0.5983753791214581,-2.2049175597643846,2.0807774054612036,0.0581988267961136,-0.6757802478112429,0.21068386597611846,-1.8364015198096277,0.8711365370919564,-0.9996323083287999,-1.1854505651838831,0.8876181992832911,-1.8650206704645464,-0.7545747704704344,0.7354386973319695,0.9116800991689905,-0.22851875601068128,-1.4219291114042056,-0.21031933101241726,-0.9417336021206617,1.4581617670775546,1.8850788952566433,-1.1730416017225107,0.27158785759116183,-0.26105313931406093,-1.4514122356835935,1.3956467865703328,0.3162866553741264,-0.8899037017661454,-0.04536938082599545,-2.7292555124192655,0.07301691397059445,1.0276888547786354,-0.3963489549211726,0.9389132163880116,1.8994868933374847,-1.5302146103072312,1.9622457095345558,-2.0288912161438786
GSM1602885,0.6042813462459644,-2.247470516904107,1.1973385781347163,1.170863081659182,-0.2192250142621364,-0.4471384811276325,-0.7837651800295895,1.2342484851679996,1.3391485568617791,0.2085725104590432,-0.5612305693787334,-1.6320473545187537,-0.26169861786756504,1.2136145659012019,-0.645645819593076,0.49557305127413664,-0.331593904032041,0.055083617434366246,0.2317183883722954,0.33415126899653935,-0.21792401101535722,0.0654619578957564,-0.287247831582136,0.7640651933225393,-0.7710688842847776,0.4592718643489242,-0.04448315486679541,0.36095312411996827,0.20059099768041982,1.0640954047951423,0.15798336279122743,-1.2599212862766096,-1.8231146782690804,0.19139527520361826,0.5336019181460432,-0.744549126574113,0.12023169838708483,-0.40644658330996425,1.2235738046469924,1.456376410663245,0.9999322211582127,0.6073642916922236,0.7930499285018697,0.2782819612962302,-0.4343236486496586,-0.664291159456168,2.03001418835926,-0.916441454405227,-0.9359139010453621,0.37896521193802724
GSM1602886,0.5879354863358673,-0.8334759412428878,0.05659187964484335,0.7351376420232281,0.9232353057475787,0.012162267297001097,-0.24517950000441524,-0.09939433251056908,0.3974265758107239,0.9042538621445027,-1.011767833772698,-0.3902388708858626,-1.2104491701063549,1.5017053734180146,0.5667777570410454,0.32747724184824484,0.7949819279533403,-0.830942886485531,0.1237120246563155,0.7073244207061914,0.49127783830109456,0.8152995799091028,0.13685610257598285,0.36655491106187504,0.5497193792196199,1.9123037272728354,1.369520583288175,2.3429014529289462,-0.7974614170388128,-0.38603457848555134,-0.5708754963348167,-0.8696491124915283,-0.48020412321665507,0.8919776408718975,0.8867283446466926,0.1173170984786028,1.3327803422412978,-1.3615122627614749,0.19202003650968152,0.10587572449649689,-0.806083624874619,0.49091665720345284,-0.3823133470762781,0.07733485160443909,-0.1934562983970631,0.19119741117038672,2.1680055102528084,0.09256880904871886,0.3602960195450581,1.763718643534354
GSM1602887,-0.44298350516818397,-0.27917547488396677,-0.35025000659141403,-0.7244086828822496,1.1053925950802552,0.7172696877868298,0.33512454625616067,-1.3174324985353012,-0.3812778282451296,0.23472254124760575,-0.004433077434298909,0.2750921757844449,-0.8533096460846311,0.7108227904861139,0.5875835922548851,0.7693936556578627,-0.2771528054725135,-0.6192240307715917,-1.2924118772398494,-0.4238008773976326,1.9381153044783712,-0.0357869963615715,-0.8830773260525059,-0.49642468990682787,0.25746123941582333,2.3715820715792932,1.7854699481750491,1.7768726667180539,1.7799486184009963,-0.9987295078648197,-0.9710091873449479,-1.225463342542039,0.006882471839194776,1.3040942153332478,0.01081355883305129,-1.253054229842502,-0.28221842882642845,-0.8874130998817195,-1.1158522688925745,0.4134689003148519,-0.6038898578653475,0.9883378919628169,-0.6843193708164802,-0.7026002148523453,0.2086911962174948,-1.3883854028450864,-1.7148120924217556,-0.14087660127118676,-0.24814889487479908,0.5994683061337489
GSM1602888,-1.0187539250993076,1.0422044149647498,0.8565434821557324,0.47804284563635935,-0.14369383918195355,0.862877539029131,0.7903919657251578,-0.06768617997971682,-1.1517000723105542,-1.1282489522209005,0.8035351336167392,0.3308088685673854,-0.2254335093346572,-0.27032109026159934,0.3410249492217845,-0.5737791875780799,-1.1092804229746014,-0.06445226565633964,-0.9775055613487994,0.4005769905339758,-0.22730545028276886,0.0484062653386068,1.335932213559521,0.43055809152968283,0.6856096595765873,0.1586026834216107,0.39494467273642186,-0.23698533306205521,0.549860999723845,0.10966024274274173,-0.14665691190392932,0.1845489503289473,0.38850227812421845,-0.32802090635758446,0.3298884826192129,-0.7170131011887164,-0.04121060818778667,0.9496873011358898,-0.5010927739732883,0.8723932468650046,0.6112774486967999,-0.286769386907414,-0.10188169283642329,0.7389163402630048,0.7262518261828028,-0.05113376032479196,0.44980524339956335,-0.4968067321441634,1.070306530832216,-1.0310317501834427
GSM1602889,0.8702751522809924,-0.7338439515090638,-0.041867812033089515,-0.6379352787910777,-0.9058515433147238,-0.8500207419789336,-1.1444725387022732,2.1410784619868277,0.22586898195102267,-1.0317850614277833,-0.6154421316767146,-1.0868422361611756,-0.4531868795663952,-0.5793690794006736,-1.4699937863626846,-1.1631749399196936,0.952033023200815,-1.1379220208980105,0.2789947525464741,-1.0344985735349013,-0.42936200445013717,-0.49972856132707605,-0.4908484314236967,-0.18309616828233916,-0.8977575513482503,-1.0717446194114084,-0.9342665184495698,-0.8482617939571282,-0.6485348210939901,-0.3239896611976381,-0.027555870758050004,-0.3924858021096612,-1.4776245648439361,-0.8049521253937089,0.37194808914929384,0.7212793766361031,-1.1060511491815945,-0.2768656193312406,1.1612659831575518,-1.3454517182066073,1.81182333377908,-0.6579855006528624,-0.5244244682006016,-0.2910495052903225,-1.5430699817940914,-0.41770558395634416,0.5440200228370545,-1.6874296138430853,-0.8086853146790152,-0.20220448648507197
GSM1602890,0.22700348086237404,-0.533102389316544,1.076320539221328,-0.5902100115873168,-0.9143824971999868,-1.3676990497016337,-0.024402394319986313,0.9285644140697457,0.5864389785030462,0.3327992165525096,0.3791982078933758,-0.3379628418357837,0.5138283584668915,-0.6219998474535621,-1.4291288724615205,-0.9007127704290936,0.46370250512182803,0.44416081845643374,0.8146642948209549,-0.001896424642722264,-1.749550199849192,-0.6088556930220573,-1.0061383725832664,0.39311034460754185,-0.5147941171090661,-0.7360889364380307,-0.763417411160211,-0.9810963044948773,-1.317992075926851,1.035575857799221,0.4662030306272901,-0.0872662612006213,-0.7727640054711149,-1.3124442726272298,-1.0925644004717634,1.01342284324978,0.8195477525861409,0.11231434247566097,0.8009359783529293,0.6789044627399631,1.413535067574638,0.2879110999299183,1.1039161907296,-0.36982692795256306,-0.40854734933133213,0.13974049472746372,0.1721972342397073,-1.2317742718308256,-0.936994686192509,-0.6831812101474145
GSM1602891,-1.5630019930444934,1.330553453755494,0.28708235944621935,-1.3055577387600865,-0.679396913928291,2.11915400285766,0.10126920647058099,-0.6743982245043303,-1.3307400327675891,-0.9892113207257259,0.04963071754040801,1.1355354888258777,0.2648647611809913,-1.4777493644100999,1.584287443105349,0.05812311083208441,-0.3099942882367103,0.22258729816204298,-1.239631417858146,-0.07481513315172592,0.14746698455431542,-0.8292057169537294,0.05912013679011342,-1.0846035659803808,-0.7868928894241629,0.4766920689201975,0.6531216811835284,0.34155628091975554,0.10573624370372393,-1.1529874644572995,-0.5727067598146506,0.9588615234938632,0.9857743639440145,-0.7964856463525972,0.2876100263399726,-0.2604791671644741,-0.6086740566104736,1.476384673693969,0.17538746939300454,-0.9551119376445341,-0.6206868788005302,-0.918972290437975,-0.9291644750417828,0.6289693589513691,-0.08610776534541134,0.9099652901426566,0.5132507309335037,-0.52109922956457,1.301578199689052,-0.4109960619317842
GSM1602892,-0.9104809940974895,1.873961780807325,-0.8824171613781897,-1.8244075866550427,-0.8048316008297306,0.5575891970279278,-0.020215655060897154,-1.0613437404985284,-1.5911240382705785,-1.9762398038251174,-1.116833943960919,1.4520574612108663,0.3302986076170722,-1.2902800415793636,0.19113181804154927,-1.0976299477076923,-0.428100367879364,-0.33844391078447655,-1.4311281358535346,-2.119981539012005,-0.15318728473810841,-1.6854996551717543,-0.0028124317974185346,-1.6437514461287572,-0.7287640366649772,0.13774156784599942,0.2810998185729716,-0.35328688448241213,-0.6915095251867719,-1.3108375452978083,-0.6352082822310126,1.3741090831974407,1.0188776173774554,-0.43380955147204414,0.3483597789340816,0.7589296002559247,-1.3650933628414363,1.3333367999773165,-0.34457439877824625,-2.109957363148569,-0.7731030016998894,-1.6791733603359955,-1.2264831500538833,-0.4090021430926198,-0.7635116999360759,0.8926196998191442,-0.3318413234858482,-0.4790591456234635,0.39452954547129043,-1.5476683835758922
GSM1602893,-0.6495468737780284,1.6897844772700352,-0.2715921120313243,-1.057689763916393,-0.04214002028325109,0.6992089804760624,-0.04150995243079683,-1.4218492612604448,-1.4927397744124162,-1.0809039641217424,-0.0821614403436865,0.9338472851758232,0.06525321682834867,-0.8720473859125784,0.4934763500954118,-0.47223832162932045,0.11204542446022635,-0.12954128137683166,-0.8687921718889737,-0.6442570750377992,-0.008148964627969492,-0.7185063561030244,0.4330796826895197,-1.194889593432261,-0.26933741098779035,0.08850938240342035,0.28734125275746913,-0.4869391563219649,0.5977206988437447,-1.4719377313334792,-0.2947733053970113,1.0892160240024311,0.921859235785192,-0.6381600975751592,-0.05210302274100479,0.39467947959975275,-0.44796299955699237,1.083300898878037,-0.5904936330168064,-1.298049699219279,-0.26755336946434954,-1.0093978943174964,-0.758984453079311,1.127198932114934,0.01544136388747141,1.2449768002323656,-0.28340365617305585,-0.3847983738361659,0.47683967363677887,-0.39869006536623136
GSM1602894,-2.1932862427995157,2.3735654328946034,0.015228311397973673,-1.3792713178459923,-0.6305876314269653,1.077828917447272,-0.558967995852342,-0.8368210547929228,-1.908296266722684,-2.125529384697954,-0.703537554558551,1.6167061614838079,0.6530153983552751,-2.366385758748625,0.6421893791423431,-1.5728925928765283,-0.8210212955586286,0.2628927924115984,-2.145807136460296,-0.5439941612369088,-1.1015055514026364,-1.535768557760699,0.4574768304243024,-1.749300031024956,-0.7334841416571741,0.6921283963581164,0.8259385793222255,-0.06333763181964158,-2.0986712737869806,-0.8205718715563227,-1.0548608031183018,1.355078936659002,2.1084569729723466,-1.2324463064629647,1.0002739150640056,-0.24297275527601786,-1.1829319757607328,0.7916208496398087,0.2904172268265671,-0.7760799296980317,-0.5316165294611314,-2.559408184913939,-0.8616730470508461,1.2075847512279703,-0.24860277642495596,0.8503162592530662,1.0780716304287599,-1.769530795148664,2.2263720595523178,-2.655996982399924
GSM1602895,-0.3816066846807445,1.58353169495827,-0.7386433389553261,-2.2208927413783806,-1.1673674613140095,-0.7458348362383889,-0.9327902537445856,0.11099160410190911,-2.5861190081219565,-2.544394830559099,-0.816104402958128,1.9213125456939182,0.5819491442637577,-2.1267811082670622,0.08814624957119918,-0.731362444531148,-0.25925072882702815,-0.683108624402206,-1.8279360084889802,-1.0566485968224124,-0.9769294288500481,-1.813545237806423,-0.0892248948911247,-1.6841536320495136,-0.892082238529804,0.4305415394804827,0.4187431794967223,-1.1789322867766403,-0.573958350834609,-2.1685719875368554,-0.3230634653548448,1.9612939183050873,1.5323771069660994,-1.8623859741179012,0.5393086262869389,1.3752653971101647,-1.7949605096519605,1.9406163200245838,0.538931541922323,-1.57343392820639,0.0648419730476014,-2.313014733256425,-1.404478383683587,-0.11417127082614627,-0.7275122571891496,1.0101331596219736,-0.11030975870869436,-1.1513209589202944,-0.10589405721105916,-1.1066873142626414
GSM1602896,-1.8600756052838825,1.761498935910543,0.064671209270446,-2.801558450154935,-0.9180924709026569,0.9738391426111978,-0.437806230405919,-0.642490782768106,-1.9333849726986803,-1.9420147695472345,-0.7917751203421473,2.1458811264048485,0.7839429666686281,-2.1311891792106485,1.0578301987146155,-0.4554057243339609,0.0849618191303836,-0.04079567330644392,-0.9232659806181052,0.5690719734892727,-1.7074467611923998,-1.554038947242993,0.5309247482066402,-1.7431173387622296,-0.8962353841544626,0.30421601930372155,0.6381109202315854,-1.1204532704655463,-1.8179327711805136,-1.1567344294138973,-0.2017783317056436,1.7399200533718282,2.4776714785292295,-1.3051265355514654,0.5318447283900232,0.8768210835698654,-0.3170252130733946,0.6916924991940275,0.8325814294536746,-1.115054654948418,-0.08223009198280685,-2.680298596470647,-0.6672319746773426,1.0897342946029716,-0.5328663784180615,1.548964563615812,0.8900583258920531,-1.4276370358656956,1.3816522893511185,-1.8554969012939484
GSM1602897,-2.9250137159721854,1.9233564531273462,-0.2205304244355918,-1.9912565151220885,-0.6512863621526833,1.6431298369885432,0.040786899155291226,-0.49119636623995927,-2.0275701199355343,-1.7430560304453497,-0.4682061694599472,1.1849380935597265,0.8125670115040611,-2.1039851831218224,0.9687877316469614,-0.8244089305650842,-0.6972290429086091,0.5197599159519477,-2.067650515092838,-0.35749032716272705,-1.0946408004858295,-1.991493195217517,0.018447134230446628,-1.8639113903961873,-1.00556403140146,0.22741022686464477,0.5558814385606723,-0.19137608319234156,-1.830648618161617,0.12902651448847113,-0.9057191576103676,1.273263524671449,2.2006491977871483,-1.0666152314534787,0.34470138553326973,-0.7202320251135896,-1.6255934943656718,0.5103337277120539,-0.0724971865535177,-0.937437143592461,-0.6286589054462738,-3.3198643409266504,-0.6359868774806734,0.9980546346995904,-0.6223815817165254,1.3431295916941928,1.1239737431676553,-1.6943617426774182,2.7585600310446043,-2.6282416375998365
GSM1602898,-1.235263802504606,1.6801952682297476,-0.6128474912863,-0.5551559712757335,0.6786222868442243,1.0021286381615366,0.5869476923624538,-0.6352545695280671,-1.2558502546237775,-0.4314688986268799,1.2867271958784223,0.7622717093458554,0.14084568969250796,-0.7929140826165374,1.7701723113313006,-0.04877608524907327,0.14020001700588797,0.05241137884676205,-1.1528204011991912,0.24110453670385648,-0.2063093533674733,-0.8793827662694624,1.5791920378335307,-0.933761030070602,0.08304441725871967,1.2965362119667212,1.411541251993398,1.1809082100016635,0.6086250065233438,0.3262988178160069,-0.7316638529598573,0.7257806820351129,1.2077994660472968,0.20175643493744388,0.6339381555411543,-0.5269218137706371,-0.5833589477004707,0.9570318577491329,0.25485149669230783,-0.6913707496349014,-0.6806296661911523,-1.5778763345981803,-1.1022683459220308,1.4787688302967577,-0.14502345678301318,0.6217807139835383,1.1092961050675663,-0.025672120439374196,1.4348055993215525,-0.6999585933270829
GSM1602899,-2.024886561086096,2.002308595977749,0.4525687318719127,-1.483419447390728,-0.5555089457264795,0.9592411919114626,0.2908053090195092,-0.58129262452435,-1.6671779515026095,-1.1656309537940963,0.5981138949825977,0.9741931461474292,0.7922248707924225,-1.6698772262606687,1.0462446048611715,0.06853311598798316,-0.05399586616471221,0.22195731046411374,-1.0522531416740306,0.11881787568933752,-0.8097733199673487,-1.0078666301015917,0.8159426272697504,-0.8498822867306238,-0.5680015139221548,0.08913966494834082,0.4230831784530974,-0.04575292169612048,-0.4479537343805642,-0.675108649321615,-0.1530746354366346,1.3109211577588322,1.6505405521568999,-1.1258167544911353,-0.6413580685896229,-0.12205862819210482,-1.4376160653932815,1.155718417052476,0.1691523798122317,-0.6149103346100838,0.3059187005829325,-2.069105775938119,-0.7015837768688482,0.4941801992338089,-0.17405839052718358,1.143000126194451,0.7789790031222869,-1.3080861827117805,0.805230955692874,-1.6454101661850427
GSM1602900,-2.41909586039819,1.8880724170833587,0.15296589029321073,-2.2063863797836936,-0.5813193014658564,1.534998878574418,-0.49211052622333895,-0.14185210872728438,-2.176929192076081,-1.798933910171356,-0.08312943302340083,0.9140553595568895,0.5566815721813648,-2.232783773561799,0.1069632157559089,-1.075336474671697,-0.3338327867921951,0.006813372261637655,-1.8844652170540328,-0.4804166471673469,-1.1532142398893395,-2.039202109604669,0.26503133778745314,-1.233704532502061,-0.8566050247765699,0.5189499506742162,0.6427300950253221,-0.5471175902171801,-1.6406014395559787,-0.7420017004929774,-0.4487367534407242,1.5316803659395553,1.891821028238731,-1.190726419251923,-0.1527660777799502,-0.26562391443206107,-1.7084000333666496,0.9953248157790229,0.41791434399813565,-1.0839360140005811,-0.027251385122041668,-2.6554933681877917,-0.6479713924417333,0.2267638483761239,-0.7817897005452974,0.9948286498619349,0.8599391506713576,-2.1112801457045136,1.0310383614972618,-2.284027705285709
GSM1602901,-1.9779262876632238,1.6316721839559243,0.49577341820344495,-1.2466415471992012,0.4777529865221292,1.9012758831010854,0.7642492930300098,0.8375243397613272,-1.8006937304476165,-0.5613373900579411,0.07900774097841454,0.41304986060428495,0.5399872626865275,-0.8824103478657818,2.101244576582074,-0.23812174171952882,-0.1972356239592969,0.43789366638288474,-2.099226065083753,0.8360021737022459,-0.7053276050070839,-1.2410836015798932,1.5584907979925002,-1.2547090417528408,-0.7013608652771263,-0.317911413376795,-0.0585403011054894,-0.5528501660525804,-0.630513092006164,-0.16968089154305432,-0.4844851450843967,1.1574665120704597,1.5859396756528361,-0.05697711542469249,0.8924189022960345,-0.8531560289900809,-1.0641245494118596,1.4041493609469191,1.140006151417615,-0.7182669720539792,-0.31285617952221734,-2.353644581777856,-0.9651793665722377,1.0991565108556232,-0.32856441094460487,0.7605157669055126,2.3820599966917344,-0.8293392729556461,2.249292313110914,-1.797939325080054
GSM1602902,0.06215975853358876,-1.316115339029107,1.7393679287687407,-0.06505178448265651,-0.4818390731981077,-0.867344526920159,0.18882552322796015,1.405778946294227,1.7452220495892614,0.7162286796126054,-0.06182158463165092,-1.0821737611881348,0.08505396923678378,0.015277330468765267,-0.8373567838410929,0.5311517604454198,0.5843223424663614,0.13759830126672473,0.7241258485021983,0.7080552765397171,-0.7052391059913131,0.03305586851953236,-0.24662382761156623,0.30428610396168543,-0.6703070179116732,-0.997587925649047,-1.060111401761581,-0.2598844799743108,-0.4620696019171387,0.6404229656389777,1.2520388919269865,-0.6093270789013838,-1.3628713609022032,-0.5871490326535383,-1.054991989175783,-0.10756836463381375,-1.062535824619526,-0.8665053696214912,1.3021348259052576,0.291405425489783,1.3010926410046415,0.8264455497433333,0.5725198239070994,-0.17320634687952596,-0.16311346569083934,-0.6004041902093289,0.7513139393468714,-0.4197371503520927,-1.0354328897255494,-0.8394294155208147
GSM1602903,0.8230218006676705,-0.6501844802822608,-0.958120548134735,-0.7163800661528859,1.1666245741222374,0.3112508264441016,1.6566635538270682,-1.8795965140902338,0.7550022333464177,2.0659237453694255,0.10891513307965456,0.7435184866215803,2.651202630726501,0.9664875348076735,-0.03880131781988525,3.5703032112188953,2.2892624709553457,3.4504408001550666,1.7869879782845817,-2.2841394718989902,2.356910172909716,0.26674689791069384,0.9806062573044453,-0.17965465693086685,0.3460642135329079,2.127593670907053,1.9834952493817775,2.7750669661624303,0.5786642712021867,0.726125650348908,1.5067145543013505,0.9320090943892269,1.1358399653804885,1.2863821885371838,-1.2825419904521775,0.41378679667654555,0.31728224130758353,0.21169827816849185,-1.3264521407639607,-1.115213992052527,-1.0757142309346375,1.2371019591019985,3.065625718414771,-0.36360328652885293,0.11610096932695298,0.6313976162773791,-1.1071926565942751,2.005578603970703,-0.27839468328219863,1.8082911299047113
GSM1602904,0.09371388891999034,0.9032654442648074,-1.3181907580165118,-0.15883219435256846,0.068395359187031,0.42235167521372435,-0.46752802870502597,-2.0495389780286075,-0.5877621153982455,-0.6094331988487924,-0.4708055961932156,0.6525102704984678,-0.22250598451209988,0.031668516087263815,-1.4735703481917286,-1.6523666351416564,-0.6391940760935872,-0.8386104476054221,-0.9429030851387374,-0.5163840171997613,-0.7532498337811571,-0.5168812379609907,0.04954979036904507,0.09068392534124237,0.9835338789264951,1.7147619534819494,1.5675643251313236,0.519739108049025,0.7894309847283851,-1.0084551200919067,-0.8100929562796948,0.6253865263710832,0.9758360050468764,0.2978059656808411,1.8425334144788468,0.7205673843772465,0.07139601668632455,0.44177928892432566,-1.1104513113950274,-0.49891648724709453,-1.014485184822366,-0.5266323999956039,-0.854483865084502,-1.104704220521882,0.13805614544443082,0.28979980031834934,-0.7703288445651639,0.07255620203533639,0.6242189463092784,0.10111417019189778
GSM1602905,-0.09927257328987016,1.305963503123348,0.4856016231972054,-0.6398488764202475,-0.455373228478698,0.160453292022468,-0.4681366211858652,-0.27925945020879833,-1.2380586103179452,-1.7610548602409482,0.48595951965351597,0.806742371760409,0.22724411256696966,-1.4291697994952715,0.5502140965382503,-0.5735972327806751,-0.535945084296317,-0.20800844276374542,-0.9824910259057911,-0.04597058084452497,-1.0497915020505706,-1.1176471067216158,0.03211710451817072,-0.01358824268207624,0.05058746271896491,-0.2449342478089462,-0.001365621265393142,-1.3191286284310455,0.11664177721815291,-0.42661297587907593,0.19527578716666544,1.4909494973012518,1.473975517979666,-0.8285683460429848,0.31897685429886913,0.45033467369454705,-0.7338377280128796,1.42994974949682,0.4479302629995569,0.4866253276263685,0.7251591100214372,-0.283143529191375,-0.4407698170752755,0.2299426573154373,0.5281225448543712,1.4623205293984882,0.5353330100004875,-0.4090380763534471,1.345125818733314,-1.2001273360993063
GSM1602906,-1.957927725730093,0.3170178149793489,0.10602666282115522,-0.8495569498847522,-1.2370779115423165,-0.11200011897596364,-1.084282438088636,-0.2313535977282901,-1.156893803917465,-1.5234675426811093,-0.1718272857377517,-0.8981070971436138,-0.8676509694999498,-1.1046501937189461,-1.0056543558006914,-2.1315693919224405,-2.35546532005785,-0.74980653100326,-0.8791514380022666,0.8774921605800841,-0.949666454387441,-0.4817797299814064,-2.084559987114675,-0.5226286582028871,-0.45983833144531344,-0.05684975689049169,-0.15177657005897988,-0.45478227776533836,-0.296050200416382,0.2698451038767733,-1.620305565722577,-0.9406344515578973,-0.7502554692468771,-1.058957639290397,0.11863288980409119,-1.7780695705360898,-0.039945416372085624,-1.423865992373457,-0.12911881816933515,-0.11789000352131263,0.36712876100699243,-1.3387224350813443,-0.3528191154070786,0.681280112387547,-0.1408687369218479,-1.4100792863089397,-0.33870422199624944,-1.4575135583581906,0.422127562726893,-0.8697309325858016
GSM1602907,-0.8495325431168812,1.2638282877188698,-0.6123272147892279,0.07436868523948345,0.6008935258456137,1.4400186367353078,2.3183235680008636,-1.315400320332207,-0.12465034925256237,0.46820044825255897,2.091148979498552,0.5239535132961795,0.2677638510149833,0.7694976610320797,1.0784939116134096,1.6057321080824665,0.14000503081610458,0.7876510184516883,0.8352695746464599,0.7370128570393782,0.07867283484111923,0.49338408930077393,1.3671774653445135,1.2924040353214332,1.8648293988655382,3.075310906465592,3.034561149313147,2.1346013005629607,1.7154802109957856,1.1299838331556382,-0.04764522228193649,-0.42866965925823086,0.26455881398960984,0.9291305638799461,1.5928106982973487,-1.233248984102376,2.9344793444754544,-1.0734891984159365,-1.2267733172638728,0.24005987661509817,-0.8727799808153248,-1.2999601920127333,-0.02884939394812386,0.8702450926755134,1.011361185341475,0.2873833109990497,1.3193012392527212,1.1687049518649173,1.2628781805583376,0.8383102086759886
GSM1602908,1.8262805608558172,-0.7089234161762478,0.428128149314209,0.7628473032065746,0.17406055045353722,-1.3533769021713034,0.14205540767663336,0.8451486621259677,1.1392803754568288,1.2310550265439923,-0.7057835467778354,1.6245371547206175,3.2275038174129675,1.5895800029959033,-0.7024511644498204,1.285215940073034,2.079600818332232,3.221269402683726,1.7061121952912246,-0.3244088601363942,1.0285779133955126,-0.5312862806935071,0.5262707735335018,-1.2966143578701257,-1.3335530787736949,-1.5590756804645103,-1.5199406195505847,-0.7922521118458876,-0.018093610847743614,1.2624965703655222,2.3976584026693066,1.9016858147101998,0.05765627478455908,0.37700912878756543,-2.903938034096527,1.6444164165348627,-1.145294212272331,-0.05957872650238761,0.7583409880259445,0.042431562633124996,0.9117492070173193,1.635073547399213,3.2983047286862686,-1.2882198545985828,-0.9949497358580665,1.7897875999617636,-0.3174268802449065,1.016900108585494,-1.4712280472726884,0.30396941318849907
GSM1602909,-1.5027747023933105,1.9020668875020215,-0.9117316758445181,-1.6104278406240815,0.1440609455091129,0.22022178378668075,-0.6583118133756649,-0.3352293628096967,-2.299954703496384,-1.1338269821779117,-1.0782558792463113,1.3515643608555459,0.43035204347512135,-1.532652858041052,0.33186569495326235,-1.0773023730466718,-0.10486739805500975,-0.32287925105028725,-1.728522923654819,-0.7800365864356541,-0.7942567917969128,-2.4302394021790277,-0.22923551399901682,-2.2815443635609887,-1.7885962456033297,-0.3219860339143345,-0.01960204031839021,-0.42601408573422817,-1.6353097369348162,-0.7141844402363682,-0.8805403666711198,1.3654165573772534,2.056247051900327,-0.4134351688869572,0.9524270732891348,0.319336491370418,-1.2970319430288417,0.7824732406645342,0.4733952392133418,-1.7576133836982122,-1.1219054830809754,-2.081351500106692,-1.0022121979404885,0.22704108706185422,-1.5848568931431413,0.7445872530835379,0.7061298735072193,-0.9369696710916401,1.8460065003073003,-1.4611935372735676
GSM1602910,-0.8564792857379196,1.3122214075657488,-1.9109894537216252,-1.571164980488078,0.4292691047306204,0.9801200345887585,-0.09247388404565778,-0.7121609496045362,-1.1879093206348759,-0.9507613973737167,-0.6930162846520911,1.6323462320084394,-0.11274840233431736,-1.1281249352226994,1.2634421264735831,-0.5775080564997229,-0.02615776563040333,-0.5012887106999308,-0.09705791013952997,0.353615844148774,-0.14983522307379343,-0.9466577525004347,0.04033160059032302,-1.8199902521683105,-1.2224086055885623,0.2837043577475974,0.29922647532019775,0.18331904769455137,-1.8118267912425134,-1.3514788005111857,-0.74020251753015,1.0038901646107687,1.8925014485504172,0.14892779006650025,0.9862454901498141,0.6413222896708032,-0.4711552085680129,1.2256512934017838,-0.6292368529168549,-1.8327704799049078,-1.6138418476675616,-1.4236981998965708,-1.5975776995791018,-0.521974289114062,-1.079430905415637,0.749053812424796,-0.5183591469033587,-0.31297270817933565,1.3050995115490498,-0.9677156751828588
GSM1602911,-1.4429568485669544,1.6188577992767823,-0.675665478995164,-1.5069384010386098,0.15698381954018392,1.295548115200377,-0.7257734278320342,-1.3965730974197137,-1.4593291132437698,-1.5024875193646485,-0.23730895489558587,1.1719975454189238,0.09803493702561114,-1.4466023494842126,0.30771019581470105,-1.1346400242301582,-0.1305593699012344,-0.07516121350395397,-0.9225231094284404,0.5900757613049122,-0.897859630399151,-0.7078355521198525,0.4183110920168676,-1.0381063231777197,-0.38449854369908365,-0.04356571472731473,0.12494485081083272,-0.1456012611223584,-1.4858038462255823,-0.2728276805089445,-0.7756123350752269,0.7278826255336727,1.4762341528131573,-0.5341797866376123,1.114413475767831,0.16659442030894892,-0.820742338542443,1.5415083274680401,-0.020286174701839924,-1.8993028312880196,-0.6168396128959598,-1.8205014335083445,-0.48927307375144624,0.6597964804227926,-0.33354286034304603,0.8054783053270301,0.3391273486525506,-0.9937213875575174,1.289862743893487,-1.4670618144562964
GSM1602912,-0.2938575074082862,-0.5176866352852918,-1.4665364051936185,-0.28527633168988475,0.9902369395501116,-0.2819433217162882,-1.012644333617252,0.5161907344787571,0.1669858681916493,0.259118246634568,-1.073837710409584,-0.09917100039933524,-0.36890032655159655,0.7767875305349413,0.375313286094523,-0.9527864657229953,0.8071547441076684,-0.14741241976536804,0.43085864550731423,0.5213696864202351,0.18848021111629487,0.09357732116411153,-1.6148951198824142,-0.31338297096811235,-0.3411885018233359,0.3421426023941268,-0.05214406310755493,2.2447529554050556,-0.3353747752338332,-0.3245783438187895,-1.7816599266869824,-0.4646823042314903,-0.5416800265536016,1.889186008937398,0.007766308412498033,0.15648799514405312,-0.8586065204342309,2.9399496680769577,-0.22210830624920655,-0.5229658711816226,-2.213201724909919,-0.26195461397152037,-0.46740646302682687,-2.117549734142756,-1.2305211106100034,-0.8628777287238948,-0.6285899724336089,0.4135173849849365,0.23181920435934802,0.7068251744824399
GSM1602913,-2.215126552748121,2.0277792686062255,-0.7145909915577734,-2.822406729770915,-0.5843436575930675,0.08253697696351771,-0.7946206807648881,-0.33297711645762784,-2.1713239792899848,-2.043475887199372,-0.12051781591186309,1.3499630396401356,0.37554173897268517,-2.4027374073519256,0.39309657297879985,-0.6200270155996798,-0.25119774232210557,0.0762000601690106,-2.5748103139202443,-0.10100946623772342,-0.9616672300402882,-2.5086875688913266,0.7442509267305191,-1.9861188482093142,-1.2544807185342588,1.275784001375378,1.3226737871833223,-0.11879697195258943,-2.150328546835282,-1.0332337696957001,-0.9542996743505824,1.5736445183679508,2.002434456302777,-1.003080934060038,1.260490787181638,0.4090042994477941,-2.1727936150791014,2.398999321292982,0.7663438016209043,-1.5514101157925904,-0.6113990356337906,-2.437062015543526,-1.212666080204908,0.2480647328911184,-1.1709311572377867,1.3010422403128243,0.7958948546539586,-1.3399053251388326,1.767482389096466,-2.1858694389358146
GSM1602914,-1.7034174778055835,1.6446156265234342,-1.1083646011956276,-0.3919079038594101,0.6154797742372072,1.314830138322376,0.02275546742646012,-0.9967608807389216,-1.668761642412285,-0.9069417032005733,-0.40658024544491506,0.8588962282992202,0.08953783710119931,-1.0010125037337672,1.2054890393769562,-1.2656648948712483,-0.5239424877556436,0.14274497006834008,-0.6725897406165695,-0.09960462077751685,-0.7096833662505404,-0.8253446534030616,0.8489678697962365,-1.8581130879415677,-0.9797922590764392,-0.15647373515213808,0.06786484113463136,-0.10025817421628408,-2.2693850519083894,0.46324752171381123,-0.8652234226306729,0.8933020726374499,1.8686573842900498,0.2710802625883844,2.4280047746084175,-0.319306907993188,-0.39077589046560923,1.9120247265055559,0.3724693254103341,-1.5031660356543106,-0.9504265660391265,-2.3301976044947814,-1.0247473985364939,0.42648225010313145,-0.9672756704390758,0.8464566088070999,1.356162704467489,-0.5399557655421716,2.411306079572349,-1.1868174689530544
GSM1602915,-1.811680404160645,1.8957764391258103,-0.47578458816624447,-0.6610733509244919,0.4644494057243352,0.9254042899567784,-0.18471120073535716,-0.08771278174283233,-1.7559275934515974,-0.7831400634510228,-0.7546360659366814,1.367858124280612,0.21385496301094983,-1.080191277766819,1.3118504815039809,-1.0906988920897476,-0.5749506091695902,-0.11028610435459632,-1.5359272624945315,0.6533450708501148,-0.4282318004367713,-1.257230828927739,1.1788673480584626,-1.9089585505378954,-0.777577639200133,-0.3032517648600107,-0.12242609801204864,-0.3225340275785122,-0.976037866759287,0.062361780361950836,-0.7567483662682546,1.1335017315027376,1.7176902096736777,-0.19011945392925012,1.14724085013488,-0.188030115210348,-1.2163017583073972,1.165462111538238,0.2952452754718126,-1.1190371863738677,-0.8236172536331005,-1.9580273958597254,-0.4326255182075178,1.1560740960259959,-0.9032646917484135,0.5373026362387688,1.1402855386229462,-0.6240363001554302,2.454885217799885,-1.4500817899427627
GSM1602916,-1.6724851412390762,2.192384946152595,-0.11795706551869559,-0.8110251503202843,0.5691135169398762,1.22681322695526,1.3053778909472333,-0.3651983746560643,-1.5984356572193634,-0.29437822954787884,0.20231268880663253,0.5513851342488486,0.47731887073661655,-0.6791448423319852,2.2269652416663797,0.6642482154382225,0.12913472409412832,0.5307256941881948,-1.0330683113208738,0.9767356987701783,0.2537762191301415,-0.6847892280088261,2.020581978899924,-1.5262554601301217,-0.8384437509156336,0.22621883939696222,0.5516877273267036,-0.07708825546136133,0.2845983839198617,-0.3389374531754417,-0.40947337831526254,1.302864188687981,1.5687242807785795,-0.20837800107430618,0.18372486132500493,-0.04596092119824401,-0.6633498713156614,0.8228701471384231,-0.01906886353482092,-0.5564961935822763,-0.3745456499985215,-1.5709526392990893,-0.9457974253087129,1.527487656571719,-0.5952745321702694,1.027701551047626,1.1408872660177891,-0.7182123719756207,1.870249790930418,-1.434547206409462
GSM1602917,-1.964821129736237,1.7224321620935221,0.6036411185308207,-0.8072213290314327,0.04985648850788136,2.0203399119985757,0.9056278359987646,-0.9422797070067426,-1.3382388483423087,-1.3326782600893825,0.8735583644463585,0.14389908886992508,-0.01918054291605755,-1.1181302383336498,1.2484396579360388,-0.39110233487777096,-0.5426516512018199,0.6215431537144297,-1.0571473242869918,1.830691392819996,0.16923231674251948,-0.4643084146214545,0.6470152176318891,-0.36623998506245575,-0.08266152651562055,1.3607230475634664,1.363327545775942,0.6257463625077512,0.44778968606714964,0.3660872859652086,-0.36206053701754276,0.5211415034846534,0.7774856224529797,-0.389733873424817,-0.11858029995133923,-1.099252443569707,-0.7264940694477583,1.6511136070703207,0.023693507452369002,1.0536906384813738,0.08473722774156202,-1.284079961961042,-0.44069521186429383,0.5442876317890588,0.15665605784254275,0.35456951234072015,0.9814200433916672,-0.8759252133990811,1.4306056202227955,-1.5169599265709774
GSM1602918,-0.4470206302275153,1.0046694029986591,-1.256215397227373,-1.1488576196156195,-0.2632521380411121,0.26439149621596847,-0.8315283318181708,-1.137411818633232,-1.3282134079954413,-1.201674120959119,-0.6112880615942063,0.6407654653203865,-0.21118505876312116,-0.7502245425678973,0.13695202774241252,-1.1082695740190405,-0.35478732154775217,-0.5503631391901299,-1.5117982065991018,-1.5323025053743624,-0.15092320363190023,-1.399718611206073,0.13431598593570077,-1.3437686719678799,-0.44937298646389884,-0.26729158334350345,-0.3250540997654941,-1.1600602604145756,-0.16123804536903574,-0.9856827220621078,-0.996878647031996,0.8681503518803939,0.9763422230479416,0.020765834591906125,0.6989815337949329,0.7223507629045802,-0.9798690749824851,0.6747353834434635,-0.47872629611349954,-1.6197160560355253,-0.909363081095965,-0.7325882616643663,-1.0430687718276963,-0.38822734273202386,-1.13828547615538,0.12373204241574048,-0.005399014986812869,-0.6657531297741697,1.1861273373110115,-0.8757694859480462
GSM1602919,-1.0897391654521627,0.7836682946535053,0.26931205563419325,0.15319587314027336,-0.9761753354530598,-1.2891284082656638,-0.7917654529882937,-1.7921813009645677,-1.5966307967167779,-1.8841769962842707,0.04350721029560367,-0.3079072174792783,0.13902771955698023,-1.53692350394556,-0.22518730714501917,-1.3135943577363483,-2.2454038655012187,-0.1285712717090265,-1.7806882209620472,0.7384463933052513,-1.701951915460064,-0.9686653169782721,0.08262133994743517,0.4333557096483353,0.48018846771423135,-0.7306396661340678,-0.3167658641394795,-1.4840349451085746,-0.014756036456339177,-0.06716610945256231,-0.6035617585838964,0.5355866515763572,0.11617195799240307,-2.298026783302418,-0.8149820729727226,-0.4383435194139706,0.01738060909124115,0.5711205040391735,-1.1198399644818895,0.47447679418228944,0.4732538166079758,-1.293105495695714,-0.5880598181295851,0.9537449190831305,0.7471358600770054,-0.27290421385530234,-0.9070301957299082,-0.2316550183079386,1.0973782746700127,-1.828610298657503
GSM1602920,-1.519149133541874,1.9014474368614809,0.7087572921210624,-1.3640208505760183,-0.155066150453617,0.849870406828855,-0.26579171210636077,0.571122981474379,-2.1084507280509253,-1.3504110123808701,0.5620558122270143,0.7470466749386169,0.4548698567864893,-1.949841234781543,1.9725116955742643,-0.49447597314203967,-0.2903463245063575,0.1667124243445402,-1.2233175894767727,1.31869493787752,-0.8807696659614681,-0.8818214481022345,0.5582794458833763,-1.2480278693306,-0.8467197147924571,0.09344602414088991,0.39649559832569925,-0.8166511813142727,-1.430867569497486,-0.08311094343906208,-0.5952751977164135,1.079417879030942,1.466395606862881,-1.2890337144628108,0.9312111958992216,-0.2720324711163008,-0.9754805960130575,1.0211617108234112,0.912505464668147,-0.23074803020504203,0.8035254144891838,-1.9931956960360593,-0.6503907271511926,1.3279837110770516,-0.09047243717642223,0.556684175341543,1.246007417656234,-1.2300683524247555,1.5024807367340975,-1.3848805983487724
GSM1602921,-0.9888217517514146,0.6380762268453283,0.37363624463859724,-0.2427884297726307,-0.3827596352509657,0.9123014580229827,0.6737001566933689,0.29615001170730654,-0.25596103676772275,-0.3773074749217943,0.20236359902077572,-0.12122481511574709,-0.4899111033111153,-0.6304404175740382,0.16570242326770596,-1.2880572278299516,-0.9150687721056519,-0.35698749614587344,-0.6553464378764989,0.7276167868262147,0.11300299319141376,-0.40312776305277503,-0.44582209517561716,0.46974669874507213,0.9031805542739862,2.0740904905131723,1.929423973710402,0.8945908109839822,0.00626572409840712,-0.17685611345737573,-1.0899552820435758,-0.630416844218604,-0.22111882060203678,-0.041186819362625963,0.6739533210156716,-1.1746565908826614,-0.423404361091104,0.15794572170966872,-0.2878710082177726,1.792142752487401,-0.45043258980589423,-0.4692187706986085,-0.5609884169853351,-0.5770123405024014,0.43281646872240964,-1.2666566147340947,0.15574020995294258,-0.3513567506643153,0.5914390317296914,-0.28825932102571084
GSM1602922,-1.7865148975022747,0.07956687721956875,0.83763057857951,0.6262521299061778,-1.1695711402322624,-0.03952076219938249,0.8143119662110203,0.05198018308026744,-0.5148382894947748,-0.5496236469161129,0.5830795156811903,-1.1038321438552066,-0.6279862127078938,-0.6097899850975869,0.9086900091005315,0.9022469072764029,-2.5460999645662623,-0.8567470561010271,-0.6138542853809997,0.23363279626355235,-0.9497199054136666,0.5707811106510651,0.9831446923179362,0.6993215876951034,1.0268577188087287,-0.8036539745414292,-0.2958718077758179,-0.7967614356201786,0.8851252044100925,0.3874333726779862,-0.16517328130072437,-1.2563754922832522,-1.3288546854968062,-0.9865999811611355,-1.848300843032603,-1.9500830055196714,-0.1641439978486276,-0.6922624247634649,-1.226089267199415,1.1518491680801834,0.005609532789226464,-1.0914842159336728,-0.3492457774359899,0.997942463281797,1.6171334567168083,-1.569607389921582,0.15928818802587247,-0.33955390897660226,-1.1676735218727312,-1.7472592988051767
GSM1602923,3.4579254448939016,-2.465479239466429,0.7453006411118726,-0.7720419720141269,-1.3470239751819095,-0.7757083971610769,-1.2229277498979527,1.784934527037259,3.4751121602756005,-0.8123922458471307,-1.8931379977971923,4.1358360071256435,5.7581755173590485,-0.6266447880876307,-1.9315451465300204,3.14580788891519,3.7656099791705127,6.654885204087778,3.842955527767306,-1.4231102521434498,0.6466358727401009,-0.6148028027158813,-1.163229675300045,-2.4434511814222954,-2.493032809325767,-0.09072391783626849,-0.6363158679434144,-1.4419418304928895,-2.790823818042451,4.078823616024178,5.008793382917411,3.088981375930108,2.3098164984615313,-1.3862307019431261,-3.3059194526515094,3.844352932615375,-0.7167065851804383,-1.566822180288424,1.6607806493208899,-1.082582353779176,1.3070901728874695,1.3135841858257544,6.5438537601641755,-1.96081158264005,-1.7515143112319111,4.631950906910669,-1.520279073041803,2.8375676339008535,-1.922832619667475,0.04274749359495235
GSM1602924,0.5533348881166761,-1.2363463712298315,1.0457775481345675,0.15413810782846984,-2.2246214660925574,-3.0072545312937695,-2.688909727438978,0.4623091224221029,1.5452601190769664,-1.1018216063098898,-0.8012564580792062,1.0009768772533205,0.9140334864472203,-1.5097566836345628,-2.1674295099982865,-0.9701210763145722,-0.3278955327962197,-0.045790865799266854,0.3405711069130057,-0.8484939785856768,-1.7093731186346284,-1.5147518236546538,-1.3978596985024587,-0.2507446768457414,-1.3910928162897498,-0.7038704326907174,-0.7840593744776877,-1.944513440074812,-1.8491875160418592,-1.7770526951184076,0.4403992998170825,0.3895130381404525,-0.4711896902506887,-1.8665389185184673,0.3929927959608672,1.5511512734886332,-0.7918659128913279,0.9808464299228544,0.14130180464340894,-1.120701484988828,1.4073508547395155,-0.09469650554290505,0.9563788041144992,-0.7025440743156743,-1.2190892216156215,-0.5945172190269532,-0.6176112252547659,-1.1023869474361467,-1.4826319833175594,-0.24936248726475696
GSM1602925,-0.9600036998045169,-0.3132650105607767,0.4353852298134172,-0.4467180293261003,-0.507520095235481,-0.4096761858882541,0.6687098396761177,0.7371758371806807,0.10811107131986505,0.2211227448153693,0.8686923706692564,-1.276469302513928,-1.1858511662477762,-0.19649772002683424,-1.0339188669155506,-0.3202951894986273,-0.3539507795848503,-1.0272918844675127,-1.2961316743660891,0.3867465717525166,-0.5537194151781976,-0.8108970566010134,-0.5379614709851934,1.4620178980335041,0.6756888406413293,2.0619279182091796,1.8979561443543826,1.2223198708050569,-0.4607499377407732,-0.04394479815914825,-1.0123473191153893,-1.7103527069445426,-1.7061968274538826,-0.3910230080604934,0.12456907107815035,-0.9223632807298375,-0.05137285757540786,-0.5938817571829101,0.6997890494425416,1.397553567529751,0.8206883647111477,-1.1821694961531861,-0.5359548889547269,1.0626958108562998,0.7127250363619998,-0.8327662506509657,0.8750532490374017,-0.918897580988659,-0.8395467898553244,-0.7918823025855041
GSM1602926,-0.5339382808150607,0.3775937612545812,-1.2882655059642767,0.7095693780032423,-0.13116763206897916,1.8056116499079489,1.2337934756403823,-1.6276574243712771,-0.3230536892511773,0.3697664458593575,-0.1224629954484393,0.9764778342124946,0.171289862280904,0.47877867304268634,2.1425403832674212,2.1615961837847975,-1.0280748920094163,-0.47438240730209164,-1.257392259183395,-1.7471939410248563,0.3424058680214686,-0.12353853935562344,1.1137944981910002,-2.7652233007458897,-0.6395877501305198,-0.5782693039401196,-0.32412809784511215,0.9736758713315369,0.8198531203465206,-1.5514493347715075,0.17780430807680123,1.1439123570542662,1.3249588333546511,1.0668265182540568,0.5710326390613534,0.019195040436307726,0.4175653916439022,0.8146181327079524,-3.434802357714262,-1.2827055447799887,-1.880252226457426,-0.5341227933621195,-0.426380089819893,0.02262876452527196,0.8330245765382671,0.6537053448003018,-0.2754447266247169,0.45081567075823786,1.2030788390112266,-1.6866512781339904
GSM1602927,-0.33433699842046477,-0.7419871734915718,0.3351217916015081,0.29343234101313725,-0.6835750255964036,0.04868457406309377,0.3095724955174125,-0.01195305604866547,0.3926782682559639,1.057498128467306,1.0372430412945544,-1.0476973195919872,-0.5890581369671113,-0.2772045540171348,0.23759035098279147,0.31418202669950895,-0.4684341422994776,-0.35572205596828266,0.930657846864481,1.2475899200888259,-1.7463543930851655,0.6246012923403284,0.13030590092030786,2.571947188701717,2.0033821333732034,2.19616678181331,2.1948990833938673,0.7668964946335486,-0.5793280670150635,0.25866350880321703,-0.09134540968690687,-1.6818075391908847,-1.9614210528454785,-0.5829914456822167,0.8978620717406869,-0.8035474873805694,1.6454398029410666,-0.5185622473848243,0.2112764997267655,1.1703485700759717,0.9080884918587165,-1.400519295914699,-0.1443067196075377,1.4742114863859634,1.780014605686343,-0.5525532504798711,-0.03352994323840754,0.0487875726369367,-0.9799330588058349,-0.33836107323481773
GSM1602928,-1.030305221931368,0.009309317676549174,0.5499856961102537,-1.7144950358339819,-1.7097822170493888,-1.3089482801942145,0.3597542655707011,0.009446629459577116,-0.7747704207007806,-1.624614643447951,0.6266927851804848,-1.2366944863779843,-0.33923941938626434,-1.4188651875252383,-0.9531023547932077,-0.0846524932564776,-0.276196370451788,-0.7082611106650712,0.1689438088015883,0.51179769424003,-0.5175117759680594,-0.11208045004419531,-0.14633069268274113,0.8982720761973527,0.8519224446663443,0.44947950495166444,0.7358825574419264,-0.8071732499581221,-0.10670247484642512,-0.3998089363585152,0.11557475693051551,-0.34884466152739146,-1.0807238776482568,-2.1559991376814085,-0.4745306312235924,-0.22464345123577828,-1.2447839186319016,-1.0471275077281,-0.18222584619930768,0.6697487690733338,1.6237353296163455,-1.0230077339522476,0.05068169874354447,0.44154441740494477,1.0585815744109652,0.01586363787245026,-1.1245370938804282,-0.5153692388128998,-1.94226341737392,-0.355715549160423
GSM1602929,0.36260757705816704,-1.6447241409918678,0.1421985977722885,0.19974856954305398,0.9211863153816189,0.3411699140917854,0.4575946785728738,0.3826562616251696,1.0907758609518923,1.2728944975736454,-0.9305335999457649,-1.0231489785013985,-1.0451949903655535,0.8779642816377378,-1.2527794412837767,-0.5197638609791768,-0.4435833765710555,-0.7792148020193403,-0.07457588302241729,0.5774872042677558,0.019192884972896045,0.8615507708542327,-1.3600345674968928,0.6909413919797751,0.20696354151786367,1.1734425151323211,0.586032627383194,1.707721813477099,-0.2984844333028144,0.4921389660479372,-0.7037143469039979,-1.845389492888501,-1.5495311147018582,0.6967439636119118,1.176399689737759,-0.7869300201603626,0.2502650729180395,-0.31573490936116677,0.03499726063637511,1.1059864460843212,0.03224767606106288,0.3093681738604842,-0.009201351731115212,0.25803701887142144,0.17445089575884346,-0.9516253653241249,1.5457146405518576,0.5758081240931353,-1.3367754173131705,0.1907642027771333
GSM1602930,-1.1072959454014835,0.3269251106407472,-0.21129451258986973,-0.37632892233971366,-0.05817121637982219,0.9138403940803471,0.43062010508175963,-0.6974226304589191,-1.2976251247131136,0.2782808598468962,1.0302657656603926,-0.13872404196418742,-0.9736036918850461,-0.15810772835682987,0.6441850491720604,-0.9052947775674256,-0.850992055112926,-0.5862909188687265,-0.7174538013285932,-0.32263261257673337,0.16391290549787896,0.3640965872766949,0.08356615734853724,0.05744248784934006,0.8564589144268212,1.1349083870893293,1.1792916935974984,0.9546481551107341,0.45526041850938553,-0.32679034785014177,-1.545747142751704,-0.8104235111525457,-0.792905009335762,0.47983428171963105,1.929145577132638,-0.8806738219338374,0.9885377678376858,-0.8260357472859815,-0.6108036387842823,-0.4424820889661931,-0.3232262808507002,-1.4213027094377038,-1.084631716340349,0.7844242636685781,0.6119686826845336,-1.0554216082252255,0.6742075089891791,-0.1571268158696219,0.739516194230839,0.14154647415713695
GSM1602931,0.2355940333056275,0.5637676563465744,-0.6901237465315916,-0.5839877704175059,-0.411800155540912,-0.190738075384698,-0.099612261145917,-1.0650169967945065,-0.6771518708964379,-0.7281707984682435,0.29329723437243893,0.6196681806097941,-0.019976806118263205,-0.29015023520408545,0.4888406743866386,0.2215487058110597,0.06225140127426385,-0.24198138670245478,-1.4654880492246884,-0.30508510899051394,0.6642781415604784,-0.6923433976148249,0.47071148418771713,-0.22722159394212454,-0.11842124694721037,1.3161640910511543,1.263565719749664,0.30078983203260223,2.07514019068906,-1.697215712663588,-0.9987425216441657,0.44098156547350503,0.5633547405185548,0.5047102654738174,-0.7118710136700023,-0.048730346939506314,-1.326443592306704,-0.23914942828872937,-1.2414606127702956,-0.10449469075232487,-0.799908510159726,-1.0001658920486858,-1.8313156787486524,-0.5944367439082788,0.01605621180488846,-0.18013196649391613,-1.342004978281786,-0.9498280494436435,0.00703470977760799,-0.05373051401261171
GSM1602932,-0.2412203011966573,-1.5897290917052325,2.013883084536449,0.5465712880877966,-1.2431862998908514,-2.949314239055563,-0.05229909750520988,1.1755666186805864,1.690899674468362,-0.40046396192046096,0.05482024506057611,-0.016761753396278105,0.4614887667229381,-0.5269392215142067,-2.39540676699877,0.02293126341922451,0.1131368678870305,0.23618188931066716,1.3207700841345376,-0.7845047776466694,-1.1524534458500908,-0.89485104743312,-0.6412946779756981,1.3700644166522808,-0.8389121816628679,0.3378401184766036,0.29543296732718405,-0.8398950176698456,-1.3529233525021647,0.0795989315955388,1.3266609460522174,-0.28390447702684346,-1.4031941579233806,-1.6502861764770818,-1.1282502992970833,0.9404829798842806,-0.40220401544504986,-0.36460374748166563,1.3125274520255976,0.36221892797696853,2.378452415982143,0.08568404256545706,1.1747553192550193,0.2301372066562743,-0.03889285534488622,0.04387952097815537,0.00459546836744089,-0.7892817494801204,-1.7041557616865424,-0.9814677140134079
GSM1602933,2.0484818871008224,-1.0805110608994903,0.06110034778149722,0.25520350087176485,-0.025222779678432086,-0.7500198589331792,-1.367757862157381,1.1593943540988616,0.4247197832040561,0.9723722578645144,0.046810701312532815,0.45833143517980857,0.9454762235613823,0.7665478063634577,-0.24721056115217446,1.1696063882913148,1.8148607563409942,0.8875456758799415,1.4317650520582441,-1.2533377054074784,1.975441430459867,0.2287168031827433,0.6806423949258438,-0.9403358025063857,-0.7305769740579227,-1.0937178840169903,-1.224655713436457,-0.4873897810788081,0.18966797306235406,0.5383594100255773,1.5418176583644092,0.583823518983336,-0.39258008991261656,0.030970952241075315,-0.8549203298317077,1.4518181313046206,-0.9353318060421342,-0.2810400359152891,1.0689678164363718,-1.0816440072618119,1.0222506997036318,1.9605681250926106,1.191231438489412,0.06893926981089692,-0.8794945883449952,0.5288652258881893,-0.32739683372466866,0.7581756538091666,-1.278464753231097,1.5060512684280456
GSM1602934,0.3242235724026154,-0.14656141475486922,1.481125132637477,-0.5799057364346542,-0.576368942466082,0.12355041577908621,2.184472370215877,1.6679098595808661,1.465286359989797,0.7918424227846339,1.1261548630987603,-0.11017379914358714,0.20167931679986822,-0.09982016501007593,0.048479944240816156,1.3668485396742038,1.0583724418600624,0.13090183027661778,0.436622966595544,-0.2859647700491865,0.9550858023784755,0.7998701058696529,1.631087799878647,1.019234068765357,0.7680591837440871,2.1638529823643897,2.054856880174856,1.0690564047369682,1.0564452774866688,-0.9178459764919417,1.1901389164540643,-0.7055988357071066,-0.7869158933610895,-0.013384519461529732,-1.504416443657201,-0.1072261219462065,2.25522125246083,-0.5902557728703784,0.41584318108622564,0.2029682654428675,0.7982104979984671,0.2703715130490314,0.9384233914553318,1.3506546624794764,0.8662461190537408,-0.6529191412364409,0.10372865928692375,0.608890898279285,-1.3383215048868937,0.8305500638886852
GSM1602935,-0.37419756636427565,-0.9349819532528901,-0.04838357142904233,-0.3497268043711989,1.6641810165268767,0.5503185283169975,0.014057261901621928,-0.10141908930254794,1.0450681907028123,0.5655256205761692,-1.194835432957571,-0.060135453372580965,-1.1238674669131263,1.2157252401938228,0.6783839144011947,1.0765233667930347,0.2294321589918487,-1.0155185117145225,-0.7785875563969453,0.7201550883826141,2.4207265420015562,0.3589729936665757,-1.7040048088581485,0.16834841308756834,-0.5381039085693538,1.0001126707939307,0.5358387916804666,1.793416419353222,1.170255439288117,-1.0736761351928854,-0.7036837396314588,-1.2143571073413428,-0.657910854349311,2.2645126274319347,-0.23960491099623854,-1.4066581792561883,-0.7449447280186714,-0.8065511150716665,-0.8102377030783973,0.07407370752266954,-0.7245998721312996,0.8446165975178398,0.35066268425692265,-0.626847125166126,0.15623277509615838,-1.94710919585279,-1.4552547979292352,0.5569851067802487,0.27810292878267706,1.7614934546399004
GSM1602936,0.431175991260336,-0.16156681416889207,0.5325683023220011,-0.5600601783549711,-0.557846064887767,-1.6466412623395075,-0.9492924878004281,0.18826491655341734,0.2052012264336251,-1.0713488658051336,-0.09751020702091619,0.11288618511411208,0.6862722814083797,-0.6683275929391158,-1.4378087234153536,-0.2813914644109604,1.5817404050911055,0.5192000785620514,0.06311282229232171,-0.5078647435901841,-0.16776446923704624,-0.7223089273756287,-0.7760949660976584,-0.380646704605275,-1.5087810146542224,-0.6330540998036999,-0.5322521672810413,-1.273773183682989,-0.25716122629387167,0.1021695814592176,1.1849367843579073,1.0145083144546336,0.046081759735703685,-0.9260571391701626,-1.4886889496139057,1.1426538470976935,-0.8943925134335172,0.17920785389060917,0.41591271260929785,-0.5040612872402729,1.144676958166953,0.41547169351318747,-0.4603820138135198,-0.7014418245657023,-1.2217933771195175,1.2754537166297473,-0.2481838839664119,-0.6487227310451869,-1.5198405639877872,-0.6429156233906009
GSM1602937,-1.4493204382394842,0.8249050348923019,-1.205609840997182,-1.4105866933617173,0.3770242066475646,0.9211107672933386,0.35491697510507675,-0.8974088318421308,-0.2934601167625948,0.3435748416771687,0.40323568354834066,-0.013767299386789469,-0.2887380292227568,0.8782970360601822,-0.49771436071721314,0.007068469051240186,-1.3035589564930334,0.17241056757726106,-1.461088475193057,-1.3516601948699427,1.3771308367465336,-1.1681709065960688,-0.5635189161973624,-0.07631573626303922,0.47458297485986184,2.1640653489848747,2.0155322965672395,2.633250537644487,0.17222818449792773,-0.2847358215670715,-1.1610704559215619,-0.6289427688372545,0.116853167902601,0.9700840547293819,-1.4192908059743452,-1.449175942177691,-0.18563092207296794,-2.9963642700210373,-2.328239506359841,0.48678365705601534,-1.6780245771823032,-1.2727045099692005,-0.09989689542752747,-1.0163296561369126,-0.0439429933615009,-0.1536798786058375,-1.1058216587733491,0.3133536879727975,0.5249673756152686,-0.2269305569761674
GSM1602938,1.1331200111524293,0.3227514708408787,1.4360242084401176,0.6024927274556097,-0.04103949305788085,0.2817431788087532,0.5408675066301712,0.6063152186580568,0.9051460823158353,1.063375749017214,1.2819026057975285,-0.7129268292510614,0.041544863589521155,1.0261289499655923,0.4778207807971664,1.2406649746505953,1.4988968808220415,0.18218265283957333,1.469568515354799,0.8402707733146965,0.21809452071032118,2.5923647615223597,1.812431702943969,0.35847566799766434,0.8118777881920036,-0.9419786737128503,-0.6851905375124452,-0.9948439337566296,1.703327476667401,0.9041738135249411,1.4692080670014858,0.40572208952228495,0.1962397352807612,0.2311113602255971,0.21714716970391434,-0.8538285351501621,1.4151238040903913,0.6269251859468664,0.7292203967411894,0.912897881085226,0.9053497987856144,-0.023386371507031666,-0.2688023245685113,1.662540418284765,0.9145083833006308,0.8226507639832403,2.1913461706513337,-0.33343464176539533,0.2900724799642706,0.5349390529626018
GSM1602939,-0.5474165411869282,0.6295912331285096,-1.2116600077153246,-0.3143261852534537,1.0274474225079975,0.42012601503657887,0.2357501892401346,0.41397282280916453,-0.43692807621669333,-0.09055081487314005,-0.7920610309636693,-0.21877904481986213,-1.1387151393939257,0.36298439088705237,-0.2584761155507968,-1.393547671040453,0.1559622134380239,-1.3242023757882218,-1.5042908246519289,-0.5488263807415951,-0.028573950519561596,0.6346915150765718,-0.5535845525785424,0.3192571993238918,0.9604663180013614,-0.42238483019501927,-0.42302198242547084,1.4435784210964964,-0.21289067660052108,-1.1910062489186954,-1.226401645815473,-0.448080558834018,0.6882665277922101,1.2893472217981126,1.0287359583981355,0.3259385404137941,0.5486385240011661,-0.1939501409474169,0.3515501575708007,-0.15117975576473675,-2.0739624330942568,0.28576808732318043,-1.3665349854470978,-0.6840596271913906,-0.03461639990915721,-0.818492333424878,-1.2612763745780664,-0.5440432316729414,0.7057584250750865,-0.11587344488788504
GSM1602940,-0.6996269764799196,-1.047318906688477,0.778508894884866,0.27767464023607635,0.7893493392785439,1.4570086112446232,0.07148479610289606,0.6811801964262942,0.37984443249061345,0.4843306915281564,0.13022134469366303,-2.3804383866284624,-1.4490396243103063,0.028350161571898215,0.5819602669822943,0.342783518247107,-1.1051904618534854,-0.6016490343357636,0.8036711473811781,1.5825054894398718,0.5192193049414074,1.7067672926765693,0.3203888519150994,1.2269770909029054,0.3364605346271038,1.1039352772972306,0.8444258544035423,1.9054799208180042,0.696167751864844,1.3646024495880151,-0.8758352055726396,-2.281741359359155,-1.5889015348925286,0.9093972540645433,0.45465980738131956,-2.5425260883372394,0.26699529359059765,-0.8886156273759078,-0.03483986831410061,2.5473856657642866,-0.018357442527297402,-1.046703880826294,-0.25261355252972906,0.09025170928829289,1.0575734105051973,-1.522064001867415,0.6891640014024701,-0.08158623760945459,-0.14080080237292716,0.6390885966654054
GSM1602941,-0.8024903985579579,1.9050549749958383,0.5471534164426743,-1.3292625481926112,-0.8034656141267208,0.7641733937456124,0.6095173034684465,-0.5601043567181518,-1.5315852418776557,-1.7570580349750913,0.6223326129057298,1.1087836646708913,0.7945355219412528,-1.9504156248988032,0.6309158632649408,-0.5504520407020524,0.7813021506806492,0.30445501748359627,-0.7830124411133653,0.40185554356794295,-1.1032710414952784,0.16457495901047148,0.6788596401566249,-0.5138438294180786,-0.40351964081724695,-0.4581105941415389,-0.13902272995485923,-1.4225486391185769,-1.1923191208252182,-0.7420640757567082,-0.12422518691682195,1.72592312438926,2.218385833661898,-1.080651744841778,0.19697154074427176,0.6165253252423265,-1.0401806824938942,2.5660228139431114,0.2803234004805575,-0.09305893027352893,0.8713979344249223,-1.2761150545636224,-0.3504220444128251,0.31803497324610863,-0.2392520401033494,0.7531918091232701,1.077185405620258,-1.22514017734561,1.451719175035543,-1.1462426064402098
GSM1602942,-0.3446713347488798,-0.3224490057078681,0.979330057750314,-0.08753506138258317,-0.650111414076845,-0.033219029119739354,0.46399685775854843,0.7550699781065409,1.33884334559792,-0.26413775038965537,0.5898694066716682,-0.8563839428512419,-0.2921276843364471,-0.33362522223395386,-1.1119422119422315,-0.38532823018663565,-0.5362805327284503,-0.14862722562754246,0.0042760518416305555,1.2328855752439116,-0.5123776843705382,0.5572413249830521,0.5807328412739095,1.0704789119102336,0.8635502534378756,2.2010224321744447,1.8351961635680354,0.5446566124457467,0.43895641669704394,-0.2301893509942881,-0.18531365573719533,-1.1364435617712438,-1.3380129663847289,-0.35903439691621464,1.0607156229298282,-0.7008687091115815,1.0530544420945502,-1.1440182010586017,0.03653087856513218,0.5355445540568132,0.5998007555692085,-0.8457185236967265,0.2790550626545063,1.2767120789271675,0.9155087299521134,-0.5863373157143844,1.1331071687080778,0.17593220124389589,-0.695406082898435,0.17139203253543045
GSM1602943,-0.5321051590832686,1.1487639792436988,1.4008281750772904,-0.3525109070250029,-0.49099309220936643,0.26034908871950474,0.6761281700443647,0.06178213424611316,-1.01288732534543,-1.1386985798787994,0.9986630162815906,0.048445268752863514,0.2553801428383384,-0.7601131539206284,0.7376227888305218,-0.0014379264610890974,-0.07203879992608618,0.09742693117256555,-0.8229262265719864,0.9585719972741087,-0.14673391344877196,0.12901893622700064,0.9733157627932105,0.27873419224116364,0.8315112944673543,-0.18479570037320162,0.0993092219788839,-1.2951858927824649,0.6500906033178363,0.9094340370978319,-0.061467596262134584,0.4100933232328986,-0.17926745800220636,-0.9982878344715562,0.534290881266689,-0.04141994135144314,-1.1192701863983872,0.16627975232894646,0.7764088369061224,-0.395814021453988,1.3642129908892364,-0.7382428317173321,-0.596524497796398,0.9268272546391537,0.9504700494723934,0.10509820596725067,1.0624281724049878,-0.9010211338035854,0.9857974612127578,-0.49740525942647607
GSM1602944,-0.7182840487422576,-0.7656088338256162,-2.726272589725121,0.29141577517579037,1.66773089551581,0.5511397396917357,-1.2500370513279446,-2.2720893046934174,-0.6858569244748385,0.5827751207885895,-1.623284856621795,-0.35156791860500575,-1.5517480702117172,0.7463575090145463,-1.128632278443042,-1.5645836036975083,-1.1052598019303312,-1.561975425002073,-0.6319910599175742,0.2808677101771995,0.14841240432920938,-0.10897994081886765,-2.067489603945816,-1.274371042867139,-0.4501752160659303,-0.42823196281226406,-0.8685577721279713,1.8513343938253448,-0.8356250284613543,-0.7417787149706131,-2.6103903963817636,-1.9639224424009518,-0.8143940302284114,2.1483844980456954,1.8037109932389654,-0.6561981124706768,-0.1791972893278444,0.6860549276087822,-1.949681561926059,-2.3307657746948838,-2.614209131845747,0.6116097472499056,-0.5562326241395518,-1.5333800167084801,-1.067931938607751,-2.283779327352049,-0.4987478642318026,-0.9884215904435527,-0.3601413895410463,-0.5092499289949811
GSM1602945,-1.1392730616368363,0.7628097980684654,-1.1020946066119508,-0.2047342062086818,-0.30825345796868486,1.0055776690386682,1.0259761145341855,-0.2790309811970766,-0.7055482047645306,-0.15822807561934,0.8072809272092207,0.07025941218329174,-0.6575197624150586,0.02705000044978656,-0.2070057340039882,0.1868499420704783,-0.7832036798787152,-0.5113318905809495,-0.5328895139412112,-0.5034800210661382,0.5023265418814249,-0.6760428324473319,-0.2650080973719894,0.15243378265308455,0.20651002627228493,1.794876627868453,1.924167900024617,0.8090253943868799,-0.20349154220857713,-0.5569261635049452,-1.2254590534495442,-0.5396568647737888,0.3139553576780501,-0.03702219837871485,0.36290859806501885,-0.7074028538135859,-0.41628515138835964,-1.7774603782870577,-1.178195538771159,-0.08628796084188448,-0.9050577363282052,-0.7945313561384387,-0.6740524495822485,-0.5834059720390671,0.015067357462798373,-0.4479647101613112,-0.6926063529766957,-1.080280002537223,-0.2070225286218471,-0.20869788177588028
GSM1602946,-0.18982469786734796,-0.11677838451674198,-0.6849479709087488,1.8092139352153505,-0.9186371873782756,-0.8571505400131247,0.18123271644121758,-1.513959664756369,0.6348499024690675,0.3459124407603562,0.8962402325975977,-0.43931998745216894,0.13913370772268638,0.1375889075000631,1.0390024275673906,1.3065960056781356,-1.1121563368411582,-0.08262155297158424,0.9723192930788859,0.8454811606645899,-0.9087857019978808,1.0128074385574273,0.6534188765078157,-0.1486984982685667,1.068240686898578,-0.9577218160747347,-0.7604540759020453,-0.8527047040326715,1.0578588330604761,0.22812901554424936,0.9354859712590474,0.4746957099154577,-0.42270970018520243,-0.735404940555853,-0.25702111843360426,0.21007039948534253,0.15296449893257974,-1.9018826750143114,-1.296885345501398,-0.3635358532420674,0.5975547987235474,-0.10408451600270209,0.5080793503488412,1.3581568720671346,1.4062536122677778,1.139863026609391,-0.6041381839454119,0.6549175176188867,-1.149828844428164,-0.5767572055538916
GSM1602947,0.8093531588553012,0.6684419506040934,1.7374354611658673,1.676910469499253,-0.7721098351325064,0.5226553615447076,2.942698258647135,0.36222313180662424,1.0296266066594388,1.0273030281562305,1.0971262516315579,0.7793616132848982,1.3469861026037027,0.7418944149525535,1.7118403463079734,2.5159786916274225,0.40216795690326435,1.119167278123191,1.5470022627145885,-0.7480014740965633,-0.701179571061586,1.97562945915797,2.370292025947206,0.8203707387756479,1.4329344247068108,-1.0726957634648735,-0.18559270245070822,-0.14030545985281856,1.6700870994699688,0.32996489705518023,2.8030948435863996,1.0981491979144307,1.3281592982982409,-0.3511063913513933,-1.2231582949151267,0.5298133482635311,3.0605817879534336,0.1688485078296654,-0.23366796437163362,0.1408640410625657,0.5308267975148523,1.5006214932063173,1.250230287609117,1.9838292202702557,2.7027788550939724,2.652033388465841,0.05539791092283611,3.0407608078181663,0.1900294727158999,-0.14428566960658137
GSM1602948,-2.0083916560677584,2.096468074611604,-0.08684106428067184,-2.573268750317515,-2.1182201735117108,-0.20536166027772082,-1.8334260101093174,-0.8424870201512773,-3.261189700740961,-3.8839694579028863,-1.506462196029401,1.9317380553299335,0.9748085131826238,-3.041948518342949,-0.5994597380129026,-1.5488762972734926,-1.2913175215617145,-0.4349582792187754,-2.8551436183897145,-1.740032491559606,-1.4827536843234925,-3.2407769573202456,-0.5440544634846726,-2.8498043535143465,-2.1761629437556707,-0.11962173661534531,0.09060564129238484,-1.1672389960572744,-2.01930279680208,-2.485686179541828,-0.8641096871931276,2.2033422520196795,1.5063572232018136,-2.4556799483403,-0.5228366902357262,1.3015672876811362,-2.873086287047427,1.6447021100823707,-0.47428384825329667,-2.4046849086292,-0.03962689948791848,-2.782658199746681,-1.4096456413165728,-0.343454606585346,-1.152937693454295,0.8183016939188819,0.0757962637098367,-2.307961888215207,0.22588909549983666,-3.4382824557919123
GSM1602949,0.9771459531097942,0.8705249285571212,1.2199137360505399,-0.7759845935016999,-1.4309394229814003,-0.6607906502951597,-0.21313179715362782,-0.17083363618789799,-0.703776894737867,-1.9012459519373242,1.0828653663047423,0.36524055020254065,0.01639361220128723,-1.7112461395386986,-0.5514209597362044,-0.7005707543043137,0.44880866024942295,-0.2939696412225333,-0.5066390140824035,1.0456080338898297,-1.4523448813208109,-0.2523752744706833,-0.43602091237749435,0.6787765677994413,0.6751236644595747,0.9790428968963721,0.9582908954456801,-0.5435467642776725,-0.1386465465871827,-0.5556855659344611,0.3200425461915896,0.9119054614159955,0.35877288798148416,-1.4646971592446274,0.9859242389507409,0.9342679270518525,0.1266078449212182,1.4365513760186548,1.3592253049991154,0.0330336350023451,1.4017339496388648,-0.5204405309591389,-1.206417594158713,0.6439998850867322,0.667637711072888,0.6426753577509274,0.8133589589047845,-1.1493072958936075,0.6015842866163684,-0.014267031470023901
GSM1602950,-0.7629490818611969,0.8445388558006882,-0.7214337305006581,0.55718890489628,0.06307391172156508,1.303623332284933,0.48258915160134064,-0.7938703039528439,-0.4750270651748012,-0.48921959954412575,-0.03032324881952981,-0.26897188270487676,-0.8724535246632773,-0.4887566017658304,0.24497912013664996,-1.6703047577085035,-1.2990335005253464,-0.3207851110866194,-1.1028812438262448,0.5896806223369468,-1.2047636431055293,0.22572504824113532,-0.17430028823553123,0.3535578261472183,0.5098666995913781,0.384650817528254,0.39052293635187746,0.3200603574366736,0.16799525122883538,0.9566874317156839,-1.0633622990533527,-0.3720782297953113,0.37368469607002486,-0.4281414719539956,1.7536189914669846,-0.9933555651348622,0.9188759870004201,0.6303995093272605,0.040249208704522955,0.40105985837609115,-0.7568325053634821,-0.42127683026336454,-0.2247538758183664,1.0275039887763335,0.6642519145284338,0.035600445936022455,1.207358797885317,-0.6285342353417005,1.9364672164122863,-0.8070383977284159
GSM1602951,0.690149661229906,-0.03361682095779105,1.1483591866153864,-1.0586674713867528,-1.8692282873164758,-1.4787428527227142,0.25769701846299514,0.9122745998199902,-0.49092815531213796,-1.2379089227345281,0.8816572311954799,0.061707930881380685,0.22742047227822765,-1.460534569984804,-1.6245114081099388,-0.656907752447762,1.0746287796387266,-0.2340456061734741,0.8575608233968515,-0.19072685025752348,-0.8806894741019424,-0.3088433002138007,0.23393878347856245,0.7528795855478143,0.9442788923813403,1.5992171700548765,1.4094688231481598,-0.29540997385082696,-0.12768028957956237,-0.9609091490543265,0.6267322709663694,0.5015715325619152,0.2442584549450002,-1.835501660569057,-1.0027936737209031,0.9108378470782821,-0.5044814259976266,-0.29618257293399214,0.44186965175512716,-0.8762701087055721,1.18921309832961,-0.004000076566232071,-0.5162072218073394,0.17735652241676428,0.6740760862154128,0.44051817167303825,-0.4453224360182798,-0.6524357343576989,-0.48349127976280387,0.18619572757376252
GSM1602952,-0.8044553938490506,0.8634183263574495,-0.03933339628334623,-1.720561886979944,-1.461372821712507,-0.29202400518371185,-0.9999297539506198,-0.689712344373689,-0.7749653233610015,-1.160638013314775,1.0280163490993395,0.18789335116703054,-0.304003598107359,-1.1589449040779742,-0.5822418897126017,-1.3363197188876519,-0.6407105273583825,-0.5483061307657481,-0.40541691814865133,0.43836915255150544,-1.0549159365033445,-0.6372640925029789,-0.544356628586406,0.1219543873550288,0.9131699432026332,0.9331254891499959,0.953853837439938,-0.7688233954390239,-0.3796934946463745,-0.402350572948974,-0.8573719102706409,0.142546720397241,-0.03199190065425661,-1.2230337175160055,0.1596484195238827,0.45953736787757843,-0.5394310141271487,0.6566877645663877,0.3129890278166377,-0.33313375197382883,0.5604171999942587,-1.9020273525718325,-1.5893262665337327,-0.31726915610478823,0.29568068443786016,-0.47534957792205945,0.07371154013738757,-1.555157377054884,0.1573115943862076,-0.9051790549093269
GSM1602953,0.0034650890401716635,-0.670932177901017,-0.5409509521956479,0.0092280773514262,1.0554321098693011,-0.6815711005966761,-1.564173643699572,-1.3837639911977566,0.2892402301391706,0.1026619282467684,-1.614969653389583,0.7042541191673911,0.8213264587065793,-0.028376388772796395,0.9776943141067914,0.07961805208455697,1.8026320572192223,1.2702586122372448,-0.25716885837495157,-2.3425361262961366,2.3349136270406294,-0.6374488131854775,0.3258027329213423,-2.9384665351243915,-2.489022873690313,-1.0571294393133122,-1.3121218553009986,0.8894283083375724,-0.8993622136160372,-1.6740187201393861,0.5058346366872444,1.5357786291090594,1.3823878405069205,0.731111346297191,-1.9732360073194404,0.6862985167831728,-1.7266612942230608,-0.4393688430253456,-1.2077318487268778,-0.7800616173936409,-0.8694581967212792,0.1901758058239543,0.9046489864224766,-1.9051602618501726,-2.6084740463452305,1.61004385490776,-1.8377199193353149,0.6644191038937549,0.32118304003259973,0.8737228382021679
GSM1602954,-0.8787387100284829,1.8244528526831294,-1.252738640114036,-1.952423225373489,-0.7958373309317338,0.19665127084305162,-0.6886309929436248,-0.03967624036274578,-1.2620789862439357,-1.8746648782386248,-0.5823721401245814,2.2485260942693435,0.6984318283554518,-2.129443759522781,-0.37453223365847416,-0.9956699584974587,0.3451543593534471,-0.5460913619283433,-1.8671255232821258,-1.3370439022371308,-1.512874496035859,-2.465849455036885,-0.35144427369454556,-0.9161713149606027,-0.8939589128280483,0.6571433880117992,0.9264548661004279,-1.1302276585411541,-2.110659542221612,-2.470820450254258,-0.37807940154776265,1.9496405387208293,2.3097802721102894,-1.7525083187156785,0.12089265971605839,1.1425902950538387,-1.4959637832765411,1.3140655657282099,0.4936930119899508,-1.3068596930983016,-0.5314547871128091,-1.6830219727754543,-1.4081675065585633,-0.9653448752733523,-0.6924332922325739,1.0404254676014402,-0.5146362922989467,-0.6307740142770051,0.9448573511863323,-1.8767802071607274
GSM1602955,-0.8216932869906376,0.19442438205100268,-0.9294275838745455,-1.3274823548806292,-0.024036863067954058,-0.9541475064335113,-0.2741167197246802,-0.15588949467220553,-0.8204347815078954,0.29653982725171146,-0.38880349184841506,0.5183733991322796,-0.698861269814548,-0.1995599551337833,-1.5365418569809222,-0.7158813204735236,-0.2494308115498945,-1.2187959854253954,-0.34527368194093777,-1.1180057242811838,0.11790735641154415,-0.9731704194565068,-1.3547658278306114,-0.17103361130479333,0.1553475068057147,1.9315935370962787,1.540839465109255,2.115279637650217,-0.7116342952543345,-1.6426320296425971,-1.3113737766042184,-0.45502837660047835,-0.1496811273590877,0.8957826447789373,0.38345349366431497,-0.4552988333431587,0.28300257718179844,1.3713864573390129,-1.3289696114686336,-1.3747326080197713,-1.3976484166815093,-1.0707497948013847,-0.6185182765540911,-0.6680214759333786,-0.08870432244976544,-0.5982580931535002,0.0346041796248811,-0.48250231727355014,0.5547197311697433,0.09988411753246267
GSM1602956,-1.2916365172253144,2.1863534052207316,-0.9193206627494539,-2.382118405403337,-0.27281520485156197,0.7648026404248551,0.02365201467468119,-0.33464690839452743,-1.044975924026475,-2.045581143027391,-0.23963578121028575,2.968085592956136,1.7383021501410532,-1.906880102478361,-0.6633244381046054,0.20273255729547593,1.0439878793149027,0.9109638666387128,-1.0288640211508058,-1.162373560787667,-1.128156070458965,-2.0747410307133345,0.20908048653195901,-1.4425020800617987,-0.3280687254898354,1.5820972259284083,1.5720224058935617,0.14837871471058273,-1.8734882890905316,-1.125418468235311,0.15459483591100281,2.2471189378072727,2.433722389967267,-1.5047448099137506,0.17913553885655772,1.4960861655980515,-1.2221134123444966,1.5653743964882645,1.271359825416187,-1.6613435744630745,-1.0448562678043005,-1.8955479908011565,-0.0654300083584628,-0.4490439960665828,-0.5443170324070272,1.1818497200650069,-1.203220754632842,0.4620045386144445,0.9496057289882716,-1.700626141215461
GSM1602957,-1.5179844128461641,2.07881675037945,-0.9893778583163447,-2.0638549621483517,-0.6358465554445245,0.9483700703539768,0.05476338791138954,0.31708743930156036,-1.8809242231586856,-1.3173692757286193,-0.6091902696989716,1.882058606881595,0.7272156730270432,-1.5924450772763359,-0.38083827471736015,-0.6238167833101121,0.013236896888659248,0.05859150294288958,-1.3979222953502524,-1.7068984224219803,-0.6021879973400395,-1.9794386558233528,-0.3180473000290419,-1.565436288560108,-1.3946022092875614,0.33578648047726467,0.4199611477047923,-0.5604554201556452,-0.9385310259391193,-1.7244843190642347,-0.491155249096328,1.7045863732926552,2.221955161396928,-0.9327085176988906,-0.018562311424586333,0.7620066292426216,-0.9639764787344314,1.402296205643589,0.051520776014208215,-1.9351374566331636,-0.8064467485499776,-0.8822002613248202,-0.4550846592887995,-0.8497276927825884,-0.9134307053492795,0.6347124350439546,-0.13614510694797669,-0.42584701902096417,1.2281783665268493,-1.6370274459805483
GSM1602958,-0.6203863167207693,-0.01196351138286167,0.10866511702415059,-1.8111772405651767,-1.8184787467771992,-1.6196106351307906,-0.6689226477339281,-0.4757465172746403,-0.8312321616521567,-0.965895795269173,-1.2586216903379401,0.09621277079874804,0.35867734958022607,-1.702331301938995,-0.7936361252086559,0.8877805701319029,-0.4938431325976443,-0.3844007874952767,-1.3937727321008628,-1.8266498581521997,-0.15284442647353044,-1.7020097017597096,-1.226673416060934,-0.7505218025030463,-1.5030346535411347,0.04645823269291805,0.055159782760463245,-0.04746869000712973,-0.3826848007347195,-2.3726279469953884,-0.3022388847619855,0.9897373713993507,0.46139669940679007,-1.3171792642512246,-1.563326888147754,1.0278355171287046,-0.760090680126154,0.3107849378098402,-0.8745596832260214,-0.7755105229993944,-0.04763576111748039,-0.09231180452130516,-0.32901008853786656,-0.903017798322639,-0.578347707050567,0.3696208237259079,-1.223982500622884,-0.8582247918083209,-1.289352231809153,-1.920106591979662
GSM1602959,0.6331323091986589,0.7788439886492959,-0.40288997485720474,-0.23961552094238814,0.28645662368907593,0.42798150794368417,0.5558802604240731,0.29565923156638346,-0.928063981454672,-0.3755259735983875,0.11883129702807355,0.4798326197890869,0.09439350435109257,0.16447447436605675,-0.22126482314128862,-0.28958990050080324,0.7784748155052639,-0.1369554836612978,-0.43880292758165385,-0.6936747394022835,0.27029415114595995,-0.2270803761193891,0.39146223475039127,-0.797811849093845,-0.4816959184040607,-0.4335031743997849,-0.4475251914266268,-1.134694191953535,0.34379705903183694,0.15010455321937816,-0.41060766254893083,1.037506981517055,0.6654148433209833,0.13172468908131865,0.41966955356723884,0.7972566757955074,-0.8114034855399291,1.130239972092212,-0.12571046779398182,-0.439017640099484,-0.0752357262110929,-0.5224186743543159,-0.4963185228237867,0.44318793008935536,-0.5239030320687614,0.28700122777950615,0.9370305951328494,-0.874011744178037,0.6654859160762837,0.3394695604659914
GSM1602960,-2.279668228726287,1.9909395167782842,0.5281460990351007,-1.8946376002753418,-0.41372321229677456,0.5075694317628842,-0.8939016525019954,-0.33210806496361817,-2.327357653527339,-2.428874746674974,-0.26572025801722016,0.6647506035880552,0.8948272996564463,-2.4057511522594965,0.8820780670175439,-0.8587786182681026,-0.583992932869709,0.3921898382972251,-1.6506905019631473,0.4031180475875896,-1.0494624533015453,-1.473503271518242,0.6182790806557442,-1.6210434790200312,-0.7015345657161681,0.31438066515553315,0.5790373153044013,-0.4661808562101958,-0.7686336080946726,-0.32328205068538113,-0.3680910813290487,1.7262415662741486,1.832481046685737,-1.5127512665296179,-0.6702403863753795,-0.47528004424907766,-2.522332024161057,1.8895087970875848,0.2596345055152885,-1.4759706916975406,0.29875991897054227,-2.692723265655132,-0.41963346966674736,0.7411294959135102,-0.5285636763151367,1.5796933920195397,1.229330986993809,-1.5597099784072384,1.5601766170280755,-2.1752271537536423
GSM1602961,-2.14478694161793,1.8449116176963016,0.603630741340955,-1.1704968855362763,-0.45366530284189205,1.2800944827013443,0.03779118166035197,-0.6781314148749048,-1.9415112827749377,-1.413511634995002,0.30111829069127355,0.8637096702662582,0.7155720883353909,-1.7295505854534965,1.443590686073471,-0.2555967486125732,-0.23570137596088905,0.559882205013814,-1.9041141796152115,0.14415445372220675,-1.05147571344513,-1.4245473379871854,0.74517659731821,-1.288170820228302,-0.14428326882525097,0.44081369788676705,0.5698476222531418,-0.2625780440713406,-1.1302021126125623,0.11707377999647924,-0.4317405097909695,1.40883581643661,1.8315272932312394,-0.9147766092088616,0.31586636689377523,-0.8248332234037051,-1.2988005717424933,1.9880924970124676,0.619215743473794,-1.265136701991783,0.5750175127855368,-2.9389792740545944,-1.363464222250775,1.4541030900425607,-0.03429640285494568,1.0841098225617984,1.5769993512642242,-1.2810364580654925,2.5573007769906586,-2.2093783151038586
GSM1602962,-1.9795637215552166,1.6812860423893077,-0.06417969590215815,-2.6757592384826347,-0.5466338919974175,1.3413170598254425,-0.8209431092710205,-0.6187623821608514,-2.2856880730895575,-2.253495728656885,-0.5785101402571263,1.2762465806056167,0.704658914367498,-2.036426782892964,1.290990206070847,-0.10603877968350772,-0.5624444363889747,0.35639277567179894,-1.9812110312003262,-0.00043037607137294504,-0.45334505096570626,-1.664532612763029,0.43298333059448707,-2.3874999235937517,-1.9663177424238982,-0.22865081540851012,-0.06697788670495552,-0.9422416496021228,-2.241023417636183,-0.20531343618278683,-0.40172726399838354,1.6037051763379297,1.9199545168413141,-0.9415875279901625,0.19353490217687158,0.26693874821361474,-2.3500803344074463,1.5625426582524908,0.2623477338963227,-1.394583127633489,0.024958140388629712,-2.3943844604040727,-1.1545852357707886,0.6962472449337738,-1.2719849929497742,1.1944111567273523,1.1601536594957553,-2.020625447591942,1.5448643384684275,-2.0233880917307285
GSM1602963,-2.6196713422906455,1.8887016032689499,-0.6107877063575546,-2.87377665490691,-0.8523076894858536,0.3715873463540797,-1.5014174498601927,-1.150230039308991,-2.16702028606443,-2.479975572365362,-0.4124286359850025,1.9957305137587622,1.081225944997571,-2.331809631729486,0.10885765390169004,-2.035881089130538,-0.30829906352852127,0.1649855800869252,-1.6995801151192615,0.26271933839682904,-1.585486806045492,-2.6413260305226895,-0.28264174107552253,-1.946480774331338,-1.344522225483374,1.4796049509025484,1.2931285169837659,-0.5283636983578436,-2.634043455052758,-1.0852204765985458,-0.48773176392435097,2.0730035150212403,2.4130368002202,-1.9495717960453036,-0.32711972899149805,0.4922926257442207,-1.8896987405590207,1.7336729346885602,0.24811561134585214,-1.3664480716628664,-0.09642514748190928,-3.698824552464517,-0.9987438409428314,-0.36842145904312146,-1.3387700844554364,1.454976543819192,0.3055073831414278,-1.8472800490011752,1.6124056524610169,-2.7685371636440346
GSM1602964,-1.6391453897911736,1.788320439490386,1.1746649322596083,-1.0194885601266228,-0.23157594682869723,1.2012447204151424,0.20601824122876197,-0.3361468550961632,-1.5233624723164336,-1.0157179443565307,0.49841964851111625,0.8560983686988093,0.9754009031391774,-1.3318410665191824,1.0066705489954966,-0.35007492302918125,-0.1264864124996438,0.7096611967405975,-1.560370182443725,0.08891454100103488,-0.7457918470951961,-0.9077760818145326,1.0229205096836111,-0.5579398275657782,-0.1395729492762137,-0.13584906250125808,0.1400937960734446,-0.4848113656434514,0.07849646527170022,0.1525758724492823,0.2772012340065312,1.5013422769930647,1.5364685128353053,-0.7659176606816838,-0.1434327329859516,-0.26189986959964834,-1.4650971829907184,1.8597420662633162,0.5799016416626851,-0.13970762817587803,0.6769444485503764,-1.793267965308852,0.026172518103959187,1.4025974562729546,0.06326407280257994,1.3673421634368796,1.8982591125803798,-0.774501120659577,2.0379960906175096,-1.9680551985700891
GSM1602965,-2.0883650895681813,1.818698499813573,1.8098092435980193,-0.9755703104362013,-1.0686637960021308,-0.00862734416087179,-0.5487328710212869,-1.2447735580830706,-1.978779073393934,-2.7431537795552745,0.16650686789185645,-0.41855163399467155,0.7179419178806197,-2.0869965831193173,-0.230635380796873,-1.4707723738088576,-1.3511293622930574,0.4403818309057139,-2.506767166281418,1.6416412184485054,-1.775072765989425,-1.6160594263420485,0.8437746675082298,-0.5268485831165439,0.24699112335266085,-0.051062109771780655,0.35711733306033516,-1.3633101244271433,0.3919588164796319,0.37367502920061213,-0.39851827953376684,0.9659138164024349,0.6994400673459381,-1.5734855606786784,0.28330980685143153,-0.7856117256887865,-1.5028377298809665,0.8395118580463435,-0.641539654735227,-0.9458150105007631,1.366022156830812,-2.700036305540486,-0.807969436492906,0.7896882998691519,0.5758861172007508,0.4803583554369961,1.7416466808010362,-3.2692468215095514,1.2305084363841965,-2.064220528260854
GSM1602966,-0.5423147558514939,2.014171285148572,0.688739159122805,-0.5179461750762647,-1.6071094773191343,0.38397392706747646,-0.4040634959145077,0.10558938005454983,-2.2165668282738427,-1.4661057566758031,0.39769316444132413,1.376675684726902,0.7753047005478589,-1.8092872236385151,0.8506229684230046,0.16755262750049993,0.29760610101008045,-0.23524687041947462,-1.6592197316315878,0.28647260896673565,-1.039309505225243,-1.9813702187581268,0.4238352252082498,-1.3467142566874646,-0.6734801360907389,-0.35116448613942114,0.013718680097215262,-1.6882520830637529,0.49670295892088345,-2.021797182476037,-0.14428026430965557,1.9007238225622827,0.9715665123657202,-1.8559807991194492,0.09839802705864502,0.9359414890797211,-1.880148014082185,2.370511653261078,0.5709259897660628,-1.78192355148861,0.5801563124537071,-0.6730660095626216,-0.2318302337704208,-0.3100668859318105,-0.23328236270898423,0.751590118006129,0.181462431876583,-1.3370917192421516,0.22685385705839742,-1.6651303514932296
GSM1602967,-3.1770481266812234,1.3008773451997675,1.3674676543641588,-0.37408082124275144,-0.4394484561054288,2.2330312166244544,1.1307284698317288,-0.4205751077137335,-0.8570197944617649,-0.26128025177342784,0.42560951173747796,-0.5322880673094063,-0.10922326488322827,-0.4194145596213682,1.0163487739932902,-0.32484062266332503,-1.0683180840643074,0.3226452335253289,-1.2142805241607981,1.3741858016259603,0.07515313392999938,-0.06213014308549806,0.26760535215721787,0.20828856128996254,0.27221730679378997,0.9158514140742543,0.983076983575058,1.1792626898804508,0.9906810029187147,-0.17579460035248268,-0.9723012915100984,-0.5816880038777701,0.003552175201711596,0.04367912415987551,-0.5764031186258717,-2.964239498669938,0.7427550250050242,0.16465336255201105,-0.5472080071315641,1.0371375149793567,-0.1272573088331016,-2.7014260761788504,-0.06943708908414234,1.2126974777344617,1.0298759215544726,-0.11453968976833255,0.7635977378748842,-0.8326326650718898,1.9372046178790956,-1.837327819757601
GSM1602968,-1.226248088781609,1.471306567072359,-0.44447415305865695,-0.9162347573976747,-2.240134291091767,-3.146671869548963,-1.422068665354938,-0.5704919652219171,-1.4951839618851084,-1.5556492931022945,-0.47531331225346624,2.1992760515137695,1.8790417778727537,-2.1950430335418387,-0.9046229966177882,0.6175463993925852,0.31062824723052257,0.9896452167837642,-0.7758693116834157,-1.561610880253631,1.0000446418029716,-2.5410818283921768,0.5691330759985281,-2.404299538827863,-1.8271581378350261,-0.7766940800610405,-0.2866311404400436,-1.5123849815611419,-0.5144134701501375,-1.923016321000812,0.9655909553118557,2.1888821890781474,1.7279539029982618,-2.0545767937824144,-2.8734226869592097,1.6730553401936048,-1.3718600112236177,0.024504538822812963,-1.1417334836729216,-2.695429968514938,-0.09713008885857927,-0.8968390702470452,0.9510523049099242,-0.6932063235743879,-0.7191758271053024,2.258582687031777,-1.3425108322085435,-0.11869763620537883,-1.473485618817789,-1.7898009520612137
GSM1602969,-1.487907562044411,2.2954069269873454,1.256091166769701,-2.1684787554108644,-0.20283312703891718,1.6549078963368093,-0.054844556650173515,0.49505192145187793,-1.3616639854211288,-1.9134884571363324,-0.7094977354803187,0.9996594629897733,0.9019913915443438,-1.96119300424755,1.5034252459476396,-0.07332964096010684,0.2996826292047811,0.5921894509733615,-1.3597879393943295,1.0084679471493636,-0.8832052327286974,-0.9764724027219451,1.8752782387861926,-1.449920724301906,-1.1195918854751834,-0.1494863427511074,0.25092702351684215,-0.2749344287358912,-1.7670000630674163,-0.013227938583479282,0.4042293528192233,1.7024060875147105,2.1316987408583974,-1.352983344756387,0.11344874255350171,0.04123118905986704,-1.4088107343663987,0.8899721569867857,0.840008570564232,-0.8500830890265877,0.42422379130768595,-1.7887391236963144,-0.6188651576179586,1.066721218837483,-0.5142279011471604,1.6738652677919859,2.457386634857692,-1.5459770191774675,1.4965529424688857,-1.8790237025663779
GSM1602970,-1.6284948880274899,-0.6035547671884904,0.7656468675404103,-0.2602493662822992,-0.27702770690547646,0.5742598525783734,-0.3168197192604436,0.16507089695082042,-0.0784527611460501,-0.9404646235715918,-0.34571788184049457,-1.4172775613282211,-0.5825761844407443,-0.588777228003018,0.6755774467145659,-0.9715078046107716,-1.1583315649904968,-0.09310039258798603,-0.2555595490829653,1.8058343539302184,0.20512829709154654,1.296008377094259,-0.33443802354111213,0.5730458288688063,-0.03865377512354621,-0.01854962210382622,-0.2416369253890176,0.2704180395344338,0.6189245389754988,1.742488411705258,-1.0576816513509353,-1.5372775868716442,-0.8725134792334109,-0.48023142239731664,0.5819253447738699,-2.7697943046343405,0.9096922390136579,0.13035729907628688,2.2149569563652447,1.4549001500293004,0.7960376619027938,-0.8999375346889597,-0.45619719282310256,2.042665019385601,0.9274253707767972,-0.7511765600640554,1.189728212403614,0.13930701530745657,0.8842843639031904,-0.2505790595049359
GSM1602971,-0.03261033022754059,0.26165450233107357,-0.07890269185077524,-1.8544429389353059,-1.0753426348315747,-0.8336460300582946,0.18959779553030287,0.5648566398828196,-0.7136583120220167,-1.2005644258543366,0.7631296954209112,0.197037423998233,-0.11775348114661809,-0.9748525824431714,0.11574365018518341,0.33302255371280404,0.32872915298079236,-0.4553308767278972,-0.9791403892246378,0.13427842874404988,0.23992735076519214,-0.5377357274367772,-0.67750812861829,0.2707596781932785,0.45882550936017075,1.4212622628685974,1.5681256295353279,-0.0791228386137609,0.3820402960807153,-0.9258064920230845,-0.20295289644215525,0.08926650854834625,-0.3006096413017124,-1.1771492053710646,0.5299248752168194,0.6240096600430599,0.731905209045926,-0.14182494074870383,0.7672059197778198,-0.40823417106257426,0.8824890086626206,-0.9640682632058952,-0.2959837923397473,0.5181705523930297,0.7526618017462945,-0.2558093712770608,-0.5037877755763016,-0.8411911931876771,-0.19640605904985925,0.23068235332524253
GSM1602972,1.0644788145132533,-0.9824921225692305,-0.31178827760979777,-0.08745091453774495,0.9883015401403202,-0.9280603697147424,-1.086821125221127,0.08125707177225791,-0.18820480743978296,0.3677444753266353,-2.053168275077776,0.521289661135456,0.004213102144396181,0.5679419271151064,0.18211388044088117,-0.8320044828650353,1.1580146390471737,0.032656246075839224,0.9378951993414504,-0.5372850760636048,2.0733532991405768,0.9328888777115865,0.011413566168215535,-0.78852365941826,-0.8307039624864163,-0.6487347645699396,-0.770940632823158,-0.10311441463390901,1.0658409886192663,-0.3654009746844329,0.4926447698874727,0.4507588264909563,1.2958781045170669,0.8293982363669554,0.16085874772707218,0.5065111819164807,-0.42105229731928157,0.3024726835257592,-0.11969417767438902,-0.28559644469800266,-0.5983514772298314,0.7839603348274478,0.641527445553173,-0.8118080396638274,-1.344228644417079,0.8061782272694192,-0.7520435371371071,0.3902603470970998,0.45936992905128854,1.5454952449373371
GSM1602973,-0.3378472146725557,-0.03285242546713761,-3.051506841920322,-1.554549448386331,0.16748657340948056,-1.647683056988878,-1.3611655716563626,-1.349674944783751,-1.6865806022431558,-0.3369296713997014,-2.163609783212676,2.505784872765529,1.8929191001154257,-0.034677740577055347,-0.3833529677688645,1.1255290140399632,0.7018006249357349,0.7639921668191485,-1.3773239149684902,-2.231433062951387,1.6650756333086771,-2.910813254643553,-2.0368129498061553,-3.86951476170237,-3.482602957423798,-0.5620936930809743,-0.6217548629522441,0.3779770226651402,-1.7641091033446175,-1.7881384896094203,0.6332061261845717,1.9406165128436665,2.6779480578691808,0.5374644619949898,-0.3682040627706857,1.9244510102074026,-1.3870514870882587,1.3477630005684762,-0.9464245614720044,-3.8282768776701093,-2.516597623944214,-0.6382627719770809,0.8683822844533559,-2.0774332537413787,-2.812030064951453,2.703183258936262,-3.050697042348565,0.6948106235510902,-2.2348687539977043,-0.608096647152969
GSM1602974,-0.6412646709464472,-1.7879204695985635,-1.4424632366308587,-0.16338492553927558,3.112905607693619,-0.8796070174656778,-0.8169850604293589,-0.5961004447181081,0.20449431484659028,1.2341894643499238,-1.1712286529447047,-1.0727638470005618,-1.3384985650031411,1.028662927374832,1.27703557437895,1.8508953268908543,0.9736117344684668,-1.0099144219755203,-0.5962808562816464,-0.6194098020876582,2.3903032220711857,-0.5129970004359751,-1.3609897574360796,-0.8329717746645934,-1.5203502346736495,-0.8917195715801202,-1.096965639763838,1.3810691123923364,0.523825683314899,-0.3822753634893637,-0.5349801662881051,-1.2589503357235323,0.006235344107109036,1.8288956088489714,-1.3216763707861054,-0.5795261123336454,-2.025504989972315,-2.121081081662019,-1.159696316260992,-0.338309840579075,-1.4596824016612597,1.0057098049386706,0.40417721976712323,-1.6434424295087717,-0.7725326420471186,-1.2930196158250251,-2.486804912186471,1.3881015117426,-0.33597605081106974,1.6240033750317409
GSM1602975,1.060603067070107,0.3942415559944946,2.1966212576202477,0.7893460015354001,0.1704528050024041,-0.47765636544961826,0.8757525350117898,1.0671293222590157,-0.1144152283553993,0.8994110398803552,1.20856227637752,0.7028944529098375,1.227802238490838,0.8057713778939641,-0.2704469857744858,0.8006783133663609,1.3158302737659024,1.053475385383035,0.5094145040659995,-1.7568263284805699,-0.13899435615504113,-0.4928648112196353,0.941277117693351,0.749031315898931,0.3090058173291543,-0.349828257955831,-0.16564542879812588,-0.6464853733852549,0.9302463847390094,0.44627034202262045,1.4777239179908077,1.114215248583305,0.3674923160302871,-0.2329627882766874,-0.47243600918949186,1.0552510520599823,-0.04519390947695981,0.3856769676234224,0.5376739297150372,0.5380150199907762,1.949394799162788,1.1489739370539818,1.0060153743616367,-0.0784625671230896,0.37109131207260226,0.9538273640680908,0.7974798427665806,0.11882299891992838,-0.42542704452017427,0.6213120297449389
GSM1602976,-0.28233923562565655,-0.8483573322960659,-0.10657718348179589,-0.8005421248339373,-0.34011570050894546,-1.0706398859148043,-0.44919224908068867,0.31402617176705916,-0.4963079886758824,-0.950257979770938,-0.915813460058328,-0.6788068221206088,-0.537359096611529,-0.6520068985799351,-0.8173476132972431,-0.1538975213716968,0.35118408482843877,-0.33939044871424257,-0.19489324406041225,0.6277810297134313,0.49633076613893756,-0.047040316639434684,-1.4878416300118384,0.5919854421920578,-0.3770469435154809,-0.8698506645658363,-0.9001052368250315,-0.8284376974232428,-0.6255679657009745,-0.22153430861330742,0.3494555451128583,-0.6514133785013697,-1.2900398412316028,-0.14297470755930888,-1.6848739605402718,-0.2146447009382494,-0.2457794170736968,-0.6169086432850857,0.23652172281577838,1.1130797281589984,0.8379607586724358,0.15538655271534532,0.02547206081717236,-0.793092837919095,-0.3681947039191429,-1.0017252825399472,-1.9054207193830188,0.632314410844241,-1.2461449358664818,-0.2347869888052955
GSM1691861,0.4465211957393368,-1.313199132788446,0.7893798328348062,-0.34171423012025454,-0.5572753440859304,-1.4101688987087333,-0.43461525935821643,1.2989056419841065,1.877597247994631,-0.025842233146868076,-0.5224145989776211,-0.9713973683948223,-0.4456814996045435,0.17369007498924952,-1.1060936575555487,0.7468151505612091,1.8075656111612286,-0.26368835850037337,1.0896616104493995,-0.11301731197056336,0.6775439293877059,-0.3572448655126068,-0.20864286389050063,0.32707864037018985,-1.152696677852219,-1.100084323823982,-1.2440145378739933,-1.2702787554836468,-0.5632789550798653,0.35015793214177376,1.3329514099940871,-0.47850157024536466,-0.8522858226112352,-0.3460130778062812,-2.582023852732521,0.4265668156495092,-0.7569898634440052,-0.8468046751465681,1.194292518902388,1.0846822659768436,1.1984690887131135,0.9940211343004434,0.3332859937325799,-0.5573216285868097,-1.2425650931817631,0.1875871972312452,-0.7874773354444922,-0.3296244408399642,-1.9006297825331198,0.4476915919236601
GSM1691862,0.4785254398652116,0.2777212672109828,-0.4402688737990204,-0.23161931060154628,-0.7708400775845279,-1.4289756659916297,0.2600217919563522,-0.6651521333993855,-0.3747402097905665,-0.3364660851822647,0.13414891818688784,-0.4665729482234818,-0.41340333184303085,-0.6816003903039547,0.425108892106771,0.39561303684635657,-0.4560912139364499,-0.2084238372654882,0.5505468499774472,0.10746910115365362,-0.289463733853273,0.8521505400431756,0.6664494309412774,0.4953468252027793,0.5552630262344642,-0.278267242775139,-0.0956120896283142,-0.54219470943601,-0.07420671964429039,0.3341450658238429,-0.05214140966807816,-0.3062783597043535,-0.4432907831805293,-0.4173024730752362,0.13120542483546285,-0.38565426918039475,0.5741520663809146,0.6923946900528666,-0.07867042985785258,0.31628047630031314,0.2404514892742447,-0.2819684684606922,-0.046414492789414785,0.7183386713000249,0.35422327440226203,-0.1875548696380394,-0.28247089558474203,0.17294780514025898,-0.1261966433851456,-0.2281521436294202
GSM1691863,0.5802448251063766,-0.6613579987250537,-0.31697135008225613,2.0288242152294287,1.421108418802602,0.905419308053886,1.2308409710700454,0.5555334445739339,0.8971042433062029,1.7062527724502434,0.2907774577231501,-0.6335002884111243,0.26146260215698125,1.5514597193850377,-0.14403570790104134,0.3460820244181457,0.3332394955208331,0.7525429587033549,1.8364851546268712,0.9916445764870484,-0.12870871582109863,1.0998299236535254,0.8738926579626873,0.8483154683147229,0.5209857179327144,-0.8343283680681883,-0.7862481827520045,-0.013660074902856428,0.6158126140934628,1.6488719955619526,1.075451640873796,-0.06678896186885873,0.03182619547916949,0.7815997595074211,-0.8678134099037167,-0.20122049760622285,1.3257527594534193,-0.5432691178220926,0.944808151808403,1.9046140177943969,0.29389297060893166,1.7485039503811928,1.1428521767234754,-0.24865291011016505,-0.03735183857027861,0.3932298340358142,0.9971622034036363,1.7241704397890156,0.6646044434713159,0.8631387117562189
GSM1691864,0.1357709359602069,-0.09738008673295073,-0.3401920679194306,0.42954229583491493,0.6957222608885842,0.631271453515194,0.4875951660760286,-0.43699211178599057,0.4557674688359468,0.37372350441243435,0.48075626323572546,-0.7957713682303229,-0.8905353295180287,0.39059932692113775,-0.5954816598790885,-0.4651371855696857,-0.8151610561102001,-0.597667741296015,-0.7513593366316307,-0.7385215254634108,0.1492270809903924,0.8028601691104724,-0.34682646605306483,0.4582098075524682,0.8882438071265604,0.37357511133498295,0.3052203761238275,0.8486382281367755,0.7943465886146839,-0.019201824076018996,-0.7146142603498437,-1.0182982410161838,-1.2763710315742811,0.7311788658585882,0.28185979781892895,-0.6959693003130146,-0.07916853823783675,-0.3497894646043488,-0.22385871024683707,-0.24135681738777118,-0.5101369960869073,-0.12207245255510356,-0.855071444998064,0.525204113983113,0.7159587105118342,-1.0331322838319343,-0.21386009241188528,-0.09509207108283375,0.22995207138275056,0.17467752913123305
GSM1691865,-0.7530076226227506,-0.5326088844804223,-0.20335286103903763,-0.10314716557995368,-0.1479951610924735,-0.26917749920447953,0.5707984006893402,1.0195298230434475,0.07210383298846941,0.21934543227986128,-0.2327963160052711,-1.3582188943547082,-0.9198468079409752,-0.1585630596480609,0.9827912394390298,-0.4133796317527231,-2.1473571384205052,-0.4618377204071572,0.009186525616773904,-0.19726612904028015,-0.11362329566747792,0.45167911440132286,-1.283655129847392,0.2306261349232579,0.03292451487336265,-0.37882099568087046,-0.42601987803066205,0.2148228388286035,-1.1145567127567595,0.7148200506570108,-0.7487027528191668,-1.2469816599233774,-0.09148429759166334,0.16491698411206313,-0.48010520008606145,-1.1244572556316565,0.1891590551850713,-0.40587173146867794,-0.8618767537107445,1.4063616984070084,-0.054108127895628425,-0.19748039060377745,-0.33926952481938477,-0.1680414297877279,-0.5883618131538875,-1.3512422010206993,-0.3651606507939413,-0.9784128958731879,0.7635806097185023,-1.1228286185633876
GSM1691866,0.04430157109776132,-0.4732272229868113,-0.330541446509245,1.16021123585934,1.7576496877864833,-0.004476882028803223,0.40813623664604964,-0.9040603198297197,0.6749165228416353,1.1260670471001282,0.09575881854184255,-1.0154581099429458,-0.879101502726205,0.8486662258208335,0.39451347155437627,0.44719744859018107,0.2599064526672805,-0.8407136836765254,0.2419347982898267,-0.6494978137978501,0.8763477605713995,0.41002648678878423,-0.0411466586037439,0.4119527369756645,0.3386364645821534,-0.6511892622367892,-0.6357822267994363,0.8066939757521977,-0.2389029132628209,-0.494999902664082,-0.06867300194205746,-0.604909680673164,-0.36992812069557396,1.621416607835347,-0.6243270771225399,-0.5393686557394453,0.4030722384311705,-0.03994949429699259,-0.4229760735535554,0.7651886981069882,-0.34933916149923055,0.5282300010075075,-0.2211717077635771,-0.7021369591636053,-0.5424993311274418,-0.5538416321660764,-0.6077776494605351,0.4522721237175052,0.06287855232591077,0.6861537895990755
GSM1691867,0.154940772384984,-0.372866438862337,0.2629047725332475,0.4420776794251281,0.5082696920225382,0.6776773091111151,-0.33842125658944894,-0.05927513781659721,-0.04744538167347428,0.535123418989158,-0.3674935030766539,-0.6463092313548902,-0.6535330888695396,1.0093426019893117,0.35711081254898003,0.03803923041335282,0.6776690843654997,-0.06114330592714837,0.046413096161658944,0.5823472275054763,1.3127799131084632,0.7874181487549228,0.2526701235439753,-0.23600655445133364,-0.5877327090213778,-0.3987511307816392,-0.5603257107584356,0.8259207895182313,0.762444389326302,0.5257690019532959,-0.3471776631012219,-0.7334119046153867,-0.7530245770774535,1.0528975761364003,-0.4141648144996275,-0.9814800881997351,0.9048975440382102,0.6775876310667149,0.12246538525116567,0.34110595026771223,0.0758173606518205,0.7167564572892102,-0.1483934666087937,0.5504815173813942,-0.14101751476605723,-1.4314519614817238,0.5162460190020275,-0.29234001860700265,0.16706989564285413,1.7533296253662927
GSM1691868,-1.2790963582470656,0.8009593611460634,-0.7145794015070045,-1.6717218340252988,0.23778618247607874,1.422480376639811,0.215196162638284,-0.32999227418365984,-0.5314906816274932,-0.44724978659662484,-0.22157660916161978,-0.1153631224613269,-0.38585607714173425,0.04811458973537031,0.15351813856496138,0.056365542665375544,-0.907236728931735,-0.3083246816997535,-0.2988302282131115,-1.3987982341710568,1.038172194041953,-0.3558392184587826,-1.4807974018890475,-1.067326552739327,-0.8961113091908811,0.11304044502682492,0.25224794146187485,1.3901923132753635,0.3634569217711286,-0.8076354271072465,-0.751891761353316,-0.33946060692030805,-0.19630082286960998,0.5760662110152621,-0.7879550305425641,-1.0030276764286479,-0.8107827284611143,-0.864386131093084,-0.7450561735243394,-0.32990289179341,-1.1614146132857124,-1.0754868726657332,0.29570353403757077,-0.8116361478834501,-0.6778540163973155,-0.2991172792287805,-0.7512376894110475,-0.11106320053638247,-0.27744287855323957,0.13336220897853313
GSM1691869,0.5012333641264928,-0.7967957298897589,-0.6300629358731987,0.40853652861065975,1.3506281988188886,0.6674922563262102,-0.740920471901018,-0.47216628447927106,0.09077066987418438,0.04263530592176424,-2.0756394698814775,-0.1744423746322584,-0.9541449033827129,0.04233107035719903,0.5825135538583023,-1.9376846644619512,-0.07434367461502141,-0.3556047767486567,0.24185724440718237,0.9219350599803764,0.7624084063704962,0.8676038426707126,-1.0126553736431927,-0.2976075655874531,-0.5356493331690453,-0.6306643898306313,-0.8610770891517054,1.5644597963667255,-0.19441941642958396,0.153461928336199,-1.2621162803311232,-1.0879510964059418,-0.021249070541048302,1.377637052329576,-0.9472354170949285,-0.6752199870697867,0.7737344533123065,-1.2785193367340637,-0.5693416827536344,-0.8979087057112035,-1.7284057147497724,0.09659310606588084,0.18440029768783084,-0.7934849553077645,-0.6247827898981024,-1.1509654953154929,-0.14862911593817027,-0.37752536701718786,0.8036777107299004,0.83823832027882
GSM1691870,-0.6226277180494694,0.009447958624678343,-0.10103433132042,-0.629939925336072,-0.39010683079678327,-0.06360866270252405,-0.48395962757191424,-0.41592686638382315,-0.34076024823402684,-0.07181632710906015,0.057812970373757294,-0.4626518830782945,-0.7888847883629022,-0.44249943723341345,-0.09842938060057503,-0.20905875922778852,-0.449885764474814,-0.5795424734769877,-0.5109550130405972,1.6409956085078492,-0.5078362958120846,-0.17915523079395929,-0.2957187386150491,0.14622709704544024,0.19754748617550585,-0.3512771446353645,-0.4700882729540033,-0.27962743687380465,0.11057843977185564,-0.5801926416627045,-0.7578697216142035,-0.5466025600242352,-0.882606145095718,-0.17250048725322004,0.6545790421783909,-0.6533860295037625,0.41485852328758993,0.9923160457317268,0.25501269372764945,-0.12985696650755582,-0.03910027571265289,-1.3445894162538643,-0.9246898845062879,1.3115292044866078,0.7425634138093145,-0.8942084363192188,1.0164215091538509,-0.3679121033224865,0.3765566483021913,-0.14891213287644509
GSM1691871,0.6326906134021653,-2.0886876940909413,-0.33728415076571766,1.1939934443302034,0.984731151744105,-0.3193950909698042,-0.470166282952401,0.7492634272521397,1.9073059441190336,0.8816739926289484,-1.5090261130814986,-1.9075915548147306,-1.7135420726062323,1.195551030479722,0.5219543444466945,0.595957229989707,-0.39748885753397706,-1.2922981730921823,0.49109766953099665,0.9757593431195869,-0.5549178886663754,0.12302689483992571,-1.5707910315410627,0.4304956034441651,-0.5515277166575451,-1.091935156849351,-1.4361609868207936,0.8654021894249484,-1.2907136191356023,1.0834789324356937,-0.8716642891935611,-2.524685530694882,-2.4811401093277397,0.9125427468058102,0.5703925273361287,-0.4356741006228994,-0.15458918574723574,-1.235707743682911,1.1376955339549195,0.6654780512678967,0.21622093409635104,0.5602296249258846,-0.46731135324683437,-0.4873072224316064,-0.9633658317063447,-1.9137866988237515,1.3168597560834467,-0.4192212727961939,-0.10686096706292865,-0.004988353543466726
GSM1691873,0.08923771180896252,0.5727462831246526,-0.7680995086587152,0.4664190786938856,-0.09363779414814015,-0.24516080168337753,-0.5779258726350734,-1.2059196454084253,-0.6932695268864516,0.2747565213569949,0.7591398889874544,1.3442602817759828,0.5774279954656288,-0.3533464968554579,-0.7419568718677401,0.0502257585256716,-0.2498397723571582,0.1195281666311748,-0.5308124540198796,-1.2656549118172344,0.047540127456788345,-1.6723166217136511,-0.23599039521353585,-0.4397560619227671,-0.21790998324581218,1.4026835702603975,1.2257910626099946,0.3677710043046708,0.07597786210287873,-0.47456456251444173,-0.25034154430948574,0.8639052819958736,0.5473725244742149,-0.13030582721246675,1.48439490196681,1.0984715646139518,-0.9157289673360748,0.6490421415733,-0.37251376258019764,-0.7314856086337153,-0.3429036607787095,-0.31835115328051167,-0.48589937234803265,-0.5278177756042843,-0.7575954715886007,1.0313112327242695,-0.96521491299046,-0.03402313416678162,0.669285540807875,-0.24893598169467215
GSM1691874,-2.2105424142190975,-0.3193471582147115,0.2808530102659034,-0.4116156771548234,0.3981617913321949,0.13055499078121335,0.26477206286909705,-2.294048356998172,-0.4246102710418585,-0.6236064266915979,-0.08042573993236009,-1.670344234545074,-1.2462269343739467,-0.4883395525121303,0.36541239552125665,-0.5923947359524514,-1.3209981146323484,-0.3434001030109016,-0.8860355503617241,2.799062582908737,-0.26879691566647823,0.12059470661974568,-0.43859751414463083,1.3244723778556842,1.4348849704603925,3.103291280861033,2.5965720320081607,1.6745150295297557,0.7855851814171233,1.422103501305231,-1.5590152111373063,-2.542439397333887,-1.966915665546558,0.16453715960843227,-0.10917062617791362,-3.353400016299871,0.9085415480129315,-0.8951220236256195,-1.3054459355595602,1.398773419174073,0.15017039229821924,-2.5955675969348304,-0.3660084013266416,2.21331084749304,1.4523341657860591,-1.3056082790585926,0.4164724229776591,-0.6459066955345172,0.9516461847764637,-1.370449481691681
GSM1691875,-0.2768438510831674,0.40731565755162064,0.14002251903845728,0.4790383984622579,-1.722371049510429,-0.9135733465821172,-0.3683095743932172,1.0607511049292029,-1.350134015707503,-1.2083971577586439,0.7273638258855043,-0.28099682657680136,-0.29143702617210154,-0.4919383784931003,-0.27035772462115526,-0.2878149371618722,-0.9055786710490704,-0.716670131595172,0.21261116891834636,0.7372815135288576,-1.1315718621250357,0.3841803980188613,-0.06962011731399698,-0.010259122428868958,0.8610113769289225,-0.13659965342754987,-0.03126280767156,-0.7914060823343717,0.5511755866011653,-0.31745325762922727,-0.5152940001737268,-0.3872660143042742,-1.5671902646370475,-1.6377237282247228,0.15658841519463645,-0.008831504137163302,0.2654894747276204,0.02671414312535418,0.9613541806246634,-0.618313467204847,0.6349958810758282,-0.8472403720681656,0.4358309146810302,1.1834144390897532,1.3091470194300474,-0.6598719203814071,-0.5341015616713586,-1.0612418783473645,-0.8376539293859454,-0.6244794997199244
GSM1691876,0.38103863643808866,0.6791753343033514,0.3433357651586855,-0.02447644017675422,-0.251665779649716,0.01609362079107168,-0.6746246671198499,0.6434527636890655,-0.24436644607220143,0.0563238558229151,0.2670683437879823,0.29744915707520736,-0.35617565246945815,-0.024972370013069685,-0.6273058936289773,-0.15906820037448086,0.837315800791978,-0.5663055959267234,0.14425315104530384,-0.7924270055838326,0.4544358658269773,0.1939889230077349,0.003541562919509611,-0.08611110366849901,-0.45761072221551213,-0.24836169566278493,-0.12550188320978314,-0.769951151233564,-0.0450452705637619,-0.012909325576598666,-0.16731293502309363,-0.08186951931991976,-0.2084070077789391,0.48113224915694786,-0.8469892786870176,0.38580527624042665,-0.08523071476451935,-0.7741928962012425,0.3804362638719725,-0.6247007249457038,0.2424942769572074,0.5956877090944658,-1.1069341764842864,0.010248856651211757,-0.5584244344345101,-0.665916618403269,0.26496517578293993,-0.322006566617272,-1.078878236034159,0.4516904155205381
GSM1691877,0.8795441775890157,-0.7806010596242917,2.4922226400319762,1.3497176817103995,0.15168693371091135,0.05596996786355229,0.9684334707696421,1.1607459473464719,1.9789719573062643,0.7986081977512425,-0.2649464168932692,-0.2749108541273076,1.7482507841214499,1.1853494211756177,0.4011218888667089,0.7777232012609036,0.5788422423714419,1.9444257921113617,1.5816460710330598,1.3390005976628359,0.8065707601191304,0.5325432213892393,0.2173911973757759,0.9891783455569031,-0.16276445403184553,-1.0424201769118513,-0.9103126175929812,-0.5070278532206286,0.08267021325135397,1.8002961599932465,2.443400737689419,0.42189534604404594,-0.04665652487798527,0.5440069465928549,-1.2332735798307803,-0.0682203580653472,-0.3934016088317811,-0.1841775623305536,1.4292501256769354,1.834881350300313,1.5698980299113927,1.4421426580559822,1.634908130828239,-0.22567346149738812,-0.43790484191272305,1.391967437574499,0.844709233351214,1.3496723089721177,-0.3749417772170832,0.29767257873879327
GSM1691878,-0.3663697983678317,0.6797318025300397,-0.25200977083005505,0.041611144366082875,-0.1417937429827404,1.256252932419576,-0.20314462170623324,-0.7733432146434867,-0.5856659883312072,-0.13344807174730922,-0.21040331949596314,-0.9754685508546204,-1.211293996742068,-0.5622998938382773,0.47412103278555306,-1.9505951304716198,-0.21867353337962905,-1.0320973591337297,-0.236897362330377,-0.6039956791178068,-1.4181788050201172,0.22579779298384864,0.1313376326355006,0.7484899555286003,0.6360836347915039,-0.32803600033448693,-0.18285959383506345,-0.6288713853257321,-1.4298250569946105,-0.24306263326186428,-1.4283520256364293,-0.6411745463952794,0.09076187659583737,-0.4312637833173806,1.4673156345824503,-0.46687027201299774,0.6841485861518247,-0.10070097904276944,-0.11611476878643974,0.6132433508639804,-0.641984837634556,-1.3975270214652218,-1.1805840783272108,0.30632446582969486,0.6589373900466696,-0.8763863081851321,1.4688869910832347,-0.2678232353605249,1.9035625452565783,0.045958549770957716
GSM1691879,-1.7622905971105842,1.2979964461222597,0.4956376063203968,-1.8864233117207092,-0.9585755507876064,1.2293134067665918,0.2751984031010603,0.6988348040351687,-1.4723854761058532,-1.7170650079697294,0.6998095963389136,-0.23574133613710258,-0.3544996339303424,-0.5746696039579758,0.4003994476686461,-1.2142915369868852,-1.0577596604892092,0.029395223969165322,-0.9472386187941922,0.9321762338428663,-0.19833920899279156,-0.5917794823958693,-0.5803471225739761,0.12985981930700388,0.05618126405250596,0.15731079010598878,0.3188336264443015,-1.317507147456023,0.9748588423710419,0.483994390012344,-0.8460061555161283,0.09616767623767974,-0.26748545044152416,-0.7758676034269532,0.14039571935359532,-0.9473021934048163,-0.8180756495367412,0.30785795196608473,0.6428746376745301,0.7849955869722653,0.7827594834361179,-1.434500361584597,-0.8984480807470772,0.38970982271511023,0.6777014443507842,-0.38384223783635407,0.019328689415195475,-1.1290487994476053,1.110636904021329,-0.9665202645565214
GSM1691880,0.8206747842380389,-0.12100293316773054,1.4519943883230855,1.3262644966567612,0.9905715606902269,0.41558621822506175,1.3336299355010863,0.2799340573077827,-0.541296591341668,1.437510629290121,-0.1491523496392883,-0.8473718488145247,0.20738884951370073,1.7808226964944418,1.1763343240883388,0.22879340587343308,0.786367811174781,0.44548003130259123,0.2455749549246801,1.0841142333589922,1.059137589546837,1.662899911284141,1.279211548536299,0.6115540179544775,0.16322674869506304,-0.8845317673155043,-0.7145197739733069,0.7454208711439405,1.6611581948755023,1.1250803203055815,0.5297762401728655,0.01028495254826941,-0.5613499134796165,1.2512716227616834,-0.18610786096131648,-0.6277668464377038,0.8435786380962332,-0.2699235704277219,-0.03917162298614827,0.35004013922513055,0.5319894568512917,0.4584795963996605,0.24328647953571603,1.5715555256501934,0.6170008685334609,-0.20500904428238312,2.111466005659534,0.8704035370845723,0.9391780293864675,1.1279046617828477
GSM1691881,0.12304306159975001,0.5882479414512448,0.514143458542557,-0.1999624829727311,-0.7032756738195018,-0.3990161966617604,0.15669992692429044,-1.0514584791640778,-0.801242823380761,-0.3966095446243421,0.7986112192553779,-0.43385469022942175,-0.3743025476727928,-0.48672842953741025,-0.11584475851487996,-0.2882959771089593,0.9732244299145184,-0.4708677155471034,-0.7843314124544385,0.8821035965444078,-0.32602912644262555,0.2046004777835577,0.21844430722877298,0.4101024117659087,0.48339949696946377,-0.27221224034274905,-0.08855991181156707,-0.07100148161126427,0.9411237995143226,-0.42379406929488955,-0.1839328619829297,0.2264296453166356,0.20178438294503304,-0.5648281933437336,-0.1764185566608673,0.4093837242722447,0.6868458041263971,-0.06472112667751749,0.3739541873785384,0.7803255452742934,0.37487841229924523,-0.0644863180469074,-0.09990972755808375,0.1463907827868366,0.20746815887156259,-0.36222900076581344,0.4689707431621041,-0.836424876768952,0.0531957085036064,0.08229372800246545
GSM1691882,-1.6490538382792252,-1.3059516662427058,1.0564044895496998,0.4486003370532757,-0.5445633859307949,0.18133191175654245,0.11987310187472104,-0.7294725141569912,0.34526758109249306,0.3418611729107463,0.30902958200946423,-2.845047419394853,-0.8297453773843757,-0.6393337672592193,1.0051522056739144,-1.1250673163918716,-2.794672662524375,-0.45026364059517915,-0.10589156324402418,2.7218501806468334,-1.3150827908541851,0.6772830634821767,-0.9060253372188312,1.7625400863182084,0.9440635139536189,-0.19645817197706536,-0.21447550092178794,-1.1999664912962689,0.5160057260536224,2.040536867691454,-0.6064809229120752,-2.248939048182791,-1.5417056887933722,-0.5346317461822994,0.49112660158861315,-3.2618982967449943,0.13164165336185676,0.6544649761314171,0.0639366725504272,2.390150051128192,1.3281327495099833,-1.1855972324524429,-0.5773835759593651,1.646172169705769,1.231430862272072,-1.1619437653328168,0.486449138512059,-0.8979977177287984,0.6460756532452692,-1.6927844336337472
GSM1691883,-0.03194049069288682,1.389465604119111,-0.39831664071611383,-0.8422021167195052,-0.8943791290603692,-0.22396811404837266,1.5932694198548236,0.743467207125061,0.015593507249554578,-1.0597625824752523,1.3528563408497833,1.5289911048757978,0.8052397420884395,-1.0199110367925532,-0.6531711085982809,0.2263324659744588,-0.3926852856628331,0.5424485854845542,-0.7369674328161754,0.14210645605244335,0.24517238885854817,-0.5056070337310568,0.1457387778093378,0.107293535577041,1.2233849416792053,3.0023176160317577,2.9655192122726333,0.23828138295313342,0.5109548194619353,-1.0999708469998277,-0.33463910346710823,0.39575259414280295,0.6527904729572734,-0.17280090037534662,0.7614563808115681,0.5531663163027994,0.7752818610827962,-1.1527988790122157,-1.0286350484169011,-0.7319435692296156,-0.9531997687557351,-0.07593823204392447,-0.6664424843504607,-0.4642779185694054,0.7701811068399632,0.21556722133768674,-0.3709907893605823,-0.2710951568383106,0.057804400220255035,-0.15952531545703227
GSM1691884,-0.2574243205736625,0.9854945299815508,1.0111693373254425,1.291780180988666,-0.33016056013047973,0.08112254911653365,2.232041079175532,0.21283735833022155,0.6938168464713036,0.5237373336192636,2.294564481880853,-0.9138288290751774,-0.10287730483363466,0.46702132691914716,1.641661639713198,0.9178383783923242,0.07472775047175939,0.30306170440531605,0.8478453208931443,1.407834999583855,-0.5947981359923233,2.1458689423773802,1.6255746565322913,0.897697374556671,1.731049775967277,-0.07311187745729507,0.35393894096944506,0.6682662567483716,1.6818815433580558,0.1106300928543673,0.7957577431812625,0.22712256354575436,0.17919773864519348,0.028029821846502972,0.009196981941043295,-0.9770846228343519,1.60161690553494,0.26134745019831884,-0.07591506685752841,0.141008778501347,0.45825274434663327,0.1708497820585883,-0.43936425720220257,1.2615475968086884,2.4295711020053927,0.5509664742946333,1.802491216067504,0.6147639889827863,0.4854360373595529,0.19912887567964996
GSM1691885,0.09198050369240209,0.7199068337003315,1.0920257584730266,0.24439640197540116,-0.7737168878771203,0.677181548905713,-0.3256303325498232,1.4874117885313392,-0.4874388509839872,-0.8530782040896457,0.5949570812888969,-0.5729504598663678,-0.42384981302805785,-0.2760491473083598,0.0034743655379573506,-0.7753397377155318,-0.5169623306964477,-0.6858331930317351,-0.6590511670348879,-0.588912943978514,-0.602789336407458,0.4654348969417387,0.006702072638789143,0.5480785134788845,0.8016394263051846,-0.464034542518694,-0.305336990674647,-1.340230824639035,0.569224837102772,-0.053746118682656156,-0.34392692327031055,-0.09360913041403501,-0.44305763976062956,-0.43099367575281694,1.897290534987819,0.09404470533130742,1.247752666717107,-0.4802439677995413,0.9039864992279834,0.4841788515429987,0.8312379265948261,-0.5967303723197394,-0.7754727216158653,1.296814474880663,0.9960991079611272,-0.7817487677966923,0.11159840084152453,-0.10584902891910633,0.1586366729985399,0.3251988302105134
GSM1691886,-0.9171549080672262,-1.2948193402990735,-1.0547543954160896,-1.7997649604602195,-2.616855320233194,-2.226698104620661,-1.8574462249293349,-0.2012935925026138,-0.7263283537980793,-1.4765510365664578,-0.2972937349696217,-0.05433925514577911,-0.4020669484121431,-2.3101384940866865,-2.3387523081477246,-0.7971874849798632,-0.5491179889628378,-0.8281226059581676,-0.39098247390855756,-2.1419928366297047,-1.7479234070261134,-2.460345180257875,-2.4643515389495696,0.6070993477782666,-0.31076810049842635,2.34430999526338,2.117637615195961,-0.5712744417220619,-2.3756599888561527,-0.9515308237936881,-1.104290841237635,-0.8048614320035984,-1.0122993792746198,-2.7069180042626226,0.5221711332662206,0.32622669562982787,0.6891920586110502,-0.9670906419503699,0.4608569252329097,-1.921001458636088,1.361217378421344,-2.42103653710957,-0.8807335576904515,-1.1818695453346801,-0.8674987088024567,-0.25408757229705486,-1.8778915315560296,-1.8311277760577678,-1.308261010223532,-0.95689075244489
GSM1691887,0.28226620826706783,-0.9307269918414506,0.18182470411344429,0.27329338801802355,1.2282475160650277,0.4173494861223846,0.025226686425000013,-0.16847178282736755,-0.5534006108072576,0.6907186215377036,-0.18134935780893618,-1.5482771050583262,-1.6180410470602884,1.4747772470203968,0.5666737345254823,-0.32872489196058824,0.10740517575101714,-0.6377465612097138,-0.1558018187242509,1.3955536871618854,0.39892711064559394,1.1234602047914655,-0.4227055527512581,0.5243545510660139,0.2540662322573391,-0.17583043430648482,-0.483918925876725,1.4304429666334555,-0.022373535543943227,1.0766799996955323,-1.5257101897798058,-2.0473585763664177,-1.5349328466922638,1.355370650954047,1.4949045620019161,-1.5314331517493296,1.4587026642684344,0.43909585054302597,0.1683826188205689,1.2703235824009975,-0.24956500935624046,0.1621525024797546,-0.6450639074784592,0.9143037842469205,0.09304550555170119,-1.802041584679598,1.4100311533782595,-0.2555205877780208,-0.2312573263843402,0.5791943449306165
GSM1691888,-0.4002087111388162,0.14126076267872928,0.31229077053350096,0.5648944513862143,-0.2447438937303927,0.8327587659578206,1.788538203872598,-0.6141776905213273,0.02271805859343146,0.04218936865053211,0.9926936047643927,-1.3384343083798045,-0.6636336286087651,-0.028214648961891152,1.06541119736843,0.29747293336313474,-1.6332250838952544,-0.28722835637286254,-0.13091169988669873,0.9507828429425355,-0.29443009878033577,2.2449354851002585,1.080779943617651,0.5709284547792273,1.6806783602089403,-0.25438456106485324,-0.11901384790191472,0.3073387638554784,1.6904048441060489,0.8515713925366774,-0.06302949415547045,-1.2618083750839204,-1.0815361524049374,-0.09929017043357556,0.8364095530330801,-1.7900325611983983,1.5842540199824893,-1.188664731200968,-0.3297506953300532,1.1934239996066998,0.1425599543333691,-0.60537638123048,-0.2564891962702978,1.9420039458815717,2.197889189895541,-0.7686567331124852,0.6213112327725944,0.5110451779048877,-0.07575513852620865,-0.2565362890249456
GSM1691889,1.936499126075574,-1.1429796047698826,-0.082184954502724,1.1571238376870114,0.43482448595016393,-0.8892405902413532,-0.476068104004635,1.1816093897599769,0.5632981699865872,1.0040875404879999,-0.6007987654299777,0.6534322978794085,1.8437982478707382,0.918470191737001,0.9703467529467998,2.049545026533991,2.501759231096949,2.078993596659881,1.8364767964049118,-0.016156104766498248,1.8093846753936826,0.8600606670854556,0.027618869912844304,-1.0920326298361074,-0.678271629376919,-0.8635765042381816,-1.0313108074343156,-1.188289278350314,-0.1794168689859368,2.251584610011836,1.7932285919442112,0.7271040690745325,-0.2595356115772709,0.2909125093893768,-1.1383777908341217,1.3512535490154638,0.807618002333508,-0.5595100301216763,1.237448071399271,-1.4896605887626422,0.21949065103384874,2.1945193377652847,1.5268329199791213,-0.11847220504805919,-0.97869539832475,0.8571735012647115,0.1952620978835062,2.409673592124476,-1.8011625369847115,2.055173399945798
GSM1691890,-0.37431960470268155,1.2190022336378685,0.9208309672564369,-2.2268415625545197,-1.3145532639543276,-0.007238804617037837,0.3942224072460937,-0.31418164973934154,-0.6825278595320967,-1.394688909631439,0.937899067583,0.5442184597573827,-0.05058211775571035,-1.4976401800661097,-1.2952591015449493,0.1341026769953074,0.5686883083868708,-0.9040127586839577,-0.6416016742508995,-1.2003876324228349,-0.5960131156432982,-0.6125976647950085,0.43083658996205165,1.2192796757431184,0.847211631521935,1.839916206043345,2.2361829420513284,0.4903644061439512,0.10025999065086141,-1.6824554600301735,-0.41428346186380083,0.2785355037447108,-0.2972873155931734,-1.5798300191646844,0.4508938374403994,0.5692735517532344,0.3447669063626645,0.8086026793284339,0.686155147993842,-0.383993776249742,0.934923045550733,-1.4217165351879781,0.06182952374474407,0.671016075412014,0.6665259265083409,-0.05624673002316414,-0.9249773580241777,-0.5744340027390875,-0.39897330953144916,-0.6521719672039252
GSM1691891,0.2309980837603934,-0.3742527658532087,1.0969702381532687,0.30335761083281854,0.05944738166502798,-0.07914420528039857,0.020181599606204567,1.2923657015635335,0.24703570776575903,-0.03402056708743918,-0.19103295856410582,-1.1071900188530057,-0.5960249544587078,0.06450283475338661,0.7947165522222908,0.23680338796189088,0.5132392014667211,-0.30001739914774195,0.5498713643813626,2.586425642539121,1.237756503248685,1.2141315103993053,0.7976574198303382,0.6307237516393706,0.07035120030527149,-0.40371295518030836,-0.4770147728106563,0.1640114934321711,0.9113201831937561,0.3855514898425221,0.2632163479155538,-0.6989444522009941,-0.543411862792966,0.04285719124046773,-0.6135605063903852,-0.6502721476229405,1.8274445642707822,-0.5666712362836303,1.2505937482598513,0.9584389333093744,0.6990452604639336,0.19548623578421623,0.0885211338184236,0.7503895290078646,0.055219498776572826,-0.1944578478264699,1.0774807251795424,-0.07208553337462009,0.0001321610304706005,1.493007679652863
GSM1691892,-0.01160142106030998,0.3675116465792833,1.6156819998020295,-0.12725503824593168,-1.0622479297169616,0.014755930810474483,-0.7193053083212427,0.09431284576273338,-0.2330744281786582,-0.9740103578266905,0.8195892981217965,-1.2049544814108173,-0.3243516225323929,-0.6955584595554188,-0.029262227654834837,-0.10368406213540943,0.028975907478552616,-0.183550643069021,0.1688832706349153,2.6673932391214086,-0.5691369181716414,0.2840184370100944,0.5007584110707122,0.6313805184303682,0.5481151941453195,-0.2754905067855373,-0.17147553728071707,-0.5447534091067247,0.31581257613159475,1.2323943598483822,0.21198712446844167,-0.24236383836668943,-0.10056643863933741,-0.9552127847677723,0.7282528539359413,-0.7758291670093524,0.23278949972250046,0.28865210407739855,1.182929894463895,0.6992504608705611,1.620057721427518,-0.8125838470523482,-1.0403351035896484,1.5185497618389752,0.7089900977389724,0.3286587607194833,1.3706434666569085,-1.370556018111729,0.42321209245335717,-0.26652282795711774
GSM1691893,0.8666650949442711,-2.254940181457462,-0.9724727390378367,3.118577542946693,5.841315410960777,1.9949181518296244,-0.9895269800071789,-0.25784022810239365,0.7800212280701165,4.332536743339719,-1.3930927832246962,-1.2804948210776608,-1.0172503515829487,4.709345738908533,2.665378133249884,2.35482791738778,2.045234527543327,-0.3357632325414688,1.3722476976702318,1.2882734888828944,2.0135026833204623,-0.4897868589669883,1.033733938688732,-2.9135693557793143,-2.1156496479458555,-0.8862069628059471,-1.4469332768779137,3.297828986225699,0.5593616398092991,-0.7618984372422425,0.25569614942976915,-1.114451381698819,0.4072321795333358,4.675562150648991,0.3702013238352482,-0.8339799133774273,1.990856341358395,1.5310499841068734,-0.28560628606175686,-2.3218120187374307,-2.3953889792789274,0.5495574380582889,0.4912614109165185,-1.435522565898064,-2.5388862261801375,-0.8248271257109174,0.6032915903548108,0.3692787974820951,0.020475390097339122,2.475610882726085
GSM1691894,-0.6003974424578818,-0.07029484018623852,-0.7334749864323118,0.14150916010668496,0.387580465184221,0.12261085342082416,1.6847930374439293,-0.8419167889712069,0.09194860862077094,0.13475255424965898,-0.4131849171686194,-0.7817252605178693,-1.468975953314686,0.5683578535784927,0.9260861502035747,-0.48519684840105476,-1.2164048606824316,-0.3538802160968438,0.451623350212303,1.4258155433973592,-0.5711939110247924,1.3752734857529747,-0.24450205515667253,0.5911019412616088,1.452058295075343,0.027262274106802816,-0.006765108514164774,0.9360229677080271,0.46423581513959794,0.5406464897618206,-1.3105245120161328,-1.4614054316656524,-0.8850121599429077,0.8319635164505754,1.5197394127540433,-1.5740762393306618,1.8629329395544025,0.7835085499690293,-0.09645342430635813,-0.019244601420697092,-0.8414608965889537,-0.6010015375840598,-0.717732065234173,1.862759121464374,1.3389023483045077,-1.1683202866569113,-0.34475183988146085,1.6534336521847792,1.1523158692876865,-0.06567440186756789
GSM1691895,0.508519262279079,0.15894836242836455,-0.424232398772071,0.32045226139327415,1.3734031443574717,0.6149941925705135,1.1002135515927136,0.5620757139172208,0.422788108535197,1.2355903803376975,1.0571164602898846,-0.7283452573254028,-0.8149510402145052,1.483580152953244,0.6729944963469836,0.2293038509306821,0.648670057940104,-0.9709228329974452,-0.19330677724166073,-0.9895624476546843,-0.23460483138814525,0.4410738474555869,0.5404288065737436,0.5261481512364803,0.9696351578920068,-0.16031487115969834,-0.19556900787188156,0.7042131684342462,0.5364849686756461,-0.5217752518172677,-0.6183787471511503,-0.5868390533685025,-0.49182348852230234,0.8420926331336673,1.5900636111161512,0.16146827555027762,0.6219795961574087,-0.16687097909065604,0.46474834524851527,1.3131578307193092,-0.5750942907684614,0.5125940495723028,-0.5452485898612852,-0.20079448297469019,-0.03899171193705692,-0.6282383946415426,0.22382312853800423,1.6395593992863715,0.29642048016984684,0.4797077861247066
GSM1691896,-0.7780546599975343,-0.43975354949692125,-1.1866735989142108,-0.3704857725478351,1.1177435363113832,0.37790107539498125,-0.3313099527404416,-0.5123611034194887,-0.06373201706757206,-0.16498343375883298,-0.9567034671583087,-0.9620858502373758,-1.3092357392234295,-0.06723434294822718,-0.07180589001609539,-0.953179115025882,-1.2538291366243917,-1.039032183822531,-0.5846407680799476,0.7716308109528528,0.2669735569295557,-0.09026013969049625,-1.7438024546782567,-0.07863527680981766,-0.4482193707854949,-0.5088312244324695,-0.6016413542203888,1.5257797145368732,-0.9407183499373448,-0.5137898418178382,-1.4111107008018187,-1.2587989239394795,-0.27841095385882364,1.0690343824598432,0.6800586265137623,-0.5306283362700062,-1.7940116564542121,-0.6977476260362409,-0.7647813830923619,0.3527615148140801,-1.4980777139436798,0.6619584958504051,-0.7110950413317183,-0.9059952887494996,-0.3917864211092461,-0.8411584183696369,-0.7555080479837353,-0.18347847766558992,-0.21669736835154116,0.06453067437871741
GSM1691897,-0.8318716519214026,-0.10068503202131039,-1.7683554379475337,0.38023660215055616,0.87192004494164,0.6911182182632029,-0.5542051112347544,-1.5437189977415922,-0.7166993920033472,0.7338785686606559,-0.3689377724271083,-0.3769906126081098,-1.1089648835384078,0.39459415832529515,-0.6390573469220975,-0.9577542642829707,-1.507457397160858,-1.244644358862138,-0.8443608809923009,0.006196240388247702,-0.2335682841979695,-0.7701744759152865,-0.08992072631915475,0.3287738415736989,0.5346333937259051,-0.04670950553732354,-0.07069948524512498,0.9199359612636557,0.5974456756227083,-0.9902302467173749,-1.4602657127077165,-0.9852751011946377,-0.04281077661750759,1.1796539196702007,1.7492454813544729,-0.5313996402803473,0.049641143109704064,0.03437821924229114,-1.9299170412566122,-0.4141831720433251,-2.003553792168062,0.8309222943601619,-0.33073024342431767,-0.7783341065213286,0.043526401941441945,-1.3525881973461407,-0.02651633632446698,-0.10706292874145029,0.3642497470295738,0.0795644171706312
GSM1691898,0.7211108491714074,-0.7599198340955345,1.771456994947976,2.530511980458915,0.8170798317268391,-0.4056679786591279,1.1754798738494934,0.9806944181432594,1.1316724179281166,1.810874981415417,0.26813282693762036,0.9381560755092009,1.9298842311212445,2.4204121479397425,0.8937334062688661,2.3233426274779907,1.0851252205287172,2.302148870761472,1.8794738977746892,0.8903574281620176,0.6090109163416728,0.9937665067541479,0.47298783909836684,-0.14822854320421955,-0.06985320761486813,-0.8616793840961581,-0.8889116159965248,0.20474319701672242,0.695572070856841,2.622956422394775,1.6429748419451196,0.47725068720876623,-0.7404608754508101,0.7980835119487708,-0.2166047727793014,-0.023903726931203628,0.5425331517045033,-0.28632046670146044,1.1513313048197777,0.4494544906178229,0.3335861560138025,1.4477666894403236,2.5937376315428393,0.074016252973285,0.23305756212126152,-0.45858255435979,1.1854816361514378,0.45681486164440765,-0.5941489378771674,0.4497937691550046
GSM1691899,-1.2302728586211407,0.5198334776290487,0.46002624012476784,1.1260922625347332,1.6999248160728255,1.3251728148478497,1.1633552321335354,-0.8264174570776991,-0.443695054006898,0.5671531297767239,-0.9546897641560292,-0.25080791945312253,-0.2907530108333467,1.0603653241654933,1.7390173468948447,0.6867353151110552,-0.7279421929467982,0.13431065649254684,-1.1159588477118598,-0.6278629424136423,0.7259482531786402,-0.47062684755233497,0.01408734141846702,-1.0127376221423727,-0.3123600890570416,-0.552094434682634,-0.3196268479397673,1.0988572102137761,1.7543843576329026,0.3677903592594863,-0.35432494917533736,0.3096067997972799,0.7163401125348661,1.5129525942519446,1.147231279462076,-1.1856907697994563,0.5391346470934958,-0.6866839628180731,-0.8215046834836055,0.3091243554182514,-0.7443088610359168,-0.32684441145928417,-0.17342584099035963,0.7077183838917487,-0.08455688353074223,-0.24941176813170762,1.7572969059383594,0.9399319738665098,1.2459635995482279,0.5346222096362757
GSM1691900,-1.3068607217630384,0.8089679031817595,-1.2205425261280833,-0.20426754569298705,0.4029190624036224,1.860538846139858,1.287046161483701,-0.3632154144674287,-0.1829084844518679,-0.15724649879346134,-0.03587296797193905,-0.2297737140982863,-0.3630851651551227,0.2415744189345112,0.47259730148130646,-0.8767634003194064,-2.7069882934708973,-0.426815106549097,-1.3074684069124638,0.4580958099739687,-0.14956344509782304,-0.17670278925098679,-0.9244686835593462,-0.053269174698766186,0.37447158864362484,0.6531405646549103,0.6074527424109422,1.3010497808018475,-0.4373678807113608,0.7857561825814983,-1.4254014594292992,-1.2304388562275044,-0.4046074981478261,0.3891982410653147,0.5793433033845762,-1.070836038668407,0.7361595524999947,-1.1095589980977394,-1.9951633934227015,1.5725122942966985,-1.6776018079263746,1.1092748183840935,-0.43650104609287815,-0.9870839758323448,0.669468261449531,-1.5443432750232964,-0.8980025986622394,0.13287995993426577,0.8048676032177371,-0.8568353047545025
GSM1691901,-1.2326357170231563,-0.10005828396159175,0.5341345161398483,-0.30010304873683913,-1.684472936272058,-1.1757928742564683,-0.8062987182784193,-0.9982827057390445,-0.3733325413388514,-1.5482653340217416,0.16137858025466237,-0.09136620632270627,-0.2504601293205443,-1.1658463370911936,-1.8093103795617773,-0.2909105379239939,-0.897298243021199,-0.5320759788172252,-0.7266871531110534,0.2053416092697117,-0.5366732982716256,-1.1415842976927533,-0.8050643080172045,1.1833240846578663,0.7019881994854326,0.7242362301546166,0.6474477916495991,0.07638878575700207,0.45026587493311676,-1.2507738069259473,-0.7055532120771671,-0.27408937489206797,-0.44493182145414717,-1.0593471295302097,-0.998374210457336,-0.5028452818736646,-0.8751626523326045,-0.10539218858870296,-0.8993512883512612,-0.1871230607384741,-0.0760660842268954,-0.5210383253143462,-0.4939615539911293,-0.16582801747230236,0.8917362047127819,-0.14202919962209368,-1.933605121063849,0.0014039310127914972,-0.9250997081054927,-1.0304351946123012
GSM1691902,-1.441686932989669,0.8038816162788394,-1.817513627168487,-0.9566353885560949,-0.9185692821620033,-0.22533714734219773,-0.45806985068367095,-0.6169688656497704,-1.5567472098209427,-1.4238281835620799,-0.47789015821893205,0.5180318766368239,-0.31489901697369777,-1.4676348711847162,-0.7178921835393797,-2.268289854572052,-1.0948869839566115,-0.6508363358570899,-1.5847959294510254,-0.9629344363336109,-0.22813936301331214,-1.6398775789082447,-0.4073794002149787,-1.0808833216691391,-0.5653588611664891,0.01670872254111357,0.12691490843286188,-0.5017507256766317,-0.6266026852743379,-1.447466268157506,-1.4125812501410955,0.1745718973772927,0.9704675286233901,-0.35904872566629015,0.3232467567003522,-0.24000271056786995,-1.595508510122447,0.2895583183541064,-1.224459857133044,-1.2594902836415336,-1.3850885414570713,-0.22437017584867697,-1.14869125937743,-0.36551262187747674,-0.22242303768862545,-0.008989200066014134,-1.205404369136521,-0.8104783216692367,0.6139338141266037,-2.1648626994498104
GSM1691903,-0.487924830829488,0.34107325822054063,-1.6757979690864284,0.09121446568512513,0.5615053566989098,1.468706259455897,1.1155964230240267,-0.786637360240407,-0.4248129451827543,0.25303229256400495,0.17103480449895836,0.35653922212439115,-0.040762450711977344,0.3408326839047208,0.13297427469988427,-0.3303229422650929,-0.7041598552758913,0.3956108892038245,-1.1399682037281729,0.7045489573579821,2.1445169851528467,-0.053828828331687124,-0.1605437706837015,-0.1980601622107146,0.06745996242415113,1.1999235883951054,1.1650003335628805,1.6205537447946896,1.0338436665818722,-1.017972186998885,-0.8210850696932565,-0.3257308305722013,0.564886075649231,0.3219078905557566,0.7108934974234068,-0.72275787998656,-1.161089703490084,-1.895105712931295,-2.223209605049211,-0.5775358190099938,-1.046261586271213,0.5887762300187651,-0.41077127367306393,-0.3746049495195604,0.700846188450685,-0.521370606796233,-0.8916239361480557,1.7790517106513777,-0.16041101323037615,0.38847848435059246
GSM1691904,0.5535358388402853,0.1840314480010033,1.1602109820805002,2.1159025067360546,0.5336807274402737,1.293142204490032,0.6410633386204726,0.6689538220529105,0.1422550254136013,0.7720437136104733,0.17599669863920694,0.43611396346718895,0.057324434672391233,0.6558564064469914,0.053292309467621556,-0.22068477708330778,0.6434674212014985,-0.09312627997146296,0.6023712867049202,0.37986494642565827,-0.7066789760833931,-0.17666793577827838,-0.3112819036463778,0.5494652180656387,0.27016786087191547,-0.47552423500329577,-0.4924079694208692,-0.9318814220744812,0.04807393831950298,0.3859974010156284,0.5429558457478723,0.09242604936336286,-0.06660630590498225,0.007647786494174993,1.1677774232332196,0.29927828818293895,1.3102694263041683,0.8471476757889006,0.7917184082009842,1.0033909452243202,0.6180997599140824,1.0354888623340008,-0.13972023009996945,0.5023460531504829,0.5387360896584233,0.10112395663504777,0.5652612653896857,0.24279499613332362,0.9090105525549858,0.4292932275086947
GSM1691905,0.352703054464808,0.7332869883026945,-0.04360856759328423,0.5535418354923296,-0.8199592180463995,-0.25450693083502074,-0.645835542460627,-0.5032501697755657,-0.7997053979416147,-1.0752407857345954,-0.5344131540896748,2.3481458691446875,1.4202515992447589,-1.1960625802545326,-0.49192462349474464,-1.0431389064254075,-0.9001642779713411,0.7587599545430265,-0.5255193446656633,-2.0028428415964563,-0.4090942961528142,-1.6620987689176514,-0.3038006564688201,-1.1450441389384285,-0.7378435292430435,-0.594064125268184,-0.4251128154312566,-1.196964978029233,-0.3321445841361148,-0.5773256847684975,0.20485354940070236,1.4599666864959988,1.1868541248651128,-0.4416103081859942,0.7568632413761882,1.4548547452440892,-0.8360739831552966,-0.1089480984311728,-1.4742844274481979,-1.633165521929883,-0.40221640747302867,0.22175865995296443,-0.03877468683747253,-0.6934193499387054,-0.9448784792803147,0.9682140701996554,-0.8949579618945297,0.8580128206717301,0.17780476305520884,-0.30380757037849515
GSM1691906,-0.08500447416402294,1.233543634896963,0.17145042671864508,0.038850885219942025,-0.30284364641127925,0.7094734923546248,-0.7215209831625352,-1.1955318464602065,-1.1087183006953483,-0.5874050081028499,0.08747387272755928,1.530459552925946,0.05251371821605116,-0.765825921510365,-0.7299816247554447,-1.4914843228711085,-1.1591492837867161,-0.6533829302510032,-0.6000239263264856,-0.8678165651961594,-1.2914367203333679,-1.2186583721308544,-0.11416458989908089,-0.18044576580611266,0.1180052751385617,-0.7200185532036405,-0.5308320741291777,-1.2134132353123932,-0.4238528555673607,-1.5625960843097404,-0.22095425284965986,1.0421481288806778,1.2214466284227918,-1.057259881009757,0.38992224955925386,1.174607263630823,-0.6857414728939293,1.1787629159596484,-0.8493991468985995,-0.8379460299234236,-0.21675778857008715,0.2733654165555542,-0.23549870867455497,-0.6047529897792979,0.1632817370640686,0.5844649205085136,-0.5466787953753952,-0.10220860051785867,0.7442939544984344,-0.8970411056557783
GSM1691907,-0.40138151681268525,2.0115806175454494,0.10369876345105529,-1.9322320321605595,-2.179252621023463,-1.1316909595920366,-2.358322328224218,0.03853667872525472,-2.0863088626171944,-3.212039477204448,-0.5129033802818447,1.6445558618196472,0.5950244302981759,-2.588144819844078,-1.5182696889385,-1.8469798819891825,-0.6590123789351146,-0.8421915589336986,-2.1132897272777433,-1.4970952483054518,-1.3639241675896303,-2.112271542673263,0.5853624896733955,-1.7649013600931005,-0.32650122249530006,-0.3710651908791391,-0.04073816110937578,-1.7165431282466534,-1.3472271968361436,-3.058331580192826,-0.15219075541556792,2.1279962616179877,2.403655201963889,-2.3841935966983154,-0.3172132414605389,1.8021072383401264,-2.2740991430656425,1.0470608369913663,-0.47047625640124224,-1.925941136323533,-0.2636629966237596,-1.9199708935740498,-1.2671453491370361,-2.1976902366604256,-0.6733859281040586,0.7362898664013328,-1.1448047783467439,-2.6984102689579545,-0.5593588239432067,-2.084109231341934
GSM1691908,-0.2343546108995531,0.27274878390639384,0.02032918662634761,0.485876382535284,0.7078691947457254,0.7539805937132954,1.0102597741227823,-1.8216565614041234,0.7476797358428928,0.18907290241824012,-0.37926903560576586,-0.6484662016805494,-0.5710118986615537,0.6464616497945506,2.1059930634574626,0.8293982057033003,-0.7556851288318919,-0.08743651867613501,0.317786225460704,1.535742307011363,0.38369419451869274,2.2598546876251864,1.8926604039987849,0.5799906417633387,1.576867439519345,-0.12368512125604314,0.057543091410260615,0.8197999325785871,0.9597832432535367,0.9098592306913948,0.029171131380519865,-0.49533982415960365,0.5857270225228742,0.3196174388548944,2.0843361905886213,-1.4597011562047835,1.5123586581579154,-0.8912857768331645,-0.7154902580376783,0.5134323155388976,-0.8274832286730124,-0.04067222933614467,0.0032664303880140045,1.306375407765478,1.5006475025783923,0.6515440367683638,0.7093582743026772,0.7203328662630726,1.0273575661979442,0.1708572914417113
GSM1691909,1.537950696126564,0.16722939771139114,0.8830359851839149,1.3715687113284274,-0.5350192452606058,0.14842297479028352,-0.3631344665571514,0.9108575095180949,0.7089567779890219,0.1339633457813259,0.22499889719306196,1.931020434297875,2.191022273518151,-0.25191102545741545,-1.3179789412725724,0.723317535570413,0.4461346146410225,2.10127780062958,0.9313521017709612,-1.026172207886865,-1.2042468249587819,-1.0025722266392447,-0.6322117739556201,0.3293395578123443,0.4853257908125761,-0.5634412230097173,-0.4567036445039236,-1.4688260965631366,-0.9299723724368765,0.7769546029693488,1.3280371542503338,0.9440303297310229,0.8976418355098836,-0.49481891148566576,0.4262442872100177,1.3250167514854476,-0.7290208499963062,0.9283860412772825,0.15092745844221617,0.6244899228053417,0.6397498264447219,1.0778271577818106,1.956327176701355,-1.6351866914116906,0.19620463511020675,1.2826370140972654,-1.413761634512692,1.0202673575726569,0.3453408066484724,-0.20016735050177403
GSM1691910,-1.644914380319541,0.7319734283978612,0.6752533653471058,0.07182558665945417,-0.6263385371446909,1.3052669917353013,0.7794629509830299,-1.089571830335385,-0.5202513569659702,-1.2502451117703581,0.5921974390526248,-0.15652811001739275,-0.33273305472043235,-0.38754996069461584,1.5217102819988395,-0.22991274388563343,-0.809074255626809,-0.28929119988611507,-0.7356935111561457,0.021985153429065558,0.21190862562324106,0.26484506078957754,0.5510499006941737,-0.21385935594054942,0.07750317631726054,0.3424089293488273,0.43560860229203746,-0.04028184925290723,0.5452452416012333,-0.16497736238762542,-0.32009735409414347,0.18295531832301754,0.7062446179124577,-0.35117902579157456,0.8960080564703561,-0.9238182225589243,-0.8706380731765883,1.0533241620008813,-1.3610158078480679,0.5326163040340816,0.05023321487515829,0.23919902451239844,-1.0232552348272537,-0.09331157680063826,0.6435469876046235,-0.12314410533332715,0.4789098523116869,0.10370081048854524,0.6927519034143346,-0.8103640051994038
GSM1691911,0.5833054337166944,1.0829223270479085,-0.7503660509850888,-0.5383645977022596,-0.4863418476744925,-0.9251721402487871,0.39236762721902724,0.7579993996707661,0.06548375695818381,0.38741014200867907,1.2173745749771039,1.40523562231146,0.3532386564977183,-0.2296962330749939,-1.370901622413706,-0.06067157949066001,0.6277704749316535,0.002833449080636554,-0.36291137365245846,-1.9006945573132854,0.03404586819068027,-1.2301000594316618,0.9092427303969983,-0.17432029940503976,0.6752334083695634,1.9069000173215451,1.7553890688380551,0.6039760196714788,-0.2567925544743539,-0.9824200415981269,-0.203918888313122,0.5557033204981183,0.024102145836210502,-0.3154500907686872,0.44349215251135254,1.5748002364905591,0.13481087188433763,0.1348090462556579,-0.9759957199944549,-0.935311800108687,-0.08069209344000731,0.20369545437835637,0.18400469206821232,-0.3504132370856066,-0.05043536754794281,0.4191522715113768,-0.10893583863924718,0.2753353378939184,-1.2621350108001013,-0.15888871670749785
GSM1691912,-0.2587383486767206,0.5357802739697699,-0.921054705951657,-0.6123741339470687,0.2782796777544264,-0.4870670501228295,1.8762487044181886,-0.5324250831799653,1.1656099252873173,0.7172310220232733,0.10214648958618934,1.5691646047103733,0.8802675637978197,0.13729844182589518,0.8434370336781497,1.0455278187174657,-0.12795343056436367,0.0049586826844983745,-0.43065960532239095,-1.9399153779463887,-0.4501853048752653,0.78573750897355,2.522520154443192,0.4612296048362885,0.7486507814926942,0.34189674738909515,0.39912740622186,-1.0761281086601977,-0.3047192180409508,-0.9049353453288886,0.5353079554645619,1.6471079453369362,2.4311052180280637,-0.2932707487905737,-0.2022824022539069,0.3582985410180063,2.198604569956574,0.7037892334139114,-1.1645989144364037,0.5692886238920745,-0.6874707066467132,0.10778147613932786,-0.13136710346340918,2.0073100340955183,1.5205911790315298,1.6772096197223556,-0.8481667287542118,2.214238237095947,1.5925334548172714,-0.6895568583351224
GSM1691913,-0.7803246658510363,1.8228327997052842,-0.8337719940600681,-1.012114547557866,-0.3924188167372368,0.5647234265632896,-0.18003581137231595,-0.25173815433683483,-1.7060620853431971,-1.4565704996151754,0.2750250663730139,1.4983257111473218,0.5647566675288375,-1.1776496062168296,0.13001209879457115,-0.9643503179836427,-0.08927319529620226,0.0498727075648397,-0.7188201458914247,-1.2604336246186831,-0.6782171043241212,-0.8316024650551139,0.29843262834236683,-1.908058399802627,-1.4280091538917876,-0.2707851783676205,-0.02466477706609169,-0.9312759630095149,-0.8785560561974198,-0.8051790265721365,-0.43703288964940046,1.6607151766032386,1.6572218533410334,-1.4024811419953027,0.09939148080294362,0.9783781167667069,-0.8216036579076778,1.4295967711632587,0.011049117325005416,-0.025034162870921677,-0.8689154640641525,-1.0559651486072188,-0.7159534259248556,0.966760317050353,-0.475000092958515,1.2088483976556008,0.6039021856204941,-1.737884891575065,1.5118055789788987,-2.3754607720920755
GSM1691914,-0.29573925608273005,0.3315602550461635,-1.5348264252362995,0.11096516249808616,-0.07223408824623316,1.2646137951780108,-0.05814971285950104,-1.035223137533443,0.1688202222279364,-0.17848784726791103,-1.2204750879649449,-0.3366005640464942,-1.3166754762724104,-0.21867130645455518,2.4207090316805817,0.2597236368132166,-1.767122045661029,-1.0464358278163184,-0.7568641131508305,0.40726645025797453,-1.040647356751014,0.5267991673440395,-0.1997801477519238,-0.013138564747658848,0.44785485592693774,-0.4252389429663659,-0.42306035764590383,0.33426983408575095,-1.1753421578276722,0.0021473120495347233,-1.3721807140491868,-0.9753094064568949,-0.23508254721368535,0.4783428081160275,1.6394106977346343,-0.8147773695624909,0.7980374255302547,-0.5267009852231993,-2.0435530535152266,-0.9564298614216199,-1.4670864722417971,0.5892400909239771,-0.1954972889519571,1.010201995089296,0.5077237345829224,-0.7679944615399941,0.1286262308373563,-0.025318331871452337,0.5442310707963399,-1.260897002947359
GSM1691915,1.159953149561134,-1.2470186228520939,-1.0863282151248455,0.7577383555910051,1.3558163072283675,-0.5370300471974089,-1.562765826462152,-0.2089165490810724,1.077685488705548,1.7315974780262475,-0.33338407325221786,-1.3330270001727822,-1.1784844014911195,0.9131038350130403,-0.6209496489190393,-0.14505725918817053,0.8781149230355932,-1.0675871728825166,1.1900665950573315,0.7399953743732973,-0.12677453191770888,1.052087634996615,0.3184143254633417,0.4228844920240257,0.1771132170615436,-0.6576623458858293,-0.8681142966379578,1.0604671365586105,-0.052049938370782305,0.07402982595660405,-0.036141015897772306,-0.5651855763666475,-0.5337943677859281,0.9271338295631429,1.032491658061616,0.48263756929904944,0.6673229243160119,-0.296292657917191,0.8087886952858003,0.36735445465310523,-0.5896615305140639,0.9918693186085373,-0.44354537492719315,-0.06151904182847307,-0.8377866016939091,0.24605626394217892,-0.10560587738630511,0.46489834889837456,0.45171010876997514,1.073470417845483
GSM1691916,0.6432374275266591,1.7235882983230983,0.5632854713033708,0.12882798759179012,-0.39892574228548683,-1.873815567200153,0.44217543965484557,1.3084544739414885,-0.3481592555317193,0.7359681079191309,0.6757971016288795,1.715743849453432,1.3202965346514168,0.05406917704882975,-1.882463645890232,1.0503549770124987,1.3615017968148777,0.5424932453427809,-0.9780417305836159,-2.125541717236095,-0.14617595757076524,-1.8805009462557158,0.608237386141936,-0.8713457044517618,-1.2712588051530869,-0.5441989615695231,-0.04311647874482229,-0.6242371936684341,-0.9496343022153398,-2.211985535735168,1.4723904739711942,2.214935823729861,1.7939061821730584,-0.4453820535897468,-2.1194281069076206,2.2336016515581254,0.43640777397309144,0.3188504717411411,0.37523900752170936,0.07506173726761267,0.46020016448507184,-0.3295372713234064,0.7478892152237975,0.11231737760471036,-0.5752727457181344,1.7362282695958695,0.11651687032037009,-0.24222320989965102,-1.404582321162239,-0.7623570292419513
GSM1691917,2.0936183480546244,-0.26202035960909775,0.8119471689511771,-0.5088016169177777,-0.6369535564073255,-1.1545347082699646,-0.46255157493986626,1.2983229011469857,0.4402544827529221,-0.7659512606983462,0.2856366115616673,-0.23171569489003263,-0.48588132912178345,-0.40324029040931686,-0.537194380897385,-0.03510357413628105,1.9068412229072287,-0.4077191067959815,0.7369882525429331,1.474922859520134,-0.0009774534976411283,0.1432415931506983,0.12236901267480903,0.4903810561540815,0.24779759293534404,-0.3377358410195663,-0.4053825538754522,-0.4673516200887016,0.3030281625640838,-1.1229188909042689,0.9821959391096795,0.6657990357196274,0.191467978627682,-0.10140041694698405,0.8436879699362769,1.7253364753359262,0.5853436965329811,1.9720375353547595,2.6498407916752704,0.06934149735161274,1.0068146898948163,0.10821794776190782,-0.8477147008753162,0.1644674776152049,0.13727062848600594,0.49558164707892477,-0.08348648052455143,-0.130719017952673,0.18928675657118071,1.2525788904467712
GSM1691918,1.0852100981231867,-0.7653334278232756,0.48417020669485367,-0.39651207064484206,-0.3535891255250433,-1.9009377522816646,-1.1429761247135923,0.6438868457660667,0.6389066098523808,-0.09994608534816096,-0.0732122542271968,-0.3043769240028149,0.7903313671672454,-0.11072275201414457,-1.6538286778097289,-0.546299111415741,1.3545599378729065,0.8091185801270332,0.8055638470731994,-0.17517949766605276,-1.1675671144391735,-0.14514146671105704,-0.6676003830262954,0.6057596022664992,-0.7035823159519877,-0.9952229432506227,-0.9757414246673505,-1.162357697019538,-1.1676598860476128,1.0750838142359238,1.0513938886129135,0.3840171680292052,-0.9391334379272598,-0.6532970309195107,-0.4453757149290069,1.3431265940569188,0.013685795743558484,1.0052433501274396,0.5410307094750234,0.2597080054583196,0.7842271376753415,0.30362692850303175,0.5435111612924446,-0.5546913962193882,-1.1618753177334094,-0.31530006218495055,0.9149385089197364,-0.8481105490198633,-0.8657965879485218,-0.23595796654854495
GSM1691919,0.1268098216382345,0.6512595784258864,1.2030405155720623,1.682061250039591,-0.8777213811380847,0.47662792716728675,0.048150322752373007,0.2684366569257948,-0.8531860177248882,0.6178708531323052,1.44840645199668,0.6983758957418057,0.5893199175675906,0.21937394637808968,1.0942131257491816,1.3592134331313186,-0.15075704873811757,0.050743407770038176,0.8586659570351023,1.1339598805182158,-0.38145594845086916,0.23393285213750145,0.29301656565760226,-0.5185614721862165,0.27821300539463795,-0.7109709089025965,-0.38712493982730484,-0.8492461741823764,1.1376137952333223,-0.22766118099040805,0.06944327240458578,0.39936678494820016,-0.5054716595335631,-0.8162461394353083,-0.5275886172150374,0.3296705303017652,0.47223638383001765,0.19564169930142972,0.1922781454949432,-0.28311797313700865,0.45787909357160184,0.25158544934539906,0.31257158359541626,0.7692769729172826,1.1940449703264118,-0.3804042802060436,-0.18853584214299973,-0.6679598776293479,-1.1588142997881814,-0.40518137387490877
GSM1691920,-0.47717076465296865,0.1771191570282447,0.5202738245474027,0.5266052391768644,0.7493938676285479,0.6009068026601784,0.870643635859187,0.5592937998999585,0.2689329766231347,0.3755986217053786,1.005943837792565,-1.9928370633116883,-0.9658963313285928,0.3797680460224198,0.8960808435952767,0.14150117801527973,-0.5420033153893735,0.12256224145137916,0.07230285629557305,2.1693248924074573,-0.40048455094983487,1.1642344750024973,0.12081431059213842,0.9608378817480885,1.4296303492510651,0.6900573887902843,0.685582510960292,0.9799367200758697,0.08247873655583157,1.105073062200551,-0.7541915534547837,-1.4092839442586498,-0.254071426560807,0.2623273780615309,0.821077340859048,-2.317340261754979,1.7689632480475175,-0.8418224922301636,0.8199746372308133,1.7404975381278212,0.029975430937926123,-0.8127818341913922,-0.3835073518479173,1.8828001300937651,0.7785622691989711,-0.40108315966425356,1.4926286774611413,-0.7675517254024161,0.8330456325325738,0.06876950390297491
GSM1691921,0.22664749508669185,0.4817370646399859,1.952786525875022,0.29545064293351053,-1.164391288837872,0.004893428722188608,-0.09383483119246563,-0.07217614497624855,-0.5901913304695896,-1.3151934269052126,0.34808844515024223,0.6331674632373204,1.4109774631929768,-0.7988989605484099,-0.7270188516757263,0.25406171663916816,-0.286124411063899,0.9017567512189854,0.4281260330571895,0.1835862494252167,-0.6336429985894787,-0.5719744501823565,-0.15591268796492708,0.4240334710224092,-0.5040687813147972,-0.722516535986627,-0.5327920571559726,-2.189854095904581,0.3105958443651327,-0.21343108749741418,1.2546809098788607,1.3649018118263767,0.7521957244929427,-1.2556979745136536,0.26656456450853794,0.9667168947798489,-0.3025417382476375,1.624402238404304,0.47060662232343875,-0.4661607226676425,1.8303086392516852,0.19309859309265845,0.1587573515498224,-0.08465091695471974,-0.1623803885558645,1.0196884682890057,-0.8459633519351643,-0.5331515166264542,0.4240027958450838,-0.4222145976318996
GSM1691922,0.388122478726775,0.34148922528597964,0.22250914118896212,1.0347913859245823,1.0256602969623672,-0.5853515152698042,0.8237118425281014,0.8589688631562538,0.18580557480770446,0.506138808754669,0.3044893160846151,-0.848454039672837,-0.8526574221682424,0.5589858136631145,0.570590993086697,0.32550747217233383,-0.16706089934695506,-0.7339356571364586,-0.2086270528219445,-0.9851861044921553,1.0406812689141054,0.18960826115418924,-0.20405677404025263,1.0247773549978385,0.202627058092249,0.08825559038994045,0.1236074171508206,0.19971628968790248,0.7147421639632995,-0.2455779577540166,-0.3046066067951774,-0.6392911465633381,-1.0107830638277289,0.888570610311685,0.27721539486850805,-0.3643030876011401,-0.6954832558199358,0.5144979424148967,-0.0031495192964714905,1.088443904452806,-0.6768454120801342,0.9988258589342295,0.24099096552881624,-0.6862185248039818,-0.0011066916325595038,-1.1707106288499833,-0.3916702531680962,0.39212215966415864,0.3395068968386232,0.6776941153964426
GSM1691923,-1.9717342236881468,1.5839038346415597,0.4024010941107983,-1.7468647815428877,-1.8823294943301023,-0.7014718385321347,-0.4766437675413631,0.03587584230494911,-1.8639143673400145,-1.5713887426921413,0.09834017545184472,1.2694295071734718,0.576365182331973,-1.7589109899685926,-1.9154962304490677,-1.44905747033825,-1.3200799991363483,-0.3193396858696474,-1.3809298148141176,-1.0165645338576923,-0.737756050941087,-2.15712145809286,-0.6191062567255061,-1.0357334587627591,-0.2897111382590845,1.5484624967381484,1.4768565923373094,0.2678467588456387,-1.4108397698961443,-1.711052321051597,-0.8812499591207262,0.6417251526017476,0.1314895449062501,-1.427227077796309,-1.815078444484228,0.7931351597507172,-1.0579104717740753,-0.9536480026124976,-1.8055254857514373,-0.9728644803708351,-0.8699001847490457,-2.115018618859698,-0.22476125670896674,-1.598303137164678,-1.0884165374903576,0.10971272298972144,0.008639508303661109,-2.609086064353737,-0.30262836639414387,-1.358396758144639
GSM1691924,-0.23447193637746858,-0.1129573494676859,-0.7289600812508136,-0.80140572293529,-0.36981497201506797,0.24987857590081883,-0.21276503353386236,-0.23325987222357736,-0.8624634798239256,-0.49831084576064505,-0.8472158124953892,0.14523390102611164,-0.5022553529915362,-0.21614990747954055,-0.2782905533828698,0.20002954985928717,-0.4775203854711169,-0.8936809166425765,-0.5576190457152151,-1.6453136871404461,0.3980415020415391,-0.10217405281567049,-0.5488013122144053,-0.43920982161597566,-0.48837357153764277,-0.5905664316077823,-0.7091044640207455,-0.1678198826257231,0.6662669539857436,-0.6430436435052239,-0.358577228490083,0.2285919485215842,0.1558491479249361,0.6697271152152506,-0.6618383361807385,0.19500629904530456,-0.4696497924878863,0.4375219559214633,-0.281641501463976,0.6570469134256333,-0.6852231055248151,0.8085603158824064,-0.3850345468939033,-1.2414724845943235,-0.7292334156446507,-1.0311127263727289,-1.8951512615010742,-0.0712384596292587,0.1346548829527979,-0.16678707328477915
GSM1691925,0.11431575703598136,-0.16672115177787045,1.1347471398770639,-1.5773461872165322,-1.8480609386719666,-0.7594652171553876,0.16770966777852087,-0.7957694307676569,0.1648854352368441,-1.378864046950732,0.8492737900822329,-0.333796421250122,0.13554565077142658,-1.6824715776322887,-1.1634758320957972,-0.548139135746052,-0.47910234541630836,-0.5745165960954812,0.2804227692801735,-0.3790465325710879,-1.767139876951069,-0.7108857572951996,0.3406208252732408,2.4417813131413375,1.5144891237944855,0.6996450534048153,0.9031907235561706,-0.8753936221447732,-0.37691370949131303,-0.5520393561615692,0.29233731836847315,-0.07763531111321502,-0.9916260657961717,-1.7626901248553506,1.5574863132002523,0.828945547557521,0.474554749633502,0.22178256231490998,-0.12240711927936487,0.7692017829596275,1.5898301996781288,-1.005318336373465,0.13281335048081866,0.3083011392779651,1.1711981433100778,-0.44987122001575947,-0.46278085596670093,-0.5157494983714387,-1.8862774523515433,-0.4557549947180119
GSM1691926,0.7536696792711078,0.3215360635251886,-0.09128709151196614,0.21625552374071902,-0.03917840524637218,1.117239323104832,0.6635010560925639,-1.0083576786834554,-0.748056740182388,0.24123767512689787,-0.13251850801850368,-0.18007769931191647,-0.3012216035794445,0.03488832589126186,1.1542152194754656,0.7054694583372935,0.5227467254060547,-0.06509110255585865,-0.8470704780126149,0.5174272818706244,0.7357123560913666,0.23244200231808232,1.1179264062907068,0.16948486019844747,-0.06100627155395643,-0.22093451538946263,-0.2055555803646066,-0.19577137585828272,1.3395775920099031,-0.49296345620156645,0.16394545522547344,0.3842713619697296,0.11318470665795514,0.332003999459056,0.31074450992884034,0.45306389444146916,0.6413510220457875,2.350349098296686,-0.08735950850625503,-0.5028005320745202,0.41241803133888344,0.4065516034772921,-1.003264187471236,0.3035281943381903,0.49327958989201753,-0.2409925520243369,0.3032865774563152,-0.14523622636771735,-0.11274792122748409,0.9277606490746794
GSM1691927,0.8551202415383137,-1.7580433003463378,-0.1315668371942793,-0.09630372907692729,0.023255353679007815,-2.0764051144165276,-1.7270431537825857,0.9244814806649377,0.33584781957142656,0.6798119225428548,-1.4452863925186592,-0.5834794964345145,-0.2928493792628397,0.8891771174662085,-1.68015820713585,-0.9455557900854129,0.5513109111095686,-0.35313725786695715,0.0974039719831245,-1.6387046070866815,-0.23190924882610128,-0.6801910168240051,-1.3670878149130423,0.018269763477491777,-1.0178608982586386,-1.1362052820307098,-1.351765519292959,-0.7152791383047692,-1.384595759377052,0.45010786786019047,-0.5077431862621,-0.6674940012304754,-1.601760526973875,0.06731610832849781,-1.377244803921205,0.8304755647685955,-1.7839949336968277,-0.1391730386287608,1.1327048247294969,-0.43180104719899687,0.6326904074426583,0.754583724249341,-0.4505672958619349,-0.2997849800956625,-1.3484005907585017,-1.0766065661607136,0.5542091576372433,-0.9500504223599194,-1.8226137821635977,-0.08210331330827546
GSM1691928,0.8256601209820458,0.23472134800942399,-0.07061014502615898,0.6854614031788455,0.8933220882561816,1.0000340888581822,0.0026628088584911523,0.12722224932454976,-0.6289584257743863,0.9178806216060047,0.7072396793709158,0.5257670382686587,-0.4923777974312554,0.6075386789333197,-0.6634024448056347,-0.5147958159177236,0.3868480716112445,-0.7669630015843457,3.17370896631701e-05,-0.5854643947509521,-0.6987922461778793,-0.3445499803108129,-0.20247695426719226,0.31032766684498336,0.10184331483348003,-0.47233579731193415,-0.4192015562342838,-0.17326709594337772,-0.28527326570026074,-0.08910350596635103,-0.3993589000285563,0.3368229650010845,0.5799361993123278,1.001717140895307,1.7359470940688202,0.5779291900727347,1.1249769649304504,2.0095640742785537,0.24448754640885317,0.7565090133512348,-0.2243272456466319,0.40082580259371864,-0.4959994436041356,-0.7695802964479261,-0.29637502740317107,-0.5286809852104193,0.5080519510905283,2.368841182994384e-06,0.9692629252573228,0.1390074108714857
GSM1691929,-0.6080912268183564,-0.15692730999579232,0.2511340104011042,-0.2861224114666948,0.8376263802552651,1.8417966189170336,-0.09429408145281033,-0.44102599411833365,0.17579116172789697,0.5193324145227095,-0.3178022820160184,-0.8325753070783772,-0.9215129412586845,0.6186953937192878,1.1186852285924338,0.18667942097833745,-0.48607461938928587,-0.785193883414944,0.4701537349726617,0.4275116215756951,0.3143891552133126,0.5596044835817333,-0.3778410314092024,0.34880821477769614,-0.3207921714043455,-0.6560456601285453,-0.7566253606945937,0.7808464980627273,-0.4017487697102863,0.32625465466385173,-0.6539102021471114,-1.2435826740426932,-0.4064696935804956,1.3124700472887372,-0.0017718996472867656,-1.5114278125093277,0.7656842943365837,-0.23637877085982759,-0.0927284806630785,1.4499296310565106,0.10245712914371968,0.7911602560257139,-0.22141462383859845,0.74088378830808,0.37272376551952247,-1.0232536289198113,0.6877163327254981,0.6412342461509585,0.3825437726836218,0.5763416968039801
GSM1691930,-1.4674547172621142,-0.22111640505068114,0.28792268313641867,-0.9089325640176318,0.1476856095090281,0.8821902717411445,0.10248770815808063,0.3435437669981493,-0.26689064934338225,-0.6768225857564728,-0.7305955318291573,-1.0534742855231414,-0.8695491751098547,-0.055544645463336484,-0.998010668939493,-1.276128457849681,-1.7506409643397576,-0.4973654155922853,-0.46689957771976215,0.6410500592214412,1.3273483483841624,0.3771508333049022,-1.3549089523309752,0.0435925109172301,-0.14502956406709602,0.42187068708721553,0.24704121063794615,0.8212980574283235,0.3228588642373037,0.33317548479785053,-0.9145729617992313,-1.6179268078362996,-1.0738218894890854,0.4277284733510354,-0.3030059376725461,-1.5621005697027102,0.5619514930385985,-0.8278579134213228,-0.2828603134257225,0.9387645413876274,-0.11014535641388314,-0.943575894447453,-0.2192575306069374,-0.8181421379113754,0.023901836766673904,-1.6299880034516423,-0.5837406278062626,-0.754862908430378,-0.021312640174876604,0.7093158052116045
GSM1691932,-0.4846851533172757,-1.0073200173167276,-0.30503733322932786,0.580386456740442,0.4385286814426827,0.6125176699755405,-0.21764664435850709,0.2635885686292487,0.1520308512693986,0.5594822878833292,-0.7034678310377849,-0.38905816300185786,-1.4871207930089658,-0.22832267319507918,-1.5018060097622699,-1.3029425826188166,-0.48279234907218194,-1.0940993271818993,-0.684122234670067,0.8562183137255531,0.021141607148848975,0.38981907692767476,-1.9499092020842934,0.24694878695935477,-0.4438197815904806,-0.2407259329540712,-0.4722630363802102,0.8504625055856435,0.45275855105749135,0.9434275445137249,-1.5177683395149884,-1.753913411745732,-1.5376898741136795,0.7410388336763342,0.5207413769220055,-1.551238914032542,0.7381024312736162,-1.7788943736673886,-0.06271727596524768,0.5159220761077106,-0.08168121363909604,-0.7501093018119066,-0.6308803449468894,0.08188161812415688,-0.2960843524359788,-1.676002071857004,1.0488194212708721,-0.9561663040508233,-0.1867205071223156,0.7472412003830393
GSM1691933,0.4628241192826184,-2.0616895625569143,0.553283486629134,-0.497053623260505,-1.5163167653682108,-1.0103152979242476,-0.3515140417288896,3.0239086478406247,1.121712942120545,-0.31740999051799096,-1.0332901350870085,0.47948591961968995,2.9391080315824305,-0.2544225004330155,-1.2295562941484086,1.0511009570482772,-0.24266862542464937,4.204547748683676,2.354267711168349,-0.7626533647792166,-0.7309658009172896,-0.4821052168137266,-0.027911185517495034,-0.04439844887246468,-0.7177370326507595,-1.3266516951049772,-1.4220579935516293,-0.019875215151011743,-0.6033747836865417,4.325526923938097,1.0033528945739216,-0.41373195582462824,-1.840871119359363,-1.3813047728604564,-0.27374874698703605,0.3399964896960787,-1.2964281327057894,1.0294866518532027,1.132305555500529,0.34386260173171745,1.4112548312224624,0.2646545421490931,3.623140309404562,-0.10865240617988565,-0.19355306483393603,-0.7372238674185996,0.6286982710146123,0.16299254335637073,-1.2857700253040416,-0.5969046469214919
GSM1691934,0.23055932289200395,0.42996814942266737,0.8192855970876328,0.8506591168622737,0.40793524007729537,0.784563609766271,0.9459107863968081,0.9949925943663233,0.2074824174287808,1.1518985823820544,2.438325887288148,0.4173047166612837,0.20998470208366257,0.7130955165765239,-0.7060344607732197,0.36138748353405176,0.30097971402841334,0.09521627043929587,-0.2216049504998722,-0.5340339988219701,-0.04813448065579984,-0.7351713504309361,-0.40905901159139724,1.0302844027293017,1.3997973192162758,1.7174073055958645,1.873094090962372,-0.20283124393883276,0.7518817586523984,-0.036050387756796996,0.6666166802633952,-0.023199694701771984,-0.7329167941644773,-0.3925755649604226,1.0437570772299787,0.25253319799102053,0.5548139563396371,-0.5035710553757414,0.9651992916656824,0.9957107539367719,1.1872223884165312,0.6572365905858859,-1.0933062526284756,-0.27817892616872836,1.037636682595183,-0.11553678763810836,0.16343473178843423,-0.3443157518124932,-0.762078531954528,0.18105887537471493
GSM1691935,-1.419378787385782,-0.9800798960530752,0.21732015681487932,0.19474707938992755,0.042495551214835836,0.32907625621528985,-0.37758321760835756,0.012483368697235625,0.6750259408213779,-0.2995920984851436,-0.17740348410877216,-1.4824532515585704,-0.836162451898758,-0.24138960017401034,0.05137856060767876,-0.3343106269137032,-0.9609254792800654,-0.7859754184357194,-0.19950120727003665,-0.008655028344915648,-0.16152706637262443,0.08238037549756533,-1.0155705467018201,0.6130710889218507,-0.3766847849903762,-0.8250450581854877,-1.0116854023975437,-0.01083587822330819,-0.7580772569540583,0.4892998679309619,-0.42233572400436575,-1.0889552826478859,-0.7260919071779601,0.36984270069119557,-0.2604792183715626,-1.4439304844445053,-0.7244000337733698,-1.212495193103428,0.2348817972171907,1.4693627055580707,0.08704760187104077,0.04912059700016751,-0.35918774793824515,-0.7655646719539361,-0.42670352082618207,-1.2073783959434232,0.06664351201617713,-1.3590329311070888,0.7603270999358301,-0.6656314909209468
GSM1691936,-0.5450851424993124,0.30087251008122284,-0.35046054004798605,-0.22248983628755287,-0.9357108858323608,-0.6367415450962401,-0.9899361666518528,-2.1090856759762207,-0.45759481251566814,-0.49981695018583533,-0.39355493238609107,0.008034957200319368,-0.5701997377248915,-0.4854143365218363,-0.8480539495280758,-0.6548708514296955,-1.2995167555181004,-0.7469481443077922,-0.09920458509343084,-0.003450520964383854,-1.2089927652850674,-0.5303038114172773,-0.09008635845897166,-0.056243196077481794,0.16617764564044987,-0.6135684740095056,-0.5783381772087266,-0.49181916856872876,-0.6250887494798163,-0.1012344380460928,-0.5163551841759052,0.4679248918382356,0.5325471485287375,-0.8512627733701098,0.6267573777434435,0.625474286538589,-0.3308130607144938,0.9433355502169537,-1.1740921987987971,-0.6421326337486389,-0.2971363358147111,-0.5385548029206259,-1.3174282361923741,-0.05537347087821929,0.020606315609996755,0.06560016870199883,-1.0836035475159493,-0.5073719284623541,0.38547816306375843,-1.2887153801653908
GSM1691937,1.4675670336575197,-2.113376739980124,0.9242623172807103,1.1546491732898652,-0.8159470171908533,-0.06049279189819935,-0.8995354889664129,0.8587615709980292,0.22121339653653663,-0.47834677401166775,-2.9228253623615936,2.2725989930772594,3.6911907563278614,-0.03797346945175929,0.6633535414246996,2.30264265923173,1.8618888241407057,4.1340723607560905,3.1046408922138182,-0.2666516876968961,1.9795261251446363,0.3034499761842668,-1.4434141121105255,-1.3257009293201836,-1.947271068717002,-1.2550030549702815,-1.538606538697084,-1.2722260619956607,0.5672579739309107,2.1748200418567905,2.547228583276818,1.61838390540511,0.507669001608121,-0.4718837294172947,-2.5165387770476975,1.179951554518908,0.17793930223377233,-0.10271758315396874,1.1945850801535358,-0.5861530765048856,0.8743854436868523,1.8896328279220327,4.436494579997682,-0.9068160929171257,-0.8751063474765919,1.6905423751100956,-1.9496033265353083,1.5317683814850045,-0.8335147072413325,1.1726261987203654
GSM1691938,1.16163750372768,0.7500847998561654,-0.09695050662871829,-0.038142681784861666,-0.019628352437236173,0.46381590182114624,0.21966253346338088,0.6640630623680559,-0.6803424087715483,-0.12345625479905298,0.8909230922776779,-0.055361212737810264,-0.024540841880174975,0.0735426212388483,0.1291599076033985,-0.15260616555058387,0.3573797933368198,-0.3057051818170137,-0.27004469470913295,-0.8588950986377528,-0.3941989769188551,-0.01686747003735574,1.134641622332109,0.2679623288743741,0.7499648913384779,-0.3976231179079646,-0.35563393792682413,-1.3019780442309163,-0.543954102357559,-0.28238835019038494,0.4011130977979129,0.4659520114978073,0.7067040369851062,-0.11272264460427024,0.5925657756664696,1.0342256180433063,0.2940148206030011,0.2382818317851181,1.0723354106125464,0.4816997032631003,0.287627195073107,0.41248706456685563,-0.3448363552796112,0.0982469557456699,-0.06125456732317665,0.3127272255932846,0.01680269635363067,-0.10011057970690306,0.564691958688492,0.9671909393642567
GSM1691939,0.4614542987430256,0.6333261142881047,-0.6712140924853872,-0.4428437929687751,-0.5024369346304144,-0.4828078811686969,-0.649427381029302,0.12656493437384767,-0.8853021973303152,-0.17167365335646187,-0.3542626602183502,0.6682870046023209,-0.15808819480756248,-0.9662800356194291,-0.7148749724607975,-0.6793759180224272,0.054208899797765275,-0.7386439261281096,-0.5207650233420166,-0.20063252319271518,-0.433472346374844,-0.7790834726850789,-0.002988951840657241,-0.6174762887311723,-0.1360157779935839,-0.3751472015319286,-0.3870479383953978,-0.5759475846608392,0.364087013705214,-1.6000485389010668,-0.2468613807939003,0.637525673832584,1.332964802282851,-0.10194605179935777,1.2274493152160377,1.1322499307443832,-0.35290570063741983,1.1569951285020583,0.584400710415095,0.1717783881037028,-0.28546995394261426,-0.6280931069791882,-0.7457169094898602,-1.0303176994951642,-0.5758336873237699,0.09748228345384725,-0.5471872848834033,-1.3295949350125502,0.4054227127558781,0.0978100481322598
GSM1691940,0.17296067085906028,0.1229867671601204,-0.5017541757881321,0.7277701174210158,-0.32952563056989304,-0.3215263241013356,-0.09602738170306124,-1.9283885997694876,0.8258064525498668,0.019504969986091504,0.6903784167520394,-1.0204008025536504,-0.6519400425619762,0.15092554462899735,0.6114328694251465,0.8566531437339896,-0.288624684675514,-0.46221014000186267,0.8644925867999012,1.7534816907401578,-0.6358060478377839,1.072562192089865,0.38723316320814705,0.2582860612438321,0.6048089841076025,-0.5884350101359959,-0.5430496519009442,-0.3245658768326437,0.08668784360050598,0.6613331033243958,0.005434245838242072,-0.37846937608451114,-0.3335535710095244,-0.4833878293324665,0.600912623665495,-0.3522310824970592,1.7865274846833572,-0.5737769599454653,-0.018652471088705956,-0.10556751822436426,-0.027312846994581013,-0.8879048344543045,-0.06444088196043013,1.204607962614981,0.6599731099998931,-0.3092805789799818,-0.01074108757580709,0.1079184958797087,0.2058018730599696,-0.27171546383226153
GSM1691941,0.7540043841599582,-1.6965981523200393,0.7080017601094851,0.591795694553272,-0.48107425680863836,-0.005393529686841735,-0.2861367843149888,1.949264315158186,2.498376257016918,0.06216246165178004,-0.5835329379082679,-1.5795112654464756,-0.9063519722762845,0.7747782687510926,0.1176983582722247,-0.47328352106920474,0.643868248498243,-0.7881862922759658,1.226990602041922,0.8168500028484077,-0.18834340641883682,1.7847971833695764,0.9334283323944182,1.7129374774501331,0.39072378602617985,-0.48728094806338834,-0.6470876172233045,0.13957495486751686,0.41535888817340366,0.9278888453922332,0.54017154259356,-1.2023830859203215,-1.9475058684879387,-0.2209577533020537,1.8400161770002852,0.009769833778789549,0.6168757307532026,0.3788843752658651,0.5427841561365058,-0.1375847661090395,1.2952514368067694,-0.06545828059691024,0.5063294596070689,0.8578262088981448,0.46278696643840733,-1.2264938283612286,1.886851557463158,0.9710564286109428,-0.5821676303767932,0.16364374330994755
GSM1691942,-0.14869699492842242,-1.9940538170247857,-0.9923910147940256,-0.0577671534543857,1.8744628638663852,0.08044554788990564,-0.8350630893673449,-1.5796996567870447,0.20394316178031874,1.0296132410959096,-1.9887484751549416,-0.7873106703872311,-1.392915950522039,1.2155857504289804,0.6281409781267636,0.18633992058041268,-0.9975781708754092,-0.4100017602167163,-0.6926590293972757,-0.19941053533382236,2.094597419850972,0.31658707723102714,-1.7567890799322805,-0.2513117025639719,-0.9615071337146346,-0.40537795305570684,-1.0002908826279044,2.0994300608071956,-0.6837562578769812,-0.23504026760400407,-1.7543000062086835,-1.931159739481057,-0.620345503439109,1.6300400681238787,0.38581838346723024,-1.415201074072583,-0.673471323068194,-1.6374007020871553,-2.2662369687201034,-0.5051873634183964,-1.6716701803730596,0.6066191004949071,0.5760364805044722,-2.412507152285269,-1.2147942771454272,-2.223175172147046,-0.6288712695922924,1.5926589806310452,-0.20931627392056706,1.5852462296739378
GSM1691943,-0.4433600063655862,-0.7085816459291345,-0.5929335837272262,0.5757805170483695,1.00366601338675,-0.14337296945878739,-0.5194615646012029,-0.4045554717998364,0.6720170910145008,0.41642866053130806,-0.5968433639056899,-0.14101916481239013,-0.5852175156880849,0.9016351646578088,-0.891662500417578,-1.141920106378525,-0.43135565332740966,-0.3379983650677354,-0.375169578951009,0.2533237668875493,1.2385714568302109,0.09669441862809201,-1.6383340376495878,0.03151868839089665,-0.42410120807501295,1.4969147013727726,1.043095875998423,2.386518179769752,0.5235150957096528,0.13251946519304061,-1.0171114489185344,-1.264806351920658,-0.8134708324978762,1.4728099861935908,-0.22020816665833146,-1.184860819619762,-0.6468780326926642,-2.2046240724304247,-0.3359143152161201,-0.20652446141473887,-0.7323389566717452,0.12293170817589158,0.6975448580583434,-0.7060334172599251,-0.5761802166428193,-1.4789016699021178,0.44017435310285247,0.040317730939967836,-0.2972099964591259,0.9350069248590753
GSM1691944,-1.1430413959537666,1.060921898154721,-1.1488977552273492,-0.1563247195463141,0.8871022515880916,0.10912629569243149,1.0187540239005584,0.45051621636587036,-0.040829553313801434,0.5857443470258623,0.6880994080299667,0.20540611453971222,-0.4238521521963308,0.8029159846204325,-0.17940042904510284,-0.3111613264210461,-0.06992684167615479,-0.4729915931550703,-1.3189561408865456,-0.20775769442905004,0.2594459043145057,-1.3051858193083272,-0.3360317208953401,0.060221275142389084,0.36325228856038727,1.5802723757153687,1.771454900133388,0.7205432653316926,0.3426956278515036,-0.45369876491930516,-1.091282367447093,0.04229256476896324,-0.0754273125233542,1.1841488534954252,0.2331699932401436,-0.37887439020358626,-0.5821648341262029,-1.8840242934690417,-0.10088749991683302,-0.7580249653796393,-1.0019393002919166,-0.74065093238713,0.13425467377477535,0.3999908310462465,0.036182990365997245,-0.549822970915723,-0.8128343030671228,-0.3224114265416134,1.3841923377656273,-0.5570682854422003
GSM1691945,-0.9849487825962331,0.8108439069746777,-2.4095454494039745,0.6101739977723519,0.05911016847497881,0.7645027751996525,0.22035363324424292,-0.7872233197729649,-0.4633631102357345,-0.24738697203468626,-0.4234730950387778,0.008394948493839621,-0.6858359602862825,0.012795095438348494,0.03190603067782673,-1.3725891083665254,-1.576765280863675,-0.4555344061397033,0.023655230339820192,-1.0444713211709866,-0.4575109667447285,0.4007102900341921,-0.27674762968054395,-0.8856706474378719,-0.1742725301920123,-0.009556372002251503,0.16638937863419578,0.17368188581588023,-0.04958390095408993,0.2046417916096163,-1.8566237630555276,-0.5852849561837632,0.5394354251344045,0.7865746344036761,0.766383309619498,-0.7453513107776107,-0.10901477798246728,-1.3145589144706236,-2.135404603416281,-1.30989021025068,-1.944672528934672,-0.41493660896748163,-1.2658404740073608,0.08786121191788968,-0.06867270147085201,-0.41527714661467735,-0.7133197628536272,-0.14086654924537179,1.4390361005523016,-1.1287698246793354
GSM1691946,0.28577216439112285,0.06155638154283716,0.5899052881010846,0.9611038071431974,0.7942159002821505,0.5889360465971485,0.3977409001810446,0.6529612725791597,0.4953027875774563,1.06150807896302,0.6845702036467142,-0.9994144882902313,-0.6946851325645962,1.1739526091392194,0.7287990861081461,-0.19098828216786157,0.02119989606854116,-0.1722075913005714,0.5502085674556346,1.3714616858460806,0.48638647476387387,1.4999645107454826,0.8640668087550801,0.7302267078836521,0.6534279975493259,-0.6120507014632086,-0.4874611108932364,0.3137302425692881,0.714365729733077,1.2372121452328155,-0.1017389071960809,-0.8867939869778799,-0.523146597486767,1.2678246216540978,0.7787483074312422,-0.9967364892062517,1.756311917428985,-0.8132312948649728,0.021221345371512636,1.1850635437085033,0.051966921781584956,0.5447462368065893,-0.1333213926934877,1.1901437551545155,0.3147565612872195,-0.7581462893364412,1.3330176262175284,0.8344930335174076,0.39129862750715444,1.1860817643303598
GSM1691947,0.52888004231287,0.013176235066102156,0.7503142597467767,0.35417480753410957,0.22455155982847838,-0.032236489090266766,0.816818419987513,-1.6385887112961444,0.6387906280984254,0.43403876898786103,0.7606451076196565,-0.2739486133838012,-0.13990620917737556,-0.22048211324473313,0.4252048944304145,0.27212366069296207,0.9801270188164488,-0.22064149814302814,1.8814876579434319,1.0630188062364905,-1.3911097595286344,0.8661489831434294,-0.3656067079941079,1.3722315631533102,1.2504637701187262,0.8405111878432318,0.9156629247512855,0.0019726574036772974,-0.6750408266181648,0.5035294527257081,0.8543205367125711,-0.08690250192957581,0.5046835172144738,-0.2982085426997883,-0.9037637805586959,-0.21209102442348238,0.9648536862447461,-0.8551191678241088,0.4076357621211618,-0.6819096114981856,0.5348305362991432,-0.23850518814654506,-0.25669461475345845,0.06236838729453853,0.8001968846170927,2.613929894885322,0.45031697967148515,1.0066731532602062,0.3437410038085955,0.29242530226002983
GSM1691948,-1.0798013083743585,1.3316879932715684,0.700188206543833,0.4214387986894964,-1.1933104267555974,1.0946445545144046,1.0118215398001766,0.8797279613128959,-0.4115484855641206,-0.38054313208460144,2.756103607003944,-0.22672739546595838,-0.3273996913700084,-0.6344505561463608,1.363491902422905,0.4494287857881043,-0.7244665643565686,-0.2146684936675093,-0.6657924469876604,1.4294483130878388,-1.0250201103809746,-0.06540521938345567,1.3722599690155255,0.18524856181307442,1.0900468880354333,0.9919427817407446,1.4066045828867912,0.06972485413122408,1.334176085495713,-0.026031138108317618,-0.219698883735489,-0.02880207852926409,-0.08903611326475509,-1.144831219306429,0.1686086476144924,-0.9946086250416296,-0.350066714334401,0.19235783338975992,-0.6468435469952403,-0.6002812333529312,0.514141436332649,-0.4287083613977105,-0.9617909056052656,0.715601717625962,1.6125840620572214,-0.1343266155571081,0.8286466655140596,-1.544096730549984,-0.11126931097506004,-1.3146684935834239
GSM1691949,0.712643427547884,-1.1599300792013187,0.1503532029584993,-0.9925361454265182,-0.2844062308053998,-3.712203253482229,-1.3857160427848236,0.6312674324109889,0.583806371613304,0.025945533052493364,-1.3733891558715454,0.17433379505052934,1.4247694130155015,-0.7235748923920073,-2.6411790882897446,-0.6699656852453189,0.5514013316229257,1.3977521022026467,0.3861576628631855,-0.350700716903773,-0.9278274172683902,-0.9206565438414986,-0.1443639282958709,-1.2188932563729533,-1.7886239020748358,-1.2399579826227891,-1.155693728551187,-1.6380129722022563,-1.840081035557269,1.2481384524168637,0.681962268867717,0.7128715835359313,-0.5971214345100746,-1.1142454875327135,-1.1304635617362646,1.1691962466684884,-1.612653573930765,-0.12156580084774606,1.0745314662734367,-0.9379547748889936,1.3820775717121452,-0.20476831628816733,1.1099618360527286,0.45898691303598504,-1.5325921127469266,0.3986057122090451,0.19437287137137452,-1.2654765745828969,-0.8069301839272921,-1.2499815028109584
GSM1691950,-1.4394897299893155,-0.007735026824990124,0.05664443756927604,-0.1642244669653888,0.2941277330189736,0.35422181404898734,0.20200862843276132,-0.5970136826214824,0.3743321303844076,-0.19570105011833777,0.28079792465318676,-0.9571649235562647,-1.0045759261212093,0.3169221491233614,0.6939387748993056,-0.23254172500635314,-0.9265152418099252,-0.2726977703689785,-0.681863266585902,1.999316434820298,0.5584792668386745,0.8695559470240317,0.07810774919809373,0.2843212613095237,0.5699294540596579,0.6077522325554544,0.43095052781483506,1.005429420526196,1.2935347545011056,1.7516686442596932,-0.736004372931768,-1.335169986106866,-0.3650340992830009,0.6877273811130674,0.9136078264759159,-2.430203084470984,0.7863413382857004,-0.2706857939335294,0.33103439287937614,0.2633309404962755,-0.5141211559659493,-0.9004796454150497,-0.9151860705327789,0.5221052423594724,0.4784622617785343,-0.7633916992101643,1.1865241103002968,-0.37703347949958416,0.03173358621489117,0.08163536522586268
GSM1691951,-0.9297743078133117,0.5554675418889836,-1.7032526010402136,-0.6822400142768458,-0.12217253842505525,0.9626600189814901,0.033369982407991716,-0.6421239507166429,-0.7820791181319731,-0.6247394371199266,-0.4200687110965158,0.19453775793218414,-0.6092857865766107,-0.6508318570222207,0.6841957015329614,-0.5649153849220144,-1.1159930287436295,-0.19696412979450545,-0.318316742682408,0.20316150610846434,-0.7136189992841138,0.040402134414015495,-1.4130159262716613,-0.8142126300515644,-0.42852442228027404,-0.3380851874967697,-0.4121853568889,0.056020327941299554,-0.9247072964429416,-0.05992767033203113,-1.703711404298353,-0.5310428224847974,0.6240950200867633,0.2916661162121463,1.630920337961193,-0.7020234643502733,0.36860875597435117,-0.7220228550836448,-0.5832676356951316,-0.944612872690548,-1.319325543351962,-0.8030648338767782,-0.9355869500338913,0.7984897210181465,-0.19486686357938166,0.1435692850781449,0.007209600068166811,-1.2571572697995534,1.7728893873162463,-0.9664767537237741
GSM1691952,0.15437102867145022,0.8621398148301789,-0.6001558479275055,1.3028455670924384,0.6351770310820557,0.20197252378652028,0.888593461777294,0.2527581554926171,-0.21099768592560064,0.41699649188854004,0.8826580307564192,-0.6136455301247652,-0.6070182499868911,0.16717896468489196,1.7609938437355124,0.9751251552567533,-0.36724747189108303,-0.4617932089406085,0.6627979824263946,0.8198060530746119,-0.1673350901812858,0.9854496885596356,1.258331389661495,0.4604980028695345,0.6698263351781387,-0.41761888407236114,-0.1505003603522978,0.2980241126789112,-0.19156838323788467,-0.04494552920899299,-0.5122354411521833,-0.380369996917485,0.34139387417045075,0.44478063931529055,-0.8585726311063004,-0.19423035761000768,1.3822932263809657,-0.9828803505351328,0.5842385762355258,0.5224119381650696,-0.15489174111819803,0.27982835862684247,-0.7388747031412948,1.1936971691794604,0.5305983098477476,-0.02204975233353418,0.022644780433045675,0.21102124069242664,0.9414446642105646,-0.08284768661106472
GSM1691953,0.08085334862567573,0.3795114995230295,-0.5521813248538767,-1.656705632047911,-1.112939778601627,0.3018951950095119,-0.09477963160490277,1.65156287891627,-0.4566728780296307,0.02674870718854181,1.1976733199432528,1.494599116406712,1.968567475567329,-0.714363196884015,-1.1410239660260266,-0.17545058302344207,-0.47858217406569487,2.139510403801204,1.1516653550177796,-1.7449716360113086,-0.8753793743127339,-0.8093776472059991,-0.3039872244018169,0.6118877292194277,0.7489154996873609,1.1569506557477884,1.2222017870971742,-0.8247135826985907,-1.4012894068750763,0.7538777183398493,0.1027123085083916,0.5102292568684225,-0.0788820689556433,-1.2219920198891105,0.09862757353183535,1.3618965044044709,-0.10231205034838121,0.6571699983156131,0.9603979242320989,-0.6109759652010633,0.2087805605502654,0.2012253095824745,0.8347228884604317,-1.118121287926007,-0.39663782478151255,0.5146467426671097,-1.5065167910047599,0.6464195933255233,-1.207581298234345,-0.2504759373063284
GSM1691954,0.6498686165104637,-0.9055497901705118,1.0945474618549655,1.3878888914223242,0.7697676173191789,-0.5432495594879498,-0.2753163950997449,-0.47372806350992064,0.5808486854610707,1.2158203353345238,0.415207459681077,-1.1037015925218676,-0.7974759824766924,1.4898768447430282,-0.7515661148109442,0.2144670445972382,0.3854722217439999,-0.6906608566584912,0.8880527416705788,1.223504548046233,0.18578723150035292,0.7937138567304136,0.15375593593731737,0.8716377671821346,0.9009110927209363,-0.8283711304856314,-0.8047087154346834,-0.25562670232632134,0.7753095584790303,-0.8267579560723128,0.17519180772165077,-0.722229949504714,-1.0744614563421644,0.41329276155434536,-0.8285975324294396,-0.886422612516417,1.0527312787255758,-0.39971438319341174,0.4933472023110809,1.2991679713193673,0.9666591544653783,0.8304715361305524,-0.4381233111893805,0.5502685478746707,0.4595925568853822,-1.2880315143562857,0.96364715720762,0.14376354999126523,-0.2830703628560094,0.8093531055223144
GSM1691955,-0.5300045922755147,0.6108921120213816,0.9721348194042386,0.7435466719315196,0.8716637259357186,0.9529132050303318,0.522880493372052,0.5098439298380453,-0.2830971961322971,0.11580158191882521,0.8425520061106835,-0.7490207427387918,-0.684184451901102,-0.05237935654353415,0.9439753211874672,-0.6977290289089363,-0.9409966816897564,-0.4879806542221274,-0.04344951678638671,0.6690056109739094,0.072749286416075,0.7755966695180077,0.3364295174724825,0.6273088961335989,0.516524478276097,-0.22416706082659338,-0.14827020953945688,-0.40502641825793145,0.6400100358480687,0.8229021639382257,-0.8384120703207651,-1.027888945036094,-0.19539972923902588,0.4230812222735553,-0.5264782463802948,-1.6911661948150802,0.662002696268287,-0.9429762943431439,0.6365242371914202,1.0957814108650545,0.3502650837286054,-0.157811362729954,-0.4678855635599068,1.5725777484807535,0.8104676853881561,-0.9343522585121474,0.6774690900270334,0.09455472170369861,1.0419583882748429,0.7418180402836891
GSM1691957,0.822815635543282,-0.28006742210030483,-0.706820557933325,0.512819509250019,-0.2576203035291007,0.2805489809904056,-0.46063865763247036,0.10445336161223479,0.11404788560731154,0.3317890556318407,-0.11426953400527143,0.17348984847890966,-0.20645512564549395,0.37612164373810614,-0.24169285989606515,-0.02459870443518809,0.9796160123545251,-0.09213373854976065,0.9499623517821354,-0.571051032288772,1.1430461284695757,0.5667202457338885,-0.1566120156643047,-0.3274838358975318,-0.39039205553235573,-0.4143470324003987,-0.5713515311285429,0.14178334444707688,0.7495294626969456,-0.8490992921173828,-0.09246298134204066,0.23144454886177207,-0.04850671614900041,0.44029923289911627,0.659243389724119,-0.2660576619814885,-0.44695462156474336,0.30656210601699796,-0.4903279754056896,-0.19619644013385026,-0.11684860850687238,1.2931150339717439,-0.3327916354164658,-0.8374052969099925,-0.3484410292382088,-0.23342678791453345,-0.49891578115058194,0.7842836744159314,0.597308881067543,1.5020408531627734
GSM1691958,1.8707943943643592,0.2085177040878138,1.0348970872626344,0.7467175430044378,-0.2286040787455659,-0.34292014227350864,2.296840917436833,0.09268517973364546,1.9425573375034333,1.068642468203045,0.04104845356960351,2.012783307106295,2.8808818574885806,1.6648842110038997,2.1361361109724024,3.46609363637374,1.8176402287649789,3.24454490531802,2.6704312959238425,0.05569212616321778,0.034274223346714185,3.8072098512117507,1.296200454987823,-1.1394103500320611,0.7725889958743937,-1.6596449268082296,-1.1073012754054354,-1.2362896799403662,2.572065363944755,1.707731097390137,2.761660603699591,1.9291744728787525,1.3525374109927724,0.1937153133014332,-1.4385495086584308,1.627710806932105,2.340579670369637,0.771555373657559,-0.9662497328359014,-0.8225824103860438,0.2613528063020014,0.7831268542209804,2.722518851319145,1.0712485202143651,3.038282267443039,2.0746626974045186,0.24139658987890492,3.2842556798463236,-0.24101662787539888,0.8753084902178554
GSM1691959,0.45739664672294683,-0.26918011318222335,0.4677952185378511,1.1588822255310247,0.49110253312945895,-0.020276230758205133,0.6231259064053124,0.18526467009466427,0.3926435581022539,0.9720747717630043,0.24648708203951752,-0.38445913810979804,-0.4793639811467619,0.9069494557667265,-0.02320369338982525,-0.7071183901064773,0.18035901679834657,-0.3604723176088149,0.5959822121423014,0.24692247979398338,-1.0737645083679692,0.8273740498329906,-0.09279173380121837,0.9050806726645114,0.16630669951903743,-0.5101568930356415,-0.3718279230588817,-0.2606083741503443,-0.596841142704867,1.2539945148910503,-0.12849019398048786,-0.8859761543768094,0.030175984434147367,0.471924961113383,0.1858505526859949,-0.46727713900642254,0.36692107212341946,-0.7492841671712465,0.7650632491897081,0.9600921358293619,0.20944991912732216,0.5381786899939117,0.2866974426700666,0.6733013246559431,-0.31317409492455867,-0.26063296271881314,0.9086017138143628,0.2547476144641146,-0.007546289466916959,0.16060503587223582
GSM1691960,1.201553837813858,0.5887143620095466,0.016856910904446378,1.457909564691221,1.7457993972429808,0.24751876644497942,-0.16852100945824408,0.3033278517660254,-0.3951058754814364,1.3090907427797926,1.0034465197341402,0.4937145774129145,-0.22359800070060504,1.3622889067164368,-0.15104733024456002,0.6745109612862246,0.5045171643037096,-0.6554690692689982,0.1219243222533782,-0.519750088654577,-0.4199125257328747,-0.12504766029581776,1.0039409401898882,-0.5907966244879503,0.9111541988017271,-0.19189865702305028,-0.22914295081884428,-0.6176876109807692,0.19461803878169212,0.23319554160108016,-0.1717558042479818,0.15478577864477572,-0.10007009795493656,0.959120373546323,0.9846694572301471,0.37617683003523134,0.6413021835534228,0.4727464641469725,1.611454276299558,-0.35837833841588956,-0.28873578495756835,0.7360462109804905,-0.962287123569975,0.6806874002223783,-0.3789734049733703,-0.5758038105030846,1.7930965526726104,0.542541982309227,0.21558532019526233,0.7370274023066287
GSM1691961,-1.291873318823292,0.6093955862911467,-0.2098654542961721,-0.6665053297048538,-0.053442162360261,-0.8469011991002918,0.9876190166716858,-0.34905091808450533,-0.5900088286742262,0.26583713920148766,1.7465452175637952,-0.471236500177059,-0.9939583212129575,-0.05160522950658275,0.47028306503566203,0.33954669746610183,0.2544649583192779,-1.0025614509366014,-1.3561213044268368,-0.1112573556090868,0.5646404099370707,-0.6333583344608447,0.9299658527958267,1.1372505676968991,0.7907113792814537,1.906276421362668,2.0846313051709533,1.1435356725639572,-0.023695905314090507,-0.8164935507036487,-0.22618290471954927,-0.48656498466617387,-0.7649659382388361,-0.30994752043429274,-0.708923038514714,-0.6015953426571552,-0.32186265043510387,-1.0547357008154221,-0.5638154986921006,1.0489237664636486,-0.3239526447127118,0.04439487984440233,-0.983619693141247,-0.039478114189060776,0.253748543533823,-0.24260992960580696,-0.7690836728930646,-0.5469758887512162,-0.3952192825571231,0.04752707849014482
GSM1691962,0.6697371286118216,0.5104628358936412,-0.605336239644443,0.787663809436048,-0.9242759240227596,-0.3216765719559597,0.5224114799333246,0.21888998330071516,0.34637331781509406,-0.10743210807262972,1.0042199258299447,1.9854957956638273,1.7491194547924505,-0.07637903895713909,0.25687389920537806,0.9371948568182358,0.20620178552647736,1.5585767472447412,0.2804685369976868,-1.1592073184577703,0.4202742682680907,-0.3536978708240497,0.3311831083936469,-0.8978916456168643,-0.5172946789082294,0.31313400148376547,0.2343162520740639,-0.307743772948174,-0.1784835925560063,0.19819401064552505,1.0515328329808562,1.752819188372041,1.3045950718476262,-0.20740931464828943,-0.41352729823403406,1.211626433898308,-1.0520737403203395,1.08537002787389,-0.8753562554321258,-0.6008344961055633,0.04017518684604524,1.1240365538641726,1.0950093274830992,-0.9248607504992351,-0.5586162085487615,1.3553427683996242,-1.3020483987128844,0.2732886939390299,-0.01427888119823565,0.002548080519871592
GSM1691963,-2.6925796202307333,0.49961573641338985,-0.005525522375965013,-2.3964583088437084,-1.6918278413723737,-1.1579904987990621,1.272913905181974,-1.954196594293155,-0.7520334111298762,-1.3192644498169603,1.4643619209415477,-0.42959802287569915,-0.1853325498944753,-1.8761595979075747,-0.6841756404675498,-0.03536912005222855,-1.9464812782076344,0.1855224714082993,-1.9914600630823716,0.4255867407987995,-0.8723873620553011,-2.1223969030199945,0.23342665331436016,1.928597518738125,1.5490436904265155,3.451773452640633,3.5792717994150904,-0.09468426588466321,0.8826411056650689,-1.3503914871341183,-0.47300445949135905,-0.6506251561124349,-0.12180568375883022,-1.399048813367959,-0.7204775743216763,-1.4959301147377553,0.33908080635502497,0.029435077368116073,-2.718692152758485,-0.12873874190519818,0.6283107657980239,-2.0203007633798307,-0.251834664238469,-0.11930241893685764,2.157500097710351,0.23719709953996596,-1.640897398384666,-0.7032849975006541,-1.0031501245473748,-0.9397624398166913
GSM1691964,-0.10571628499601637,1.1142079486848884,1.6739968567924952,0.33004788545944286,-0.3297268257911293,0.8333639292936154,0.38501911023441016,1.4067191181251548,-0.44860247910152445,0.4413426567658707,2.2682250388964054,-0.4998765757603493,0.29121816124246774,0.3021184473274454,0.9223371006190425,0.6077278508538713,-0.05308652124402237,0.45315119012068683,-0.34834208873581807,1.56957247991928,0.5149988465577083,0.3575164955067956,1.8347742791512742,0.3411583575445872,0.6198226330667214,-0.29585881006243814,0.1329218533899446,-1.6245403145857498,1.2261623942863635,1.3258936019689889,0.5624184875640676,0.04945450104716873,-0.33841824916686114,-0.37173573206649324,-1.0358927627986758,-0.7487120491096225,-0.22394550111506437,-0.211120390003734,0.5507718003154506,0.549099060626933,1.293108443938638,0.8827201945338835,-0.2889599287356616,1.7466998364681703,0.46676576719072543,0.2518892042492406,1.1640174245131703,-0.5990387606994949,0.04235187918149852,0.210880518707428
GSM1691965,0.7269714702064763,-0.007075081796361939,0.732452702621338,0.20857594713666464,0.10846173529179287,0.6638561475119841,0.045525238525324536,0.6432969741027479,0.395228761709241,0.75728306740669,0.2084891907751673,-0.7076402291984987,-0.8887306737740729,0.5135257431862815,-1.2932697066772374,-1.2101345744685663,0.33998758865395645,-1.0426345103765469,-0.2185412375314564,-0.1867445862560415,-0.38726348076690276,0.048586244952880595,-0.5404903896433106,0.7079861383650907,0.3679765145289278,-0.550313058677984,-0.5403170174524157,-0.5037908000132206,0.46237464999564104,-0.04166919950366297,-0.6052707586314864,-0.7775376341762361,-0.9986606316299933,0.32971946283406983,-0.3777739663067972,-0.5163690950357517,-0.15212840541809394,-0.09585033857000844,1.6234749164033169,0.3012858746289252,0.4755085632267626,0.2571822396084366,-0.912585681493964,-0.7130594097075577,0.39645435947255186,-1.1586737209221516,-0.19724001856998283,-0.15661370024887417,-0.75398983233103,0.6910570809940115
GSM1691966,0.6629242573931042,-1.8630020055898964,-0.05961628464371397,0.8640966473522523,1.932440424025923,-1.0974820010634865,0.709756654878222,2.0795953240538183,0.8655311571621948,1.9978703308407773,-0.6934794479857468,-0.9290018474489642,-0.6961437766638854,1.7177882888411882,0.4800385860806622,1.7069837273906687,2.0251251544643787,-0.5939709894459985,-0.05984583214510023,0.17666966840966117,2.3075622599813914,0.7606471950456437,0.672687193101165,-0.35080178066583295,-0.5773698153320523,1.393901705140028,0.7678067557390104,2.6573734175579524,0.22884360823953806,-1.2252008817989497,0.510687692920421,-0.5609750708294972,-0.20398673270692105,2.104326151982983,-0.36596578652284445,-0.10053313337140259,1.0611306332224146,-0.37620380254037084,0.3107751257083271,0.20861035616411275,-0.5533404018490692,0.9881817743316956,-0.013655653457476206,-0.03274051112779231,-0.5269800434782398,-0.3309359419801045,0.7652948166240989,0.9355271841586908,0.0040233386664384465,2.219118259867291
GSM1691967,-0.21379485699224032,1.0577439544391687,1.019937585090615,1.5748791886704923,0.21674556602308856,2.173514952736592,2.0080705807531927,0.2788995770878689,-0.010567186439700938,0.42296993849225223,1.2110954515524355,0.43087352885630537,0.45591443932683107,0.6278948628835442,2.658686560104965,1.4174481803639647,-0.27794098046912963,0.21146394506502025,0.24771612108132496,-0.08895311554689435,0.3840727377615852,1.9258905781629136,2.1506753412196926,-0.6546606429241044,0.741627618044445,-0.6706734014522968,-0.09705932284787117,-0.5351788740357788,1.6330859426915212,-0.4266733307218654,1.125702098591487,0.5291348654411842,0.44951862345929894,0.016100370881373387,-0.9125865576540042,-0.664373015159863,0.9179224720169978,0.6978444851655872,0.14207133236403174,-0.5042800812143622,-0.10640214429461736,0.8018499413418806,1.3241777772783447,1.5908923088398257,2.7479395677239236,1.5425805879150227,1.103942926853489,1.5590384197707827,0.02913781271746254,-0.6892110380164319
GSM1691968,2.151903341642211,-1.41041593970046,-1.266145583991055,0.5632794462493373,1.6937284989185675,-1.5865786633689132,-1.6745979690328474,1.9704542461823753,0.7470144447686318,1.716044401462853,-1.2946400032584615,0.10841883178718059,0.0634519585507934,1.4573499548491602,-0.7397527608429566,0.1469286772049371,1.7867043544246823,0.012842149755749346,1.276616784725494,0.30073491984013384,0.3397415020529266,-0.05406515678910648,-0.2515339936618167,-0.1670455424588618,-0.6876962780216088,-0.9213408297855608,-1.1951118122374451,0.5604623001042519,-1.7472427561363293,0.8007068177039829,-0.14590447805208046,-0.486252218902615,-0.8548377731103698,1.275237793031261,-0.3606521547221855,1.2118500761886128,-0.30619979256262686,-1.8022715412731094,2.354046403026637,-0.671278843722673,-0.5769868500414529,0.9992265528469046,0.7579031541709044,-0.6260744830353443,-1.5682061636215345,-0.02033256952598864,-0.8208458516163111,0.24461510918266482,-2.1653652757442368,1.5582329966149158
GSM1691969,0.23896848825146916,-0.5435924914259158,0.7881867339564457,0.889805582702546,0.5573927724943997,0.8485667430958141,1.1042168272817625,0.5149986992517213,0.2043080859475476,0.8202389088406461,0.3846603045970333,-0.7541473883291252,-0.06829849759795333,0.8946115161942002,0.8451401520400533,0.5632144441847614,1.285551308961051,0.24415587807492978,1.2074213652173438,0.8236381742546443,1.2655741670553213,3.1245830902131897,1.4545410122865974,0.1907983983485942,0.5940178092309021,-1.0026999422534053,-0.7439795403626766,0.02020168067755293,2.0335887884934403,1.0709246119039857,1.1747299371845497,-0.1828214718829552,-0.4975935188538342,0.41458687534330657,0.5478647864269524,-0.6101255429660587,1.2932615362724575,-0.20438933330522624,-0.0014485330174491963,1.3412553349652936,0.9818905186535697,0.4796739520212498,-0.2093813951069427,1.3329169163989665,1.0270551809747344,-0.2540326825728366,1.232404365599359,1.803123893970772,0.4800518009688452,1.9505167414694289
GSM1691970,-0.13276934274592447,-0.7177462536304421,0.39097731124874885,0.04244278910440582,-0.29985301020916677,-0.20659275540604696,0.3673962360277538,1.1801127918348169,1.488741017390188,0.056973277338725765,0.791681510918472,0.9052272926662748,1.172780865241657,0.16444566067993113,-0.34485218408218327,0.7345059070632549,0.4032259381134727,1.2830800872413435,1.5913056016412237,-0.06411624857478108,1.2048394755151959,0.5051267068319524,-1.434535418515215,0.6179889753349451,0.46951704128709915,1.9957104409190367,1.8474969480374075,0.8373879096224103,0.19681034753827503,1.159651855119129,0.931662693630296,-0.2721645118159662,-0.8207588417190198,-0.08712263169184502,-0.7396930915642117,-0.3562977444309681,-0.9910860095038272,-0.39224503556735624,1.566439197214372,0.7795036776631845,0.3642072401935658,0.1206947002016603,1.374854050525302,-0.9974900132791765,0.3972018131733439,-0.8044066583779121,-1.0129147111079309,1.0007444709761613,-1.4509960862430091,0.7078239499881858
GSM1691971,0.5152675217373994,0.2008937388479725,-0.056800593966276264,0.2711266143320727,0.6941061100324203,1.2382072730030942,0.4859427625755435,-0.3471777283456545,-0.09380804215696265,-0.0876371806414527,0.07093609423467276,0.020091276072806457,-0.10161163266425806,0.3050244487647525,1.651902451534745,1.3055317737086618,1.0049997085584181,0.12206432783325097,-0.4770261996034991,-0.8222046504537242,1.9570063469045644,0.21203380227375532,-0.17067896194749854,-0.7293751055511578,-0.644033470574425,0.20862311172328826,0.03815632690031447,0.5091437435556746,1.883543640687244,0.021755565445645216,0.2921340345556041,0.04080056322887977,-0.07096136504302568,0.9319447371649201,-1.1408044112396114,-0.6951655242011511,-0.611951417139862,0.37975766536645855,-0.7305807880887444,-0.10584906600343491,0.28704002177848903,0.6008845327346082,0.056716422922158206,-0.11163209415355317,-0.1537118100241786,-0.4799412522666264,-0.48424519659118476,-0.01987580828356715,0.8401476846184391,1.3978348010701038
GSM1691972,-0.4798675147353263,1.5993368824343874,-1.1000967602788887,-0.25557853152342036,-0.3770424273813714,0.4027738980457262,0.42501900463422176,-1.762961389212641,-0.513525551626817,0.06903775128707006,0.7909273185862725,0.42416668122379864,-0.08322344621741314,-0.18366137020843648,0.1350211889196728,-0.43420371956272535,-0.8587840662814948,0.04428458740806788,-1.311876464893263,-1.6837338907069548,0.20383635713007325,-0.559084479073289,0.6696944126360331,-0.5036964459031485,0.3146614291014151,1.237707623317908,1.2755092727666766,1.3122970717250477,0.5129336904625886,-0.8571121246259159,-0.6263492421210579,0.4566600720850637,1.4560183416389123,0.11049236671863263,-0.2536945581920724,-0.17676542477719923,-1.032752038672881,0.28806323730296046,-1.1462113152748392,-0.7351290288962317,-1.2151331269340804,0.23417857465839184,-0.4153205442449213,0.5440073173987925,0.31628750314221593,0.7096426235671993,-1.4351076734761075,-0.7374767904811305,0.6910075114156343,-0.5916554363735081
GSM1691973,-1.5477677996610752,1.6421900408363883,0.33536985304099615,-0.8474437889320237,0.148294333558674,2.0683086187414013,2.9970593568175223,-0.650943453292244,-0.5752266861571783,0.4332481438814238,2.7403087010478693,-0.46808535810640434,0.12386500869286188,0.43684655382697746,1.4233063753981836,0.4102046123088296,-0.38678080192557557,0.13501350059932773,0.4321106991273433,1.4829336842073462,-0.6308223175783756,0.508740839720938,1.6127277157886148,1.0156952151553333,1.714512950114695,2.240822364075125,2.5250501589621206,0.9347939943436677,1.2282180055994698,1.084239747668248,0.11752117455584024,-0.07292303053299116,0.11205716211798794,-0.1382102409361198,-0.6538299916099055,-1.7557076547264816,1.5458640668427543,-0.6821630273796679,0.17838495391068795,0.8670164116696876,0.5807224883711972,0.019919868314762938,-0.44011127683793916,1.8792600422209023,2.0138374422062166,0.6689268419472456,0.7610172248831681,0.8970276960257455,0.4538038513436433,-0.4205008124270069
GSM1691974,-0.05140503555237259,0.8799283479527962,0.5018385934867949,2.0579327420900597,0.3929241634587913,0.7430003527653631,1.7158634075893873,-0.5004433321173679,-0.9834591790926689,1.055899975480664,2.1765307966216767,0.0871564837578475,0.558561347899404,0.9220106222516767,0.9315427890591389,0.924567407253157,-0.25548390556941714,0.4577108639147399,-0.5108963503015095,-0.21470879973126525,0.4560505903065797,-0.45658956645673754,1.0571571950559149,0.9204066575035732,1.0545364859824682,0.00896996708889635,0.3456313879803009,-0.5514644998823937,1.5420117328498666,0.43937644617427374,0.5337499036400539,0.6178241256287929,-0.26857244023805665,0.017384236087427726,0.679393141173448,-0.2350616124050907,0.23516788624369353,0.9422718794979231,-0.15428132550694743,0.6943166413770259,1.0011072834935009,1.0947268446387763,-0.09057763295470432,0.42605185099506493,0.5290588419663469,0.17848814839587562,0.3652588664199357,0.37075672590700076,1.0283760991774966,0.6209370893424344
GSM1691975,0.9997061699632257,-1.4013060081106703,0.6543445775886908,0.29392296989809313,-0.18755947779340754,1.8551835042577718,-0.12724109981698928,-0.0988325514512179,1.3379581448884983,-0.11564368350518883,-2.048840388044888,1.3953207791351283,1.7418832556670156,0.3415388322037387,0.7822666384470826,1.238300122068131,1.1876025093140556,2.389118013510503,1.5934558000037753,-0.35851363834845373,2.4381315684954292,1.5417891933610326,-1.1130529992707325,-0.7831490295557617,-1.1727036603387497,-1.120453997337167,-1.2234983746868155,0.42305405365449383,0.8034392870383437,1.3008976852272274,1.701207397678688,0.6800751513218257,0.21277266034908113,0.5433768172973231,-1.1923760379948194,0.06164808167987509,1.3174049378487547,-0.9087536851968137,-0.7390920590538251,0.17504630440233473,-4.875714676310132e-05,1.7923130612014344,2.29133219448102,-0.29786232720839273,0.08846000765204513,0.9105421270006289,0.10531457442773096,2.20920711544696,0.34879795623662013,1.580849907324701
GSM1691976,0.10305319370892341,0.8962761200110805,-0.1713300645957094,0.5712970487180052,0.2019421620361966,1.0322251511723601,0.5778734912278164,-0.9269402073388465,-0.0629409583858148,-0.3371492524448098,-0.026743599404778943,0.8795625967647913,0.0905993809382782,0.019643883536526015,0.18127293353844276,-0.1473991610389427,-0.19550559585150581,0.06630529302816278,-1.3677182148826426,-0.9760778460559988,0.9202656430125461,-0.018450524401703892,0.04175681941036725,-0.6995630179529975,-0.6127947123560983,0.1718150111370807,0.2868355622959205,-0.030015120625214414,0.2796007201678416,-0.6201745714503364,0.11025138335690329,0.6335770656643602,0.8009511894896627,0.8024472521524016,-0.44862591704367705,0.12396221682443262,0.08279611790869625,0.3528640620035385,-0.7193011402712465,-0.3583237538289657,-0.7333030657511638,-0.027314722693869566,-0.037776451201349745,-0.19380750646670367,-0.2832154199749611,0.3060264070758866,-0.7044402361153574,0.7807119708451788,1.1503801056333527,0.10605864150146468
GSM1691977,-0.712926138600204,-0.10033025319057812,-0.4233599889626886,-0.4457408435445732,0.6629947114797152,1.639239850540105,1.5775424355930387,-0.7197455770744539,0.538272441051852,0.6033037893750365,1.0010169732332468,-1.441647305319989,-1.3526129764826202,0.5857312027390845,-0.12105737602123251,0.46468564620528074,-1.537787338259933,-0.4295888695253966,-0.7429404054460298,0.5090082076255146,-0.25318089057172594,0.19602819330169555,-0.48937098964649856,1.5818203137260995,2.34263811560895,2.8907863053286373,2.444435218139573,1.5953096248611471,0.8471220132370527,1.1929265089998742,-1.0941972058861138,-2.084897166844547,-1.251029802883173,0.7845994062519744,1.0109753379928272,-2.684879516738515,1.424167521521136,-0.34186494559727654,-0.2635786091420197,1.2207047640753244,-0.5702360908085493,-0.10594576800043612,-0.85407105032534,0.37005695492153134,1.1444956448361825,-0.6591862989401066,0.49886932668161926,-0.32590918465668595,0.02284551195627154,0.07555215345228666
GSM1691978,-0.5784910332199988,-0.3978585106467103,-2.144467692422522,0.6216520415578989,1.659291330467057,0.5544543751175688,-0.017941180020238926,-0.679924318253166,0.1625116735663898,1.2637708950405377,-1.4423062342655546,-0.5873697909895859,-1.4475611347449984,0.9317751847820909,-0.7770724345812543,-0.39788806738679394,-1.2918116166278417,-0.9546093420185862,-1.0966946468137606,-0.49564123196481213,1.2709271996407263,-0.26726928626917223,-1.6473240770778286,-0.7905866109969859,-0.8826486830584044,-0.6325126253374482,-0.8412915734637623,1.8429871680416778,0.7761683539726312,-0.7851842206376909,-2.5752057193970566,-1.4746027450684207,-0.028372267062818663,1.8950889112140903,0.30090546689448044,-0.4619356992435278,-0.8062281248752045,-1.8562111447338319,-1.865794643822153,-1.4605372231494829,-2.2368291904534847,0.163115715092633,0.6212413864092822,-2.3602025823982675,-0.7530638130205474,-2.194653220835078,-2.6830793086872045,0.3997891692896922,0.08410847770776285,0.8688822010435397
GSM1691979,0.8029690999783634,-0.14475614946569193,-0.3172555591238568,0.3326585047688828,0.44722505577253024,1.0733562769259604,0.6017011363991683,2.0306053281182517,-0.0645480139490191,1.073460056312309,0.1830606042014489,-0.6879483443526969,-0.5841884492097038,1.245342832803662,0.0023930187659085556,0.467772974846973,0.9400519394777825,-0.27315214304499735,0.5149025239129775,-0.6306027684424097,1.0469982833267804,0.6807932627888977,-0.16401994216843105,-0.25558905226332673,-0.25521432782716236,1.0476159884503495,0.6787146843170258,1.3702782047541788,0.24613486366692794,-0.14041770359790465,-0.33685636456504636,-0.9654531948866535,-1.2199073908563345,0.7032700409080611,0.3602942379045014,-0.1785349092468185,0.2680093044798767,-0.03150466961567133,0.28388685466101243,0.09218009067496175,0.17606382404636992,0.9233332456550398,0.28946323001083946,-0.38697554401665457,-0.41118157996541416,-0.6502437437637048,0.5656883084914479,-0.19899945602175828,-0.3446092397156713,1.2903084834288203
GSM1691980,0.6148625118786776,-0.6749369818511572,-0.4549558185664341,0.94456739181863,0.06539776540580965,0.28364853985795263,0.38626415489911947,0.9721641210268691,1.1184304447795934,1.2075410797872181,-0.11151678619041003,0.6365643105092336,1.359543636776879,1.2102924559582697,-0.5068140327775734,0.03277352040606261,1.0182864306428492,1.5535303808764467,1.1307868599329909,-1.4962419888084164,1.3218282566300028,1.103606550703428,-0.24543722309743532,-0.14255403467576766,-1.0084055198933726,-0.8393716370089706,-0.8989160437235066,0.5131449578060455,-0.3454722788780332,0.5422936594128844,1.4234607618754969,0.5633962439708757,0.17705482602753858,0.8783225998681551,-1.8940856990513792,0.3891979265564144,-1.0385254774892798,0.7996926390207872,0.8721885666313539,1.2573187916653636,-0.09404212820347108,2.179504679472937,1.0600144519839503,-0.8636247383636364,-0.7799993912142636,0.33071155675850933,-1.140887766442903,1.3455544941907025,-0.4190433814656067,-0.048711841821804235
GSM1691981,0.7754429400312034,-0.8789227994046157,0.22995406427012471,0.32585667270119406,0.5887469434473774,0.0214375815894443,-0.17169088145358805,0.7014874393685377,0.12256573730157577,0.9268495188192281,-0.1478003708219239,-1.1150956561724454,-0.7948716876470064,-0.27839582281243336,-0.7317201927469763,-0.6551743249520167,0.44805157075073304,-0.4143802216306765,0.4550522200136331,0.8963005812661373,0.895680847937236,0.7258292773959751,-0.2281030537446515,0.5785434519529167,-0.3098508256037605,-1.0082421564248032,-1.0143494807424929,-0.34207937803002136,0.20944538003623453,0.20886581174273555,-0.40046030177248004,-0.729533524406527,-1.2185443122436668,0.5998485731106687,-0.018987968302258813,-0.3665470287912226,-0.05996888693299633,-0.6585966162135736,-0.15276193273652067,0.4924827061053196,0.27807320571745936,0.37474741236443826,0.06977687137779856,-0.09253837044178481,-0.4115339141494386,-0.9114998475946959,0.7248717670817375,-0.9761052219065535,-0.265095091377612,1.1047304381429153
GSM1691982,-0.8535494506217545,-0.5122545434053805,-0.4770622110285112,-0.5746994153902667,1.3623897544822146,0.27839905558446093,0.5802753704438839,-0.5248694756600517,0.027358573568484562,-0.32560430908400795,-1.0223138667394551,-1.4220037350658596,-1.1057579221554887,0.484526126026473,1.2128516287411912,0.3271031175681855,-0.992953460621908,-0.2287239315553053,-0.85619998712135,-0.2582658327639833,1.481280513314467,0.6825408745974857,0.32498070284102687,-0.05083867934493585,0.2939561786810597,-0.03085276443457149,-0.24745774492707343,1.0540768069741997,1.3546611114338762,0.17445346197185416,-0.9898132080245864,-0.9587795185905912,0.09593292050558518,1.6688512316395612,0.26675416143997344,-1.3188999279222193,-1.6015974914745787,-0.8537880485241534,-1.1164711758278842,-0.12444941806521813,-0.3778047041692406,-0.13521724208426533,-0.2391351864326291,0.32082598441443827,-0.477661150912943,-0.9466992112319017,-0.08935872423973214,-0.5781749741484262,0.9153997284923524,1.1209078019463234
GSM1691983,1.809374586015496,-1.200625956664059,0.15389248253745685,-0.07067414369347845,-0.8203922227740083,-1.9550036060025273,-1.1476091096548449,0.588492039328719,1.1396226971737073,0.28582230322081875,-0.17275746707855985,-0.05646903585452279,0.24398169603084907,-0.22851501379491654,-1.4836636466861481,0.2668556536023918,0.23653205027216948,-0.17934224187319403,0.9244122164969287,-1.1140908980614705,-0.8008559722025321,0.2692439258597996,-0.12321661943310279,0.15579980233452556,-0.559656362944633,-1.0339324574907214,-1.0489645468001163,-0.677429900712295,-1.0369319681523388,0.024157462672865053,0.5603628232549597,-0.06281290967831778,-1.083844489391661,-1.3114763115562809,0.07455954958207495,1.6608842287116563,0.28807971201527904,0.020982811912456642,1.2321773728762297,0.11113561614804875,1.3542215472243313,0.8759367798448469,0.47151217227349884,0.22647609029311236,-0.5293744415307691,-0.15363447533459731,0.3178774083321518,-0.5379505714139503,-1.376410240945699,0.2952989720913449
GSM1691984,0.6663876956374094,-1.7318692043238308,-1.439972838685459,-0.8504938324105422,1.5823386178918566,-1.9890550225017563,-2.7917586846645714,-0.5801277138057267,0.10864352520912339,0.2454380034494178,-3.795944513643525,0.8942621893639895,0.9061338390348413,0.9209989961787345,0.9403902206981806,2.063833609109061,1.9006157172036022,1.546420104843653,-0.3531226667872671,-2.286978930660969,2.9708714365823674,-1.1750841783308146,-2.7427075756614583,-2.882077355610775,-3.1412407816306063,-0.6570407192371317,-1.0634261135533627,2.15028382230878,0.21311882286044884,-0.6819215631934054,0.2577306151576053,0.6761828027492444,1.1459878025305477,1.5593902717628063,-2.573457668390218,0.9687821192940272,-1.4252327982673532,-0.5357053652029368,-2.2569358699245905,-0.6501427617547436,-1.761687007577474,2.0888452012836214,0.8760604992332961,-1.8835394856983785,-2.0849312649322154,0.52851826296405,-3.6743481703167364,1.6082108956828656,-1.7140722592224276,1.6790676429398594
GSM1691985,1.4568202898376645,-1.3536448154299676,0.07234868152483703,0.6345601275357226,0.9809398190289145,-0.7986466138674543,-0.5836287704306904,1.767793210781484,1.435695295632145,1.4306160264085248,-1.119877482629595,-0.010138093283495967,-0.14645601478598183,1.0491669065745024,-1.4380645280656599,-0.3316243892067992,0.6915761173216695,-0.49081486496121457,1.3207051480396323,-0.5204706911697391,-0.3210319256671498,0.42150802440934193,-0.00950433216398528,0.09392656072432269,-1.2382388711443968,-1.1836147397445542,-1.3578685106355712,0.4063206788963249,-0.6712757503933623,0.32370955490839165,0.2794515666728175,-0.5417017038224842,-1.3536847440401667,0.6612847331919427,-0.5978424164323747,0.2055928895829117,-0.32158547326833165,-1.142607242238537,0.5176824412721709,0.8139430647241981,0.5785491277088867,1.445727965638043,0.9033441915845265,-0.3177913830319688,-1.4120090169807444,-1.0489547891076483,0.5335963389322785,-0.39199708914072445,-1.1352641478116376,0.48752488189303195
GSM1691986,1.1524564753499404,-0.9539959578685999,0.9564929647472212,-0.04356107206766615,0.4871529283878653,-0.6353557773792127,-0.1179935168421242,0.7695671444655671,0.631823170983172,0.7780073192954126,0.017074251668734747,-0.5426299380108727,-0.1252474342142864,0.23845589978057966,-0.21577385433026255,0.461349162230101,1.0517612004892707,-0.09388506663858924,0.5611104502185421,0.20102395175770596,-0.20580058474236357,0.57546482042271,0.6092992025893339,0.586093827731729,-0.3399837875451826,-1.0713524989825616,-1.0079886708007133,-0.8639043062044967,0.09977161010900408,0.3030372403629098,0.6308446891851892,-0.21633730814731825,-0.8403815857180166,-0.21854047410285327,0.5942601373620677,0.4622302069693067,0.08461353778943444,0.723963350955309,1.2680580990567727,1.299776778562444,1.2489492525986012,0.985565217234385,-0.03882488655695051,0.9289421452503882,-0.5155137968178539,-0.6058646420511734,1.2798087468599173,-0.039374629958608576,-0.9901336293807285,1.0736823890430809
GSM1691987,0.0725647209599437,-0.936485567530866,0.6857208453165914,0.04469910686703597,-1.4307063876773296,-1.9927866316667802,-1.5888395938798399,0.12031672951147507,0.6018428682572035,-0.6050305005415509,-0.5074626232514123,-1.0788342293624853,-0.28953179000812823,-0.7637646459997922,-1.171091087149521,-0.8383017432095857,-1.7113034993057943,-0.053989326587953884,-0.05162664123534533,1.1646188575248513,-1.2283905192885056,0.02292179886827492,-0.8107563196762106,1.5087471255325746,-0.6330835785709554,-0.9089783544749657,-0.9382860392564764,-0.7550160727120856,-1.1549722109240512,0.27890524583096704,0.057752797497312165,-0.932730549760171,-1.3623240636118257,-1.153566666957097,-0.3520782156724811,-0.8462887896551251,-0.335862897840566,0.638672354731952,0.7981941979269097,1.4002045369977725,0.9045094302812128,-0.12597522715464288,0.4078846603067379,0.9908837959767671,0.040655762096661066,-0.7008407758680509,-0.3708078901408486,-0.7933236745187595,-0.6375068024346269,-0.9995864768255623
GSM1691988,-1.412507465134094,-0.3243608812122152,-1.13660054907733,-0.19280037574923942,2.7523514796654855,2.2324825310062253,1.1179226853544162,-0.6103732465820226,0.18871814964717976,0.4449374904268424,-1.5477876321797346,-0.7873978306741728,-0.42386379092288273,1.1036309315144346,1.5926783938061486,1.3116547165732795,-0.48738238105158,-0.4036791663762027,0.8329168602813999,0.7849971213362315,1.499142416646314,0.5215582479676166,-0.7201347122910124,-1.2700076112495493,-0.8184200895681311,-0.828859280541102,-0.9304169991372199,2.150528650516003,0.5640232440685156,-0.6906604407835546,-0.8244691855173947,-0.5815657794307996,0.6051215338956885,1.549593774292409,0.9917034471260259,-1.1115799420181476,0.7205026931458736,-0.8413850062374457,-1.7054185272830393,-0.46988332826911594,-1.2464495526882249,-1.1307126267118435,0.17982837887804753,-0.7753848751475252,-0.44688415549032984,-0.7700830915694529,-0.4563757637119295,0.8361387489696216,1.280322630791375,0.41706552071255837
GSM1691989,0.5948604545326549,0.6266338494640387,-1.3098942675173866,0.3878484037137982,0.5186092964622914,0.2366868502163102,-0.5418531203358797,0.3575324709931879,-0.46728566801555044,0.08241371954886303,-0.15458744304224864,0.5843311070066503,-0.104441876673414,0.4009027914917519,-0.5003456959251599,-1.1383044715052584,-0.1168860122710539,-0.8492269734454713,0.1635175346331847,-1.2638245124586465,-0.2947477181749305,-0.6043187555914252,-0.014531963604491922,-0.28288681119536613,0.2963996337471401,-0.5578200349613958,-0.49474150198674016,-0.42272315824440715,-0.9193143840208317,-0.48408343508133844,-0.5635485242838599,0.383814306958095,0.691607265760825,0.7610170103648256,-0.03288776801040638,0.8620346882532307,0.3168702322383274,0.061860757063842906,0.17379302662875842,-0.18547914727618134,-0.44434326920563777,0.23723805244086266,-0.39847868099268063,-0.7799336287993651,-0.9644612764437663,-0.030007742084030925,-0.05285514406384622,0.2658072424478955,-0.05251738295051929,0.35780084230099757
GSM1691990,-0.5650641972261387,0.8969824284216922,0.7181532028481304,-1.2340525006818441,-1.0376306159874928,0.8615558132344612,0.7375983933768481,0.47262130369002026,-0.6995974047546029,-1.456310740939076,1.4212760672507345,0.29529964761484817,0.03142136232146879,-0.9294333215738005,-0.38788109521962216,0.25269349754558496,-0.18737661536452624,-0.4027777669686572,-0.004236835141711021,-0.1930077270406806,-0.544981341935446,-0.31251352306674457,-0.10979773607788777,1.7854076492737827,1.4209766260274177,0.15567207515298737,0.5552579021691314,-1.649357003288306,0.6520985447725004,-0.5268503669388129,0.7791117957304818,0.6047922578950058,0.35440512943424346,-1.2894942791136856,0.6292473102692386,0.373022487984777,0.46802522708204847,-0.11590860958372906,0.46027434550952967,0.7010300790610043,1.3253921768858843,-1.1381865969793385,-0.6626506123591824,0.221448978238393,1.4727917506979735,0.4876446807251156,-1.1324079441169466,1.4316405775480683,0.02365365457999171,-0.6312127030994226
GSM1691991,1.5753025956510986,-0.5157632787399767,1.3450981148663117,1.440262360492537,-0.29419003930375737,0.2375986708773664,-0.571586673245395,2.4300118977124736,1.213056802079856,0.16547259377439213,-0.28434548697028245,2.0717847849128628,2.3129450758425585,0.7073222388233591,0.44990069919695513,1.3597994354045533,0.2506924770539526,1.934523497515633,0.6434681266900509,0.6608777980029094,0.37570936886322437,0.6970755952949,-0.7113559348205393,-0.5350828156005762,-0.05421419643736076,-0.7731136887267712,-0.9823963950129588,-1.3658680538839831,0.838075771012121,2.208938184081336,1.7167210195219602,0.624795168554755,-0.24159069558934737,-0.5256664590259601,-0.8864162829891252,0.6883166130476676,0.39719285562627277,-1.4756530971761215,1.1944393257836414,-1.4001077405826157,0.3820828581220367,0.5422619704160112,2.4475246224111524,-0.036784353540537336,0.24805657590025953,0.03679884553419318,0.6774048269726822,1.1484353922433415,-0.06165244645712118,0.2388536626796392
GSM1691992,0.07175171348803996,-0.620854588330754,-0.07879905026863505,-0.11247803816769186,-1.1186546834269686,-1.010349908725136,-0.429975416934425,-0.6397648581157475,1.1232731962809641,-0.6274275615279338,-0.583868121795269,-0.4596847636022363,-0.2826928701614417,-0.6813447588569832,-1.0095115703823094,-0.04646712123273964,0.09526414224076532,-0.5740749097225949,1.4281694523308328,0.9967962365532976,-1.1999419586962805,-0.6159741828950718,-1.4080580586029279,1.2716065359377842,-0.39328397248256514,0.1244221530618534,0.051012039218895196,-0.9186850074562473,-1.87655454546337,0.11278196770266347,0.3263993516198898,-0.6044106130712035,-1.7256742970417775,-1.4014836138957847,-1.0592512830833396,0.5343779277922722,0.09918410008015512,0.16495614285790453,0.4574917021131151,0.27779658198947177,0.7765616297980875,-0.32054253913380193,0.5710997265408561,-0.8077443948274322,-0.41427517006243075,-0.16975353582517191,-0.8274129048878578,-0.1475943147022514,-1.9868551666067145,-0.9265748221642772
GSM1691993,-1.0752232407156808,0.8828518380321261,-1.5478034580643019,-0.4153466463144286,0.7603795318394649,1.1752508121615666,0.12622470300827499,-1.1410401046153815,-0.6860588229843464,0.5274286175065573,0.6643264032915609,0.5625322188775939,-0.06591478464141706,0.2550927041665687,0.12895541671053265,-0.6829376177483113,-0.9089021165637529,-0.2380700849739691,-1.1529570591170435,-0.8797279711796839,0.34447395349851867,-0.8270608926632975,0.9520059952859701,-0.74128945697179,0.007002959885071693,0.6802637825506357,0.9188501679082415,0.662448870235793,-0.15208667223174865,-0.3299941451596436,-0.692567782343154,0.6178621340517914,1.78933122896566,0.8352069732549908,0.6519167742792796,-0.24219609255066274,-0.15206879949432373,0.6326102944545242,-1.1745300652198654,0.0071005738155293496,-1.9415003236600998,-0.8319819554528795,-0.39633434801273126,-0.9349293045940826,-0.9420367494638553,0.3887318295188822,-1.1591547603961432,-0.07243615677254057,1.4988214977361307,-0.13686259284994887
GSM1691994,1.2074869715248706,-0.9914292754739278,-0.009951459227235565,-0.3222791084776103,0.21272295746155429,-0.10662560860627944,-0.12185950866871548,0.8115117749956496,0.6513387033766316,0.8240250362343466,0.029231651038160236,-0.8001111651495556,-1.042559360579003,0.5032443559791108,0.4077517522807312,0.7999194630748218,0.5371080158801372,-1.0320241031104747,0.4595581461003995,0.8001150629372401,0.04804653794757688,0.6367822522296024,-0.629798975254501,1.0449846910594507,0.5144826702277961,-0.1865665034303168,-0.3056479859176104,-0.37232704454746046,-0.6803258887100793,0.36824810932810664,0.11631282651812123,-1.250474810435942,-0.896534324588271,0.17707923490752983,0.0352069477011455,0.1724963827237047,1.0861668665102275,0.3827664524375741,0.8286678482083327,0.34335877147013844,0.39580092987607685,0.3441316869676077,-0.5504399913177951,-0.2871935734199675,0.10947778754290681,-0.7716360830463194,1.082142499119686,0.9002971412372585,-0.5309187512551249,1.1731703001532934
GSM1691995,1.0964133358902552,0.5662804567168306,-0.11434612474010108,-1.074286211235898,-0.8480956966854081,-1.186512663481919,-0.7032392685090253,0.6743662261904679,-0.9751158682781063,-0.48161447547378716,-0.6959625998613228,1.2768215801445635,1.0617339015663843,-0.5136978050563401,-0.6813279884924051,-0.6088294720379477,1.1723240031114361,-0.002215670202547209,0.9929449673942876,-1.3777217706121543,0.5619779389299592,1.2108187299387798,0.7394950223000311,-1.1074615426698549,-0.9128782029724916,-0.9677421703277163,-0.8269310638903252,-1.4954800779883393,-0.15014519035168672,-1.076824484316366,0.9589518156396376,1.4385030297026131,1.4505237245670537,-0.22871322356814427,-0.32819537287461725,1.5504970896584016,0.22197422365514502,0.9500943789771813,-0.5617893517148187,-0.5605934095577638,-0.15329642427838308,0.39366233696464803,0.9562841117910172,0.6249145773011126,-1.137973428034479,1.5892887841047625,-0.7480091768685821,1.1138554684096285,0.1371443923156886,0.95067800565206
GSM1691996,-1.395242327778165,0.13052342311286422,0.3326277761022642,0.5960870848301363,0.5562115239361589,1.8542659315830938,2.0634620068909006,-0.04217532095794553,0.6554320979503313,0.885894435187397,0.6424521155404778,-1.2425832387185678,-1.183137668791326,0.8535448738261933,1.4400647208782222,0.5620552356161789,-2.1327752945199605,-0.6437558132695698,-0.016905212813876674,0.5182350071206611,0.19043137278348235,2.147530545932314,0.6618845494293585,0.5604909839002621,1.491898304567103,-0.42090859636517247,-0.21729440246933734,0.6197569966793677,1.5926123639693557,0.5313640619939832,-0.9072759506625185,-2.419748188812811,-0.7149232791357376,0.9758206658359049,0.5458912397851801,-3.18834584502153,2.6626297608064946,-0.6427685717565742,-1.532134848637915,1.4096901837839393,-0.17837928822030846,-0.43746559101545607,-0.08754640873867099,1.5621754661987526,2.3482792569475195,-2.1674330885580315,0.46437628359044536,0.08853464381644817,-0.24903967949403816,-0.4980210582769752
GSM1691997,-0.25239618853661316,0.019158650977504355,1.560955058713663,0.07234453046431007,-0.3134469507665682,0.8808729855711347,0.3510972320411711,0.8384548055476398,0.16753179412420485,0.016060596836634924,1.1133214663882285,-0.4925359169139285,-0.6308483718076654,-0.029522636251551198,0.11953026013374715,-0.6301938051297834,-0.80016479307718,-0.6104829381928863,-0.3896683212397005,1.4648944875374477,-1.009193464725358,0.4083544915443096,-0.6216981635865212,1.1100208610656142,0.7917564829067499,0.29178761918388074,0.3055149177990022,-0.3050173082006117,0.934381025897916,0.5837119669268751,0.15773290389817882,-0.8082838703202836,-0.7077300133596123,0.16955449857786223,1.8976917360071253,-0.9804597166728961,1.5992417767673597,-0.0901843684779766,0.2692017252398388,1.025053393135192,1.0703235099624149,-0.11305052471466191,-0.9906454409959231,2.2238377206479494,1.4452503532532317,-0.29945923132002694,1.252731464525107,0.26422368720205175,0.6257502644707663,0.03293653635191202
GSM1691998,0.1294878171662761,0.5702830140629233,1.4625131324024083,-0.05708886836682441,-2.0052618409562672,-0.3770251248966384,0.6886513911915644,-1.5385921427410747,-0.5825891105976766,-1.8622514044130047,-0.015590858327241329,1.375951594011177,2.967124422226874,-1.709709529891219,0.4966299387252665,1.019118093722902,1.1728128294400202,4.008075487837008,0.6472134041493759,-1.2248143419415671,2.7167480951329313,0.2825269781574892,0.40984589376854597,-1.4549288736493857,-1.4428699300950332,1.5779981542430896,1.3309769394888646,-0.23360560741458386,0.23296399488174607,2.034934166741333,2.6897806523727046,1.848272057330529,1.3851931280025895,-1.3559730450968068,-2.4710766095627634,0.4474051255516265,0.821026147824371,-0.5811050940632219,-0.9629984559272479,-0.5599018656785846,1.1250337722412105,0.23434087255885272,2.7974315265658545,0.1958543691538062,0.43582627556429715,2.9747427589373263,-1.197555616957576,1.8886467639695423,-1.1523572179233939,0.06818210317175004
GSM1691999,0.5177324301450805,0.5323173794459128,0.7463573156612305,-0.13714630632507574,-0.5716196696985842,-0.3977416114753856,-0.51048948858863,0.18776614837419853,-1.1553441955900419,-0.6015758313553492,0.6649862959633012,0.049460298425180134,-0.14204962711852553,-0.8387437779950481,0.21885440984696797,-0.2110372722524825,0.33214348013720935,-0.636284798457672,-0.8020364535313467,0.8077122851024083,-0.5486813233662061,-0.5127659559874409,0.023443316925693715,-0.07539153988869368,-0.43237096202450004,-0.4854515418584276,-0.4469192673496918,-0.884279373655515,0.3228618613094998,-0.3314819971414365,0.16829204034917847,0.6570382467841581,0.12567774594902506,-0.5969897823020585,0.2877874303821651,0.731460241955464,-0.10212193776366915,1.1937628036916597,1.3873528540478977,0.033173564568523786,0.8816940933910234,-0.19349049030324764,-0.571252230641828,0.8948978822114333,-0.09179919034510384,-0.06930724431751566,0.07721982137280466,-1.0066001626169387,0.2067915552706869,0.025372840476985396
GSM1692000,-1.0432029551834308,0.5480964259977784,-2.2778708333499007,0.5871489952767628,0.817511464038009,0.9926276132222447,-0.6922568808000095,-1.823302032825959,-0.5865972345937318,0.4320448480008336,0.05809471613643096,0.6797546232946529,-0.48857995212371047,0.5922633076271276,-2.005894368199072,-1.1520204022471374,-0.8744218931104724,-0.7936100996301492,-1.3486311018072783,-1.3006407409132896,0.31589384888252786,-1.2874469306501577,-0.49648195703955056,-0.804382054216947,0.276249363750026,1.6487016739018332,1.3643214032874378,1.3527224122398982,-0.12291742466092934,-1.6664511759806953,-1.8162109937176356,-0.34058721789092766,0.3054742357351712,1.4186065439638362,1.6819981394095462,0.13953565250496422,0.08966101007521157,0.10102995025135464,-1.3215875384198759,-1.6502245646504932,-1.930358752379488,-0.2908197044796625,-1.4172091902577753,-1.7692106334151272,-0.8801225565296177,-0.727727767059572,-0.4415379420379753,-0.11723569329654984,0.5451299514233177,0.3573929818369663
GSM1692001,0.24074178073400906,-1.0021094891518294,0.42204209031605194,-0.7797892897711265,-1.08672144718661,-0.07518431777057906,-0.6232091926386502,1.5161377462239454,-0.0012421063859451571,-0.4639096402891299,0.2740551229211129,-1.4529647391405387,-1.0905454181229628,-1.0638729797830306,-1.0152055847689003,-0.635703310059762,-0.10174438193545134,-1.0317004445349265,-0.5678981550536136,0.17862745081879466,-0.8062121789566855,0.3602628865757272,-1.0051194202305338,1.0713491687476129,-0.30704035927012796,-0.5601014369460499,-0.6537477691984287,-1.0147626130025051,0.053882326860051906,0.5540386103738556,-0.3553401212848629,-1.406461887043996,-1.3054235225403936,-1.1540083554109644,0.46638680965345336,-0.3123436983025018,-0.0318459266038667,-0.34444704767440304,1.4840591258685158,0.8739545164912534,1.4503673137981117,-0.16634527871369467,-0.2822829978110441,0.5822105384685681,0.020831452382527794,-1.5232178188475956,-0.10390827844937735,-0.9181725613975876,-0.6297847088620004,-0.4569454402899688
GSM1692002,1.1164906134775257,-0.1970231174300685,-0.9229919237141166,1.0240041609327777,0.380817266479768,0.7714816678020513,-2.2777676860073908,1.216996807391604,1.3820537803702004,0.3864111826884692,-0.9756924834603884,0.9872261783482317,1.3368265849725105,-0.4660571872133602,-1.2139749720483375,-0.619178527276004,-0.2323594460296961,1.2444986220624776,0.8487709882273445,-1.236738002282971,-1.407916655194914,-1.1468913883242051,-1.220804352048995,-1.4556667705610462,-0.9884383434578603,-0.7364920109437842,-0.9103949135695102,-0.8559015043392388,-2.1525942761044456,0.6511810947473851,-0.01003495712664746,0.6456613598957971,1.2687782879763876,0.22491893283412884,0.2313689913654427,1.1844642402724361,-0.8875307606730335,-0.45139558147532727,0.03049969133652078,-0.9625437683047912,-1.2019199777605802,0.9393056257308534,1.09357344012652,-1.8766342353555359,-1.414037362005475,0.5640507455387861,-0.48044358692026273,-0.17870702997036492,0.7215770819176652,-0.6147048723635297
GSM1692003,-0.2821470975870303,-0.9416298304281171,0.10316583724438941,1.042738791876869,0.6898064574368502,-0.4054883071199124,-0.6684321843282606,-1.7621477208039042,0.32464371766002864,1.096751658220893,0.13838320812437466,-1.1966146092543433,-0.9192896351957859,1.0722035721361647,-0.35743336612043036,-0.18527314054311966,-0.8969476227759734,-0.7489425386173083,0.5133124542799387,1.0096704098627645,-0.6604261510353474,0.8132615626687808,0.11048241616061888,0.9735537530678274,0.7974736188599773,-0.5899159295687041,-0.6840971756550218,0.0715923844254688,-0.2269155839355885,0.14177352088636275,-0.3620814833729412,-1.149715961342353,-0.9106109851451838,0.702810899726717,0.04815787930407535,-0.8248126650657279,0.4085305738193618,1.2072251585822604,-1.8071237582398756,0.5997624351012333,0.1306893792574554,0.16260068240685432,0.02464220199983287,0.14336179582226832,0.29870816981236664,-0.9967180443097464,1.2902266826436892,-0.7191231751854049,-0.6760270119044105,-0.6865983294797245
GSM1692004,-1.469171317031953,1.2855861952171124,0.6394291456836276,-0.3535516563448261,-1.1043946017178465,1.2229979246976779,0.3295545959316624,0.6166299083876629,-0.6851936404071075,-0.30653066685513836,1.288609569990013,-0.5017809250323783,0.2677150763712179,-1.1322320551438418,0.8456400172211397,-0.4709630020174166,-1.4103101579579516,0.3063247976725177,-0.7117078115665719,-0.013022364978345795,-0.9915175275573296,-0.30744530147262256,1.1071368541537823,1.5524766677893629,2.1936020246107795,2.1398901705292204,2.3440621430981943,0.3603837402025278,0.32648542506233874,0.40042864453883,-0.41845966310148247,0.05288250905935743,0.38675276693236205,-1.1952400977450495,1.391110199023894,-1.2103605847217414,0.37010127166958384,-0.3649330231007638,-0.6506543677301733,0.5847802223393291,0.5999229065828146,-1.9687318037204151,-0.4181388685738609,0.5270114307518546,1.6888574802532108,-0.05340323821010223,0.7059835025988914,-0.3674327673091992,0.7507126441086299,-1.1332531253879894
GSM1692005,-0.5967943373669385,0.5894986978058094,-0.651347903955814,0.8696870397822719,1.5545130561853395,1.5888849074071616,0.43177828134354457,-0.16573344688981176,-0.04198061185960913,0.6881666870307903,-0.3623876394307106,-0.3413997765006403,-0.3348182530225124,0.32218691865320304,1.3311300129245478,-0.12783070533870516,-0.008226270045173902,-0.3083890574374311,0.5634183049471005,0.5548262188814648,-0.08302165949245109,0.5388292789248809,0.8341723309750118,0.13852342055904118,0.4427444521701483,-0.4849365023236777,-0.4358200030369012,0.9504733608615437,-0.1831272547038365,-0.3094004417518865,-0.3416083674000027,-0.31643495267757576,1.1575103673898388,1.2258565732676179,0.8150541038025679,-0.6363934976021524,1.5207670140820404,-0.1333011722455011,0.7398302291893558,0.6780341164862298,-1.1136061032909612,0.1628240990069951,-0.4533756949938062,0.322230657847532,-0.29803279774961106,0.5634430563090379,-0.6263612230291918,0.533411365693017,1.387961153640842,0.7925895147057055
GSM1692006,0.7431830770835999,-1.839109848481589,0.22036442007161755,0.48789377883211854,0.4703867859307289,-0.9742255096472836,-0.7673874617557449,0.7946533688104482,1.6625251825655796,0.7592624217761684,-0.4650395619693261,-1.1612151691577954,0.2575489307013367,1.590194764868134,-2.1544633916517824,0.011256290733776344,0.6256890853099355,0.37863575280275413,0.341353584325213,0.24497845426729606,0.7090175561148704,-0.3406378693900646,-0.124037884852004,-0.025014369550384025,-1.234221908484132,-1.0848434220964955,-1.2436660904635586,0.780019866174734,0.3600917833110402,1.1522926387376933,0.5868550847824766,-1.0583466800584103,-1.83311991524644,0.854226939628328,-1.2381061904435213,-0.12176335256794359,-0.8003621265091115,-1.5237884744272152,0.40575215155510236,0.4152622153300562,0.588186305150674,0.9498951795521973,2.0082602613361544,-0.27388060865299024,-0.6173903226870016,-0.8606205214505555,-0.06835026720281005,0.24729741503747207,-1.7216499454286411,0.07760743444643653
GSM1692007,0.6185656960475122,0.3250572988802968,0.3734227683985369,0.2988828567961379,-0.3357539639773471,-0.9702073549691815,0.08329410144064157,-1.0527176176988646,-0.3230995700287889,-0.2654369625207854,0.5787266102970435,0.11818982989590378,1.0062885165523818,-0.36545006963187987,0.30745192890137074,1.368788116876316,-0.021587759143199426,0.6909049419607367,0.3028213424835723,-0.4489816060585024,-0.8655974363951966,-0.3854526350648863,2.0548657410492353,0.03459836607277567,-0.48470738159079174,-1.1426115357363882,-0.8372251802250467,-1.1292644050924054,0.020822914795042672,-0.3575509171362184,0.803186735672579,1.396388502710668,0.6882760553495101,-1.211003930131923,-0.7418135850230209,0.6016062827795347,-1.0079893720773025,2.0840464382766934,-0.478462883127443,0.46411298863691075,1.1537452122235543,0.20014914766552547,1.343969040670015,-0.1194552096497983,-0.4852109359118821,0.8963143884218552,0.5326332365803144,-0.1672627385990608,-0.11460995823876956,-0.4333306282443319
GSM1692008,-0.19804761875623447,0.6549273318816505,0.8009866249017745,-0.32570021195116927,0.09506507715749084,-0.1587112795172815,0.9659137093976883,-0.042994367887258814,-0.22056261246971237,0.03040951127564407,0.44207848346941825,-0.8353453936547828,-0.47978567669594724,0.470815191749653,0.041308536232254105,-0.14503359968824903,-0.23795016301615204,-0.1922581777769174,-0.7544835692958041,0.1852882872771931,0.5420687443272657,-0.12751580753105976,-0.135210479451395,0.3729249124967973,0.03193416599975029,-0.41812108168576595,-0.21193191859186872,-0.3164150358515081,1.0618345701392495,0.8466366662986876,-0.3011744868352903,-0.3053625998036036,-0.3426001621544518,0.31667609382610706,-0.1293186543214769,-0.6565893708667109,-0.4689254133822957,0.11736452629818922,-0.7981583997949,1.0709999390376335,-0.5244303704997907,0.696406562628149,-0.31132636193701113,-0.2762534470951375,0.043598843273753844,-0.36133223806190534,0.3070891986184184,-0.7389073360190997,-0.583528679211633,0.22203421121763617
GSM1692009,2.2592304705540585,-0.5793673951941807,1.7583498782084674,-0.15134305123920241,-0.7250985451850078,-1.0996315109678922,0.172337589234214,2.65545091475495,1.0735221198724754,-0.09177488490847668,0.14602401293819486,1.508967198347427,2.247196151930012,-0.5056164859934545,-1.0425384207731978,1.847439638094495,2.5478122130746237,2.4843236833294995,2.7263694124697797,-0.5198614274234717,-0.9601244525987658,0.19347821036280097,0.6362733341850846,0.6076479200551448,0.07542951122034317,1.124184020993282,0.9079832084355902,-0.11031403593201254,-1.0133395609086944,1.3527159642008062,2.328020013297206,1.6362557293226052,0.8487452365752527,-1.1018964798923372,-0.17883977702658146,2.5024957668590697,-0.33962678129657053,0.724636312290308,2.130502239474713,0.3392035905435508,1.0548397150872024,1.0294907747283295,2.418398677187454,-0.04479416364917966,-0.42729222695060953,2.2750132065011672,0.8961227161134453,-0.048156309180837846,-0.3946470250087952,1.3419260922517389
GSM1692010,-0.8274245655607372,0.3155064072089897,-1.0562772453082052,-0.7701349328221249,-0.10387058631352092,-0.2140156757603806,-0.8359677291323154,-0.6962959304391315,-0.5339419379369039,-1.250627645921553,-0.8222991981394138,0.3009000590002298,-0.7916464490587922,-0.48005036939064777,-0.38277894516968886,-1.1899030932641366,-1.4234174518209595,-0.525915141750542,-0.6388895833909317,1.3850006225842244,-0.6937208003934325,-0.22697954164625095,-0.7919584566709293,0.02158191994763129,0.20432508200341698,-0.47659715171575157,-0.47920238353342115,-0.7754615544183899,-0.2694735851665178,0.21450682438846616,-1.0928416789320394,-0.08801416462971039,0.26054180102604846,-0.498450890205241,0.44513725582089847,-0.2573134884588443,-0.26019915020833473,-0.12365789894782087,0.033730785489874654,-0.3519335479906801,-0.8579694097663189,-1.2279353836964604,-0.36631039429891954,-0.248262859106492,-0.007412172949834758,-0.3463392226583461,-0.05784263123098957,-0.3407146631257818,1.5228134651985787,-0.9876906280077637
GSM1692011,0.8355598554040979,-1.2843295790947813,0.9414807549363595,-0.13684802020471087,-0.19273643215360223,-1.2864995452924852,-0.27680289471813035,1.0144370700907328,0.8329300406571939,0.15867365864654231,-0.8942919173740518,-0.30790644671475925,-0.4548888543449226,1.0432009726430684,0.3897722162895663,1.059955619297251,0.7422209719709513,-0.947618083752156,0.6599215987272122,0.6047888810359414,0.9943536595701656,1.6650772928596373,0.45601205777294956,0.31085500453730547,-0.3562254649904047,-0.9826806736350941,-1.1399574704817574,0.19640704404754036,0.8044949733157846,-0.9894689777332897,0.5720324260430132,-0.20657809909296362,-0.5159266862591018,0.4621475971060615,-1.6323029350929907,0.2646859142031249,0.3408857631581214,1.10224230162426,0.17250907014979439,0.40864396688862553,-0.10736275043831894,1.4170319279378523,0.6786812104878324,-0.15577532423308077,0.34113779210103984,-0.7104300839060999,-0.6878131877748739,0.9428307574836247,-0.8995047725025046,1.7183501754758306
GSM1692012,0.18079181063161645,-0.37406182390494985,-0.6366158173265859,0.8168014773766248,0.39999659783836133,0.6426456054323509,-0.023372322343863914,1.0426151199638252,0.7352703422538874,-0.09425083325281898,-0.39892636103699297,-0.32486522041873406,0.5252907220803071,0.22924365455161183,0.13613027362568242,-0.39749782035038395,0.016695595613744604,0.5564954818661365,0.5240342108506838,-1.07756858371438,0.36415260370259406,0.25007170317661864,-0.32039965831283035,-0.2634859077996195,-0.10920293219135982,-0.7774247970192457,-0.8454281603498299,-0.4408040513912606,-0.14972818331960308,0.20566649764618536,0.38153304759423257,-0.09543568482266032,0.05976098630977681,0.20981998689285303,-1.1554452426897794,0.11537997232901427,-1.0907576661035672,-1.2805743324838648,0.16064055596963442,0.1441113876753409,-0.10828686643842422,1.3293070755075107,0.7446232306486612,-0.5912892515456144,-0.5671162809529112,-0.1408862462606489,-0.8260168888767014,0.29594624091354377,0.25809518233319945,-0.12774747735146727
GSM1692015,-0.1551082864766983,-0.5730130349491657,0.7659673665907273,-0.370015285979579,-0.7430929026285212,-0.8585675656761963,-0.42415578665313347,-0.4532622985132507,-0.9362810456354762,-1.0783929490987194,-0.28155985321519095,-0.7547056643094405,-0.746713854173175,-0.5032327546215676,-0.9221524870200586,-0.7493561158438803,0.2870577830705512,-0.7952469847591181,-0.6328246684001491,1.4458597533524917,-0.4748385986556912,0.47037501695955763,-0.7264033489113435,0.3838566489043724,-0.05251592550075624,-0.2609046124453576,-0.4695191765844388,-0.8862463354850285,0.2218274530345126,0.5323361684899949,-0.6934504316499025,-0.8172248367890566,-1.0156994544774327,-0.4455885848615209,0.7727946236557347,-0.7684312581404905,0.9460169264257645,-0.4906982633847032,1.0063228197217045,0.9620912666158137,1.076827904188233,-0.9685084091520354,-0.6303641680231585,1.2768577555086773,0.5621760368482045,-0.8997113881238903,1.1422158614764306,-0.8534973972432811,-0.28594820027660905,-0.2683046426024608
GSM1692016,-0.11829927015514723,-0.3802791403015258,0.5949340342926058,0.74200096107427,0.7367761699814742,-0.5098594465968567,0.9329830857172562,0.43934572387795057,0.6246357219021105,1.0836384195212792,0.5503070878581561,-0.5564218286018787,-1.1862018296159762,0.6868785813887326,0.484961962256174,1.1402775137866097,-0.3123448697070152,-1.3056114049855372,0.14010915416580963,0.3917857094319326,-0.28535696501744895,0.12792533439859222,0.2814788388830621,1.1433726693714752,0.9732152388913263,1.4338543652400921,1.3140448437667867,1.1172904981263017,-0.11354920789806099,0.4289623431489269,-0.0319542499955411,-0.9560791317721903,-0.80859499108987,0.35996734096373517,0.7405020777210706,-0.5226268458607954,1.6833268972700588,-1.224464270166576,0.2216496594340535,0.9083932923445199,0.19621501819519538,0.5685296758168031,0.11736847967680827,0.1572950929380434,0.2612484610962526,-0.5187894911190233,1.3167328101331137,-0.5692354076201218,-0.9634122099425008,0.22491030138510584
GSM1692017,1.1733252635356484,-0.731936942958652,1.8434221630132042,-0.760437891778501,-0.9317705497818429,-0.16266058156313584,0.429465731319868,0.9814036321734578,1.9995262742500994,-0.5267393352571506,-0.5549865769675754,-0.6860938431684912,0.7031314663346623,-0.5946670376161195,-0.7541648169327051,0.18712021042937713,0.85998061932786,0.45340803286619047,1.2206704035742166,0.5280869342582936,-1.3753927591866257,0.6916062170471703,0.8142015929862735,1.5809824405216413,1.283179129640069,-1.0077145011945012,-0.7729035779128897,-0.6040232585876903,-0.4076031820284275,1.353585802616702,1.662706666560161,-0.17387178206625534,-1.0213914132886432,-1.005471695531921,0.7612091269608444,0.9943119678094264,1.4053703327746652,-0.19357458320813603,1.2242141384605303,-0.4311250516468716,1.543563249976141,-0.2792484550873677,1.384513703831825,1.6445254288020692,0.961244295562861,-0.07206480404378472,0.7249430283168005,0.8469389934681318,-0.6207770285505193,0.6225586934049149
GSM1692018,0.8048871430518632,0.4692670817427906,1.3686263437480988,0.4707143165621006,-0.21106857033385865,1.1447589809557632,1.312008477002308,0.12149196732114131,-0.2127105137655005,0.6105432574082115,0.7030496378708697,0.06372382863462481,0.5500477148758002,0.10644219028198211,1.5364300978566992,1.7034374570343824,0.530875850826759,0.8308713568919079,-0.1378233668794436,-0.5877385396283631,0.9936707875363536,1.2637439854278205,1.7172583452693948,0.48278219681886386,0.5336769855233046,-0.6497239312274969,-0.3848873147845198,-1.1406939722518827,1.1028168032228975,1.001760649995653,1.031535625164718,0.9557253103008135,0.6174624740974295,0.04739297896885961,-0.661547918179729,-0.07191734677569812,0.5727181530902727,1.3718639329843694,-0.776266411106054,1.6159066898259047,0.9641070177905962,1.4229092613330432,0.522037166086117,0.5806949653882411,1.060719146386336,1.3180454858426296,1.2693396883417236,1.1351776602057366,0.5054866436826636,1.0817796561748012
GSM1692019,-0.262576443448925,-1.0302217485606724,-1.3705821129613482,0.7229425099544968,1.5308057489347253,0.7180032230464195,1.3803952614877941,-1.331901495951976,0.09982121617708971,1.3055585650601527,0.29952205993441267,-1.3391459640921264,-0.9495645578310671,0.7898193653385633,1.2018264602729383,0.8367756176083283,0.05592199605132094,-0.11167638952267488,0.38801166363342193,2.298678490914689,1.2280936756858942,1.068437494153478,0.2638297994613524,1.330659549487514,1.2372898909620775,0.6275806118195651,0.8232428059392811,1.5456537560978116,1.062501448634516,0.5780886866932369,-0.30594668192152485,-0.724108639365431,-0.31031117174456696,1.4346543686411146,0.29178144825607516,-0.9916481608458191,-0.6221288398996218,-1.9846554093565951,-0.8865643073982634,0.7704081887202892,-1.048647236861251,0.8029871656970266,-0.06288355293724225,-0.7007542863757684,1.1983189336120759,-0.30602848681005906,-1.065907097407444,1.8082707798756166,0.3124752459806355,1.270581200034917
GSM1692020,-0.9511135575238967,1.5585321561578374,-0.2702102843645233,-0.8984463826369181,-0.6209089890498866,0.4466620237024454,-0.5720988541416946,-0.6347122953033715,-1.825363624873993,-0.9201744233541409,1.4597628876563598,0.8374914839080403,-0.011715249530376929,-1.6922901231852634,-0.79778217584561,-2.0557787204576106,-0.0587337080903931,-0.34733810478336485,-0.5080933290251811,0.4713085086610192,-1.9605260911522548,-1.0161054357530415,-0.5917502869478929,0.12373250468726033,1.1204279566205053,1.7632845582681709,1.6856980463872122,-0.008735104617997409,-1.3753695193519868,-0.08155473974418569,-0.9476641898443132,0.4055658237582804,0.7321762716776439,-1.2028919688850663,-0.5689966112099016,-0.25022731598188735,-0.5792504573827761,0.5380481396827703,0.5068677760393452,0.40244179982507094,0.48220395457385795,-1.300526633826854,-1.036193375334117,0.5796284019609564,0.4709114031194201,0.4622062726993218,-0.311085293769973,-1.1170730539366671,1.3497466334801034,-1.0569605823931507
GSM1692021,-0.24694895167994466,0.9312272213696338,-1.4300226240968512,-2.5277066437407965,-0.011742093588715802,-0.054843530051349135,-0.002384312353011108,-1.0642533364589486,-0.8854834576412381,-1.3988241681029883,-1.0088618636718343,2.3034200269983898,2.3984723550367897,-0.7061211427198583,-0.3718299162162795,1.124150621866294,1.039705244199659,1.7004691819607824,-0.5023099058520006,-2.4717919509676824,1.540475312607627,-2.2260504518420854,0.8692750046154473,-3.116214008921396,-2.543114452594039,-0.09503853911632854,-0.12234043607909856,-1.0845585467852397,-0.427969350990256,-1.0319173505337984,0.8677598163608189,2.964703051321979,2.2878302872261065,-0.11748598453287856,-1.0174735154415617,2.6522512508224687,-1.4879101766720193,0.9167339207646662,-0.3972383256011456,-1.0824745364567816,-0.05561940538491211,-0.6652954055322834,0.31389922022968686,-1.1415829110179427,-1.6733946690954324,1.727952704110161,-1.9584077413918173,1.3368953300549824,-0.5235602144413938,-0.7244367175300397
GSM1692022,0.5565583539018757,-0.9755893267351194,0.9306448736803309,0.7115074938613879,1.1112983881305023,-1.6883529117951972,-0.4529843241928731,-0.6815461687849707,0.6131388235845259,0.9922353431535808,-0.001041192003429055,-0.08398138180963408,0.4771577345445752,1.6405808246050249,-0.2630361874837952,1.0185003212910018,0.6043572085412026,-0.12332082499579201,0.8469693501266848,-0.8813675402711754,0.4178038483267526,-0.291440087332807,0.26656798649172286,-0.7115724684147229,-1.048294132014062,-1.3525674232859461,-1.285710543789122,-0.677366676505519,0.40622048835490865,-0.0823777489462176,1.1636144157347135,0.46903506542392404,0.2280476248279483,0.42832628680766194,-1.6900659657185346,0.7788112584841755,-1.5979682323783024,0.13905497678639223,-0.3124144629620786,0.2593017593722531,1.0242218371869238,1.3746455099303965,0.8244345263049354,-0.016878880553209876,-1.273074000632022,0.7490725152939532,0.558606088472949,0.15940489791429238,-1.742161131324286,-0.039740559315564916
GSM1692023,2.135236130968086,0.2041490956227366,1.7789036669961964,0.23842642579552945,-0.1605762012425034,0.03190094544366089,0.37058123037817564,2.0297684575999035,0.07780756572930703,0.6974786628628925,0.5890262061733801,-0.08747586461455645,0.6543554489089419,1.063259893460191,0.05171632381098092,0.4259102040341459,1.4048954338950654,0.6562899896175869,0.8108628776346672,0.20049979415135755,0.5486390845706983,0.3905653161517496,0.6249288999874524,0.312227760987509,-0.32547478343962466,-0.7767265598178067,-0.503938846812266,-0.7907498782452487,0.9164302829449635,0.4154741012201119,1.3961721424071938,0.3996714749837878,-0.582388057894495,-0.09487511883852327,-0.9048424871138045,0.738596862789173,-0.2970095323865862,0.8876992771702845,1.0072824713663948,0.11901355811039234,1.2845100366414421,1.2404051123881064,0.8527036085009662,0.7269693949746179,-0.5738883489489915,-0.37369807899523105,0.8353091054817664,-0.5321784534293778,-0.3313083653793204,1.6017757344593395
GSM1692024,0.9632411107172584,-1.1794039797942166,1.4319359722294422,1.019709924650773,-0.1790521188861042,-1.2385076549373686,0.4952571789745638,-0.599816795809377,1.461614881778416,0.8814876500096666,-0.7226353426036246,0.06495029456725089,1.7659944446343876,0.9720283116553315,0.45576866694251383,1.511690521366472,1.5562190238158775,2.433906002628819,2.157976910601737,-0.41434241588020837,1.8208296611226775,0.3464445411219013,1.5873138797501247,0.28549097341565655,-0.0790970274436757,-1.0932017809618988,-1.136893607239257,0.23963425191447946,1.5222460903219897,1.8411026579403573,2.0379706481592472,0.4652247206189588,-0.5046419909119584,0.21999466954813734,-1.3668608930440982,0.4105048058672673,0.10832376643921765,-0.9644324121834488,-0.15156826995993647,0.27784283786504016,0.9903735092532565,1.385243303975837,3.084159922907974,-0.5993924753440287,0.3506460413652455,0.5685986621745699,0.9602185486556293,1.3977875527980341,-1.6258279224156393,0.6940778717969274
GSM1692025,0.36913477899611197,0.9610210274305251,-0.43698437117254985,-0.5867638130689801,0.6669467799314965,1.3114206287683254,1.302581013825658,0.5742981964286556,-0.10017403362916191,0.0034178841156950915,1.0803018044445964,0.3675028170921505,-0.14095739070379562,-0.2598490105541101,0.31427060062940315,-1.1845754308810383,-0.07226403152457517,-0.6877361140127306,-0.8118776327922921,-1.3269009915227672,-0.32288947230608567,0.16580371809284092,1.5017099852656839,0.6481864310211297,1.4253815337607758,0.3204944604381075,0.5309653148382156,-0.6704754243457489,0.5847553408264726,-0.24029797466883723,-0.4060558248764762,0.28718301715734723,0.455730946625412,-0.062498736967706005,1.5306800671888432,0.17123815610900692,1.4855464385673798,1.2121130645206262,-0.43148472429286333,0.11543290671135172,0.07748086642295546,-0.690402043584962,-1.7302341548792677,1.0407231125725573,1.1821486980661966,0.04068794857129944,-0.185563601939172,1.438409576736377,1.0539916650304966,0.31757974596836447
GSM1692026,-0.09120222417677908,0.5943444267279562,-0.4584008956557515,2.0942179897815243,0.5029663205221826,0.8206250657726059,0.12862240366125266,-2.358947684191869,0.40902340163617645,0.8362446699914458,1.1530294063892186,-0.33465493839119476,-0.3429693866539056,0.18625215665050285,1.0378991252958822,0.5777139695501116,-1.4426601035316264,-0.47568151028655936,-0.37239860898911514,-0.8107441746899731,-0.6386096117353203,1.7613932830231993,1.6544877563075064,0.3877474391326646,1.6378857237820617,-0.7500278785866077,-0.5705272569109404,-0.48508159630881986,0.2200679160089209,0.7299206861108515,0.09561256268336267,-0.06572819937996718,-0.24946129890613988,-0.32604254176629716,0.04944824534313911,-0.750148707871433,1.2448949596641439,-0.07063120230119498,-1.526344506606573,0.786957993103183,-0.005853404959471765,-0.030521964373050662,-0.27796644526776343,1.085068144782937,1.0594917046727834,0.2915991488153143,-0.08036194366393767,0.3087912690608489,0.23660135000946558,-0.782223675402344
GSM1692027,-0.6394094185322919,1.162660357672296,1.1070543300173252,-1.3177497083048346,-0.9787100331217427,0.20081936743998105,0.30769413699295156,-0.8419807079304159,-1.194421583661558,-2.102121853237656,0.6744157838481019,-0.4277640649575817,0.11814516815681163,-1.0108100178758526,1.3221763485201339,-0.41186481953040266,-0.40202803725772934,0.5354631302303858,-0.7911888817630796,0.7048935468492284,0.0004692881707276352,-0.01257857926301686,0.4558731265021006,0.07534906043906807,0.8142908196548188,0.48779436713934926,0.5555122485847582,-0.4829126616671075,0.2184407857540565,0.05066650698052296,-0.2523221509087288,0.9095519329014353,1.3609281806592406,-1.1334217263090343,0.27451040033468777,-0.7662939928157418,-0.9701405770076211,1.5517180630554073,-0.02494379853275234,1.0175060021255464,0.7610273149056962,-1.0445448613502086,-0.5039042110813374,0.6764216486645246,0.427620964638009,1.0300565517218392,0.09017157306706583,-0.7761488910721588,2.1177410537679524,-0.7140225040348992
GSM1692028,0.8446624267470122,-1.298097091802228,-0.6564025762750852,0.8929909057821002,1.846499442803164,0.5602440133635036,-0.5817060728803644,-1.2205146757448804,0.4493343998945995,1.652806547327605,-1.4884859251274853,0.007508771993429476,-1.1456738848330434,1.288205640782896,-0.4780833931624202,-0.3840252685060269,0.9222294006769688,-0.7029546204989369,-0.6736621412546291,-1.1345104017674799,1.8040225594339905,0.35423357807311334,-0.08942834756565206,-0.9590591289279338,-0.7319458842881087,-0.7460310691082068,-1.058002779843671,1.5988841155954825,0.44571266441711715,-0.709455914385252,-0.7101060840279817,-0.5307031836218501,-0.7082719650676129,2.2491885998442362,-0.28320153187056807,-0.09204722596673828,-1.2998563172511037,-0.6828758125068531,-1.3079940028099517,0.16593866879243044,-1.2578286699451926,1.4594526382642237,-0.4170379458436365,-1.4385489816290848,-1.402590873776182,-1.137537892340987,-0.038605593688822805,-0.2361534629399205,-0.6156557422025506,1.4823337317680816
GSM1692029,0.6879018162356095,-0.4614394401075003,0.3077937860146582,1.2574889408712835,0.4362364493326799,-0.5482997127579011,-0.21518015602177895,0.32816898020297736,0.8408696848702321,1.1464218797952799,0.6990495426697526,-0.33697983355476957,-0.49562898293762864,1.6129115123761677,-0.48381496214468583,0.5085476379593767,0.19702022869372693,-0.5415107993994625,0.538857917496979,0.4365348302044871,0.845611142773651,0.1774889133215018,-0.2103211782047599,-0.12318960150791437,-0.7690207785455168,-0.27858163718162887,-0.4904060249349994,0.2828912789748674,-0.4389888310986137,-0.4158107355787148,0.4031689898335461,-0.15140873944420916,-0.887815667046094,0.6784257726511056,0.19357239400573886,0.2057252604333547,0.5138288227633147,-0.4842125076497413,0.04657646856219249,-0.11617005798531486,0.2941514241545681,1.1476413896984863,-0.06970561046921127,-0.5371230341686095,-0.8422429765179826,-0.3903918569674685,0.7756570982825134,0.16365327475476465,-1.1809708220894501,0.5078001218759948
GSM1692030,0.46536447354421095,-0.12604983689324348,-0.2003374423311812,0.28090508419868476,0.19304666951511537,-0.55445767341852,-0.7404879497366488,0.3970627096284532,-0.2672396263364977,1.2174924039842399,-0.22414281303128852,-0.38258045998683937,-0.571555490173999,1.9355469169555377,0.050087294631321236,-0.11785729714542016,0.6650218424636988,-0.40143134028254246,-0.5966892177212444,-1.6790592911049078,1.4464837891744828,0.1271258504101848,0.3009618893028164,-0.9298930367742795,-1.0178124965759376,-0.9877889830685942,-0.9513974312272029,0.5420562258362078,0.49970924419747675,-0.7484659458033274,-0.23362199355415328,-0.07630036197226178,-0.557511588058926,1.061699111710824,-0.3998106813681511,0.58064053281107,-0.7595019597384508,0.688207223895741,-0.41204405977595915,-0.8603158765913935,-0.04093949013803611,0.9416115120226115,0.07466752952178292,0.0013452292987197055,-1.5251784168985236,-1.3026685289457631,1.000967634148719,-0.7638279835565227,-1.5577004849024187,1.6230970190079295
GSM1692032,-1.099991534951334,0.3396878135508382,-0.20094736591163767,-0.1816946726315952,0.49055949772988194,1.0334748365334734,1.2511687924614552,-1.2830868035301393,0.7967739808425841,0.1937576938367316,-0.01412083264898934,-1.032438417959487,-0.49863452011447207,0.21255390737876448,2.1366399794903503,1.1165594520187052,-0.6742541036227384,0.1787257473006525,-0.05472893160883753,-0.6143315414711715,0.8834434176776884,0.641650785884695,0.6291655222524427,0.32406672710405254,-0.06420777406542713,-0.40557474683498856,-0.16148104137273914,0.4223256238942315,1.1787300276000634,-0.35962206393010443,0.388690887890955,0.0669101715596202,0.6538308421385053,0.5961399607138115,-1.2473428150670987,-1.0613063174357844,-0.012450273039455288,0.7512520226016992,-0.530705175857821,2.097447685549355,-0.9055979366708161,0.3749216081705559,0.13992078068302258,-0.3021223273723515,0.20340501948320686,0.38433985705474283,-0.6333271956483593,1.3487669337724526,1.289869821873053,-0.0992176356662703
GSM1692033,-1.0416744459039593,1.1635274000698441,-1.8916214243468508,-0.7949772253109946,0.8129120753731733,1.6383624710516165,0.9945199055246314,0.46413762392439495,-0.34369015895945776,0.8397791293787877,0.515089824637252,0.2529347906050343,-0.3778230137813216,0.5440235734575071,-1.017215351819291,-0.7237210208756796,-0.026711307370218044,-0.7319540498021593,-0.7561948601891508,-0.4192559275623745,-0.2615083178094413,0.035235330915965944,0.29671523257162,-0.4064310561858569,0.22844489756890934,1.5508753843353238,1.5325514668513898,1.0777691117441717,-0.4393602236260091,0.29178487731436514,-1.154795499854186,-0.15238738527531226,1.054918539377286,0.5294481696467965,1.002883670110981,0.5315300267097453,0.24012847044092886,-0.4561539410443184,-1.3245379752986564,-0.9604454139703129,-1.470032029666145,-0.19241802195607544,-0.3372852489902995,-0.848253933946292,-0.5393751651362363,0.9432462268098278,0.8452069351414241,-0.6226573907559528,-0.26054847784651847,-0.05241991795220724
GSM1692034,-0.6487636472239022,-0.11786534034506127,0.6753613073505828,-0.14980090866791998,-1.325249329674454,-1.1563854433662055,-1.1878481639457583,-0.41747216062813675,-1.3839987933474136,-0.47263152112721385,0.4990379864835258,-0.794283607662103,-1.165832561553793,-0.22221571177097943,-1.449711136214867,-1.2807723227204566,-1.2350271299094508,-1.1907648331480716,-1.3949125459027647,0.21165690965228925,-0.7353449082679564,-0.913868886719369,-1.0232908443495077,0.44474317530881025,-0.08512474312288715,-0.575236249966509,-0.5853013306612895,-1.3472906345601516,0.0197073451063279,-0.2776034142805479,-1.181595345939739,-1.1075054491638985,-1.7242860541736449,-0.7407798606539956,0.3174419696109686,-0.6018483937313901,-0.46570858497265705,-0.5987932890561108,0.23859630958908973,0.2816707838142275,0.31222160944880073,-0.6386916454722124,-0.5815445092109915,0.30149608697793173,0.035507080981555854,-1.9961870487405855,0.2382163334754286,-2.4270770514303353,-0.8915874717763499,-0.7408747116136162
GSM1692035,-0.23405355687317875,0.5545542685889288,-0.2730006190629962,0.6277587911200434,1.1682074296989695,0.7521332046788807,0.17472730700523456,-0.20165603709414567,-0.31757819772465934,1.172668683316145,0.039741516722396376,-0.0063832846184367015,-0.9154533997379342,0.7833032230883545,0.2516845091427594,-1.2926047810346009,0.166735880303451,-0.23645464624141063,-0.37725740390356655,-0.33882846274230394,0.11275283523186663,0.4636898401621545,0.4742073885705453,-0.3404180903864399,0.1815111793883048,-0.6951671284471889,-0.616248056972209,-0.23849482361759342,-0.26192599544223966,0.17577781797528952,-0.727307773367349,-0.07854568961950668,0.6308581352851298,0.8183254158177125,-0.05632975743511504,-0.10896172463885692,0.01668196812221767,0.8969835035714318,0.2602006468191016,0.3937528410469561,-1.067957099607174,0.6673045752657247,-0.9266042852463785,-0.23288561941300553,-0.687762598013294,-0.24765908442044693,-0.05034808405175215,-0.2648140184550649,0.5101919858613662,-0.31421563584215845
GSM1692036,0.5806075464587213,-0.04961670568183508,-1.0866433392292436,1.0838367674832978,1.014301067189054,-1.1097355920411043,-0.6226046119204661,0.19989739808760768,0.2882762363908798,1.2564241028951002,-0.006651999421269776,-0.15947494431974135,-0.43834544936550585,0.7134630030614582,0.5183409761073577,0.4409314982919211,-0.5446801050395544,-0.6480162818619696,0.021536138373201577,-0.7712352571240837,0.6245415165527435,-0.13482405776393416,0.1359446609830596,-0.3196907883366399,-0.22400281616930046,-0.355047276126193,-0.5883813070676067,-0.04787006111171992,-0.5461946548355556,-0.8372349337436835,-0.3794612109559692,0.2076773363725314,-0.3431848146535033,0.8741223497605334,-0.3877289917980696,-0.10573639797824547,-1.2018942902652494,-0.5930502166542356,-0.11251743744696405,-0.4226457977657825,-1.199253988153345,1.085146916180447,-0.6955067595701829,-0.2109696413565055,-0.7548293387854867,-0.2468728238130112,-0.02327687796867798,-0.30249913896353137,0.593210730875957,-0.11860657996946213
GSM1692037,-0.7468227703173519,-1.3918259974874339,-1.667211711808366,0.2350126028213898,1.5690124359809352,0.4070484848584265,-0.8532015292475976,-0.93933278320081,0.9387063974350524,0.3914765052265926,-1.5975596090936874,-1.4010312450855513,-1.7983504756127995,0.7714720970974528,-0.0966749506416309,-1.7515051285710639,-1.871683962437502,-1.2440057737720067,-0.37274386343260624,1.1871650712666013,0.4628461459779341,0.46351686600088843,-1.9467318345724405,0.06570030207594793,-0.5638942685298117,-0.2405766684585525,-0.6910799706013202,1.6562538607095239,-0.48104338507362554,0.49370558560915706,-1.9909660845646822,-2.322031291243397,-0.5217596986879602,1.6159208696477607,0.5496559576848006,-1.5951621418774429,0.47926991693426746,-0.5895127986068757,-0.6048483034347066,-0.36963914632171785,-2.1644045841035835,-0.043137849783169736,-0.6526866611244382,-1.8412025195175044,-0.786246404671713,-1.7258501331452287,-0.28625926324465023,0.09724740215552077,0.08666164797694431,0.8260583094038376
GSM1692038,0.4936724622175753,-1.8532084582719899,0.1658037430380978,0.41949965085161356,1.7642508321708732,0.4807478555719853,-0.24160261328865373,1.2357213159032392,1.6460389653390162,1.043954336454656,-1.4987613034488878,-2.3430843748758647,-1.561479157311373,1.4011542802011456,0.5657077751767128,0.5611703957058364,0.18513190459407516,-0.7841468835916365,-0.20815894318772216,0.1707247593799831,1.1106319483338871,1.3167620762185648,-1.4051057314511877,0.5077059654162662,-0.4551017214011636,-0.7823976088437424,-1.015438361879025,1.8528930377159427,-0.08424942224154675,0.8620755600957224,-0.6368867757321905,-2.111646035514662,-1.6135877339731055,2.026255422284272,-0.8497620385419961,-1.2486669734907117,-0.4650716384839456,0.06385391408992978,0.43042855029144067,1.3257881339237667,-0.8091556393336069,0.5593319238347972,0.32566391077623075,-0.05622080909957643,-0.702844238949898,-1.7824245462776864,1.267859103692844,0.44687779088003515,-0.31572574979409757,1.226451459830066
GSM1692039,-0.1387170918933695,-0.3340053558173059,0.2881304610381407,1.1423217355672974,0.5030741910868097,1.2455665496181063,1.201425406382685,0.04435095395243577,-0.18550574466412592,0.06760583645066624,0.003217902813132457,-0.19808043361556443,-0.4998389127372215,0.670200279351116,-0.8405072897295757,-0.17603362471387335,0.053919293036553725,-0.41939940310045165,0.2695926217129008,-0.18600515570808507,0.645916218566435,-0.000372261483523665,0.3090042176789993,0.7856483765706033,0.6273983254211076,-0.20639288208986262,-0.12623504991244217,0.544268580831883,0.35786172809576433,0.541971271535296,-0.02730910702952334,-0.11040194772197344,0.23911674984787462,0.914617867833623,0.2764631642514722,-0.2618378889454641,1.0744450415046192,0.3126639493195563,0.32461985272562494,1.215084085863191,0.3637050717195005,0.6916699387584431,-0.23165595116077117,-0.11657584969845973,0.49006324774600074,-0.014615220626890994,-0.39743858184818426,1.3567171023383207,0.8483130815436956,0.9299639441662559
GSM1692040,0.40410898090189,0.3560587021567047,1.5246331389060837,1.1412628873818282,0.16740954832622082,0.5884326607227826,1.20031853965548,1.766146958083778,0.07095904286624496,0.5327642409048767,1.258456466730923,-0.17276291708502592,1.0124817989899284,0.49780741750470064,0.4304739791283581,0.5189108204581419,0.4544552353107121,1.084645016720251,0.12043129459035792,0.15470656783956185,0.026514467275036792,-0.35852064657402843,0.4377640637345113,0.8170253674364246,0.5958016945367683,0.9189096134947607,0.8703654484472692,-0.45576658915017987,1.2739915305280964,1.4269094048811406,0.4544875030352537,0.19067894761547471,-0.45436840407100915,-0.05860832788687274,0.7306779267021076,-0.23523130833696929,0.01870715540016048,0.71209661948733,0.8976721457329199,0.30720846377067595,1.3306488826693372,0.7237798054171042,0.5250942381782365,0.49616900359564237,0.7127832057672335,-0.5263132297629501,0.8794702724940987,-0.32223372029324465,0.21178062927938976,0.609656190919576
GSM1692041,-0.3753116557484684,1.105397347133583,-0.1699556255783355,0.09921623044425457,-0.9005855605210439,0.09691591370144438,0.27930141780313755,-0.2528753288922563,-1.3058488539004391,-1.2835534346406854,0.7924097307105621,-0.15831520659343995,-0.24431765805670896,-0.9125688314257755,0.06479265703322015,-0.642542735104852,-0.08914577115137182,-0.43340136047629746,-0.1287207046683381,0.4238003897667051,-1.260830442050733,0.3183537189038803,0.47970703451631436,0.05177686737175879,0.6785489180037473,-0.23176562067005557,-0.03141330082765949,-0.8082977692695369,0.07797248876093604,-0.8689486413432906,-0.382721047753034,0.7242114618890825,0.6038869381216063,-1.3597500934175408,1.359184551250175,0.17273533423626367,0.045250725894729414,1.4262352208063958,0.2679506286747578,-0.14139200350458395,0.7632831038031628,-0.46778053769908623,-0.7814009106978467,1.5100959854149456,1.1182099061546997,0.279523214258338,0.4832361657105386,-1.6678310884317133,1.44926398375473,-1.0520576077569233
GSM1692042,-0.39214520557719884,1.0699071549298524,0.3406826892148592,0.4063005755825273,0.33673944044435444,0.7639753261783695,1.2192632450311873,0.454618088039389,0.4463403297368052,0.16017420766977097,0.5601624155125782,0.22288570739499297,-0.04333593706081179,-0.15669699120390318,0.4892328882906708,-0.22733687182307788,-0.14995699861343517,-0.07560545157663308,-0.3567851290355866,-0.6197643823837633,0.20157311482787976,-0.01952967089398851,-0.17345522413095232,0.35512955050627343,0.5966822569575497,0.298734590077975,0.5337323748318055,-0.2577236021459494,0.7923526950080436,-0.3505440525247929,-0.13345284681348354,0.37002134577658374,0.41786890628412793,0.45169850288094904,-0.785699924392852,-0.2783133798798684,-0.06948369842725129,0.6093983325355917,-0.4651811781241607,1.5880149361352924,-0.48454135583758945,0.6451821672085087,-0.19455926807255228,-0.22287723862821046,0.6224638482999175,0.45179977415904093,-0.8245032467617598,1.3272009143640657,1.819213118049578,-0.2525320724771834
GSM1692043,1.841919734190656,-2.0212527522625976,-1.0257015665683367,-0.18400056286329386,1.1100402895927837,-1.8572792275828027,-1.2202053657729077,1.2391574763769555,1.2694674326676507,0.8724048897222432,-1.2939112392301955,-0.502546378946964,0.0810366447155693,1.129147660570391,-0.8905455210071792,0.7391134122599119,1.1784339987170012,0.6716588816867295,1.0374254949177544,-0.09937867269693547,0.6047162233001311,0.16005114013387728,-0.7139439264317512,-0.11703959037028182,-1.1030007538670323,-0.7393798655634302,-1.1081158790672434,-0.11881870733820514,-1.3390369549525407,1.1698198908132789,-0.10284277133474319,-0.7079842192879267,-1.8920650788522793,0.8056500508770962,-1.0478355703221052,1.0347900507459449,-0.15260279927372308,-0.7082410350460296,0.7936441782968491,0.009983781500317711,-0.13294706491138253,0.8458528318036475,0.6628624810675902,-0.6396992919791148,-2.0903868947600412,-1.3499149828164936,0.5166906434265174,-0.18127977227815006,-1.6230660332410525,0.8622341246689696
GSM1692044,0.1425575287401315,0.9895059076665884,0.2502000806064097,0.013488264738513457,0.24201628406664144,0.42987103432666635,1.7612617147949583,-1.2321848350255828,0.3120935410381034,-0.3231799596972025,1.910881519996473,0.14122194138466443,0.13775990704304902,-0.243045715411571,0.4466148184493236,0.8912951643582286,0.12181723589321339,-0.10723363520423405,-0.5656472753342521,-1.601163300898628,-0.09610414001469715,0.09136035245608984,2.311653105836988,0.453458388565146,2.1890016859892056,0.9631780715509608,1.212415099069499,0.21073797025329769,1.4353457428956296,-0.85091205235738,0.6729152914057758,1.1386002209502208,1.1326959003010746,-0.27273875787745266,-0.06397855907266502,0.4575486945168908,0.07377722028659188,0.8308735174200521,-0.6028047898857504,0.35955821723382375,-0.010412905358702169,-0.10058184857203081,-0.23312031401156955,0.6449801373276605,1.9476339282675643,0.8054678498988419,-0.489145166856789,0.9132884887466991,0.9469088878906009,-0.1436152611187655
GSM1692045,0.281597784122737,-0.8629570604106662,0.34641577639264176,0.5388690731567904,-0.6467194293184731,-0.9939729040356993,-1.255783128295486,0.34248849889577737,0.6324507062954657,0.502406047720466,0.7818013778439611,-1.2116244030144232,-0.15321882053260946,-1.0062906116399795,0.41099378765892636,0.32882943851052504,-0.23774859112024324,-0.41073011174908997,0.9593052045061023,0.4769919126239249,-0.9861223114888179,0.33112327095217986,0.1835523534781461,0.22418414040384826,-0.02017730629087144,-1.2132864110942674,-1.0994499368344794,-2.3960109309023565,-0.7904357603393182,-0.4364590666923446,0.5650407794579398,-0.3201476776479828,-0.9182706832972103,-1.0181688595928502,-2.0155018254536508,0.40711816671584217,-1.3407739257847604,-0.3463554814034177,-0.3993652424167598,0.5835261282162317,1.1950138297354795,-0.7895367801479533,0.26518360220740966,0.8361571822945706,0.10339290997755314,0.2975871511729202,-0.18231877142895353,-0.45677539748021706,-1.6058650768699954,-0.5733948522971837
GSM1692046,2.3343802977823365,-1.171193648439699,1.6034748298175743,-0.48731032061235935,-0.8807803113855286,-2.37073810412148,-2.1877754701041154,1.973009309837952,0.5758261765069882,-0.2425851117973088,-0.34910536383140933,0.7413782883556327,0.04109977593207745,-0.4502995568549863,-1.5424425512497206,-0.36575055828871933,2.7740785373299186,-0.5498053884771058,1.341203243315614,0.32262473299019384,-1.4618055510043884,-0.683346237638023,-0.5342108691767915,0.12100467069360296,-0.6352176503604123,-0.8704150834525574,-1.020978273432041,-2.083628906018798,-1.1275806639889294,-1.2888348609293678,1.4209293623981725,1.358167238399551,0.6939223435605405,-1.3074308364309937,1.2286933128003923,2.3559502664977554,-0.017036349837519664,1.1029241853546397,3.456056693281516,-0.02840441254900781,1.7505399895040323,-0.23151576822782255,-0.63708470004602,1.0192749712726468,-0.76730772669557,1.1561030506339864,1.6459633538373593,-0.472881393574217,-0.7299988478448883,1.070154671461431
GSM1692047,2.323367113330945,-1.5822411471465896,1.164842717765349,1.6520095625936044,0.19236715053857117,-1.3886542562250601,0.46392403212171635,1.7375334452759772,1.95518253977486,1.0851210084469325,-0.6375596573960247,2.126463087345379,3.136080644919682,1.291035149143516,-0.4504165905508639,2.6803633454809663,2.5280104064083435,2.9461740914315775,2.918770054222528,0.11498323125576937,-0.4549643659639825,0.220660412880255,0.359324392656026,-0.20337745236148944,-1.0539572356766396,-1.2488591160505906,-1.3056914159355568,-0.9109870533956497,-1.398855205831751,1.8112291921648582,3.430094390662676,1.7180752283110299,0.5666545877794362,-0.4220678898570708,-1.7477636021310794,2.2348738153885614,0.17741247805258914,0.9418811831590415,1.5175719354199342,-0.1519378844349028,1.033140677817707,1.5086349373753614,3.3355695086859622,-0.9396602882909553,-0.9979580764360797,3.010340117729191,-0.42600619168857495,1.4526182007544355,-1.137464623872801,0.5016909938969895
GSM1692048,-0.04171487956271628,0.4640480893348539,-0.436603105093268,0.7059502340370467,-0.0842287989971277,0.774767998828315,0.6988502710762784,-0.9085886401615032,-0.3674985781014715,0.2702031676903266,0.6754472758983711,-0.41020143522997193,-0.6471204019351737,0.262700043663472,0.7038074699983409,0.4301368348359275,-0.6312426322804844,-0.375314906200895,0.1269481187769811,0.07088533766170435,0.10999753908778351,0.7035443077014446,0.8979996485434397,0.4439591437569677,1.428035662090378,0.0634732224025044,0.3979603497409665,0.044377539603984516,0.8681645639884354,-0.319824293856227,0.28099244045809196,0.2395412454697281,-0.16576994068782452,0.14519132816813496,1.2779925977106796,0.009789668110486071,0.2535024022558807,-0.5099471907080378,-0.7648648516774172,-0.16788193642405855,-0.06716068490596765,0.0067832257161334515,-0.31592654385956687,-0.16166189033949885,1.765196446999622,0.456253760915161,-0.6095961161943975,0.7156675827852789,-0.4177367806306825,-0.28061329405905033
GSM1692049,0.5108734289432475,-0.31062883607514113,-1.1674178039255168,1.5819693235574284,1.2263726605067216,-0.4930493221042313,-0.5040761444613423,-0.2229562969736296,0.15516624532710543,0.8693604129732398,0.021563917134277227,0.7266631497349778,-0.20745366071254673,1.1534172992584524,-0.13651298677645043,0.18544588029190862,0.19802400803324785,-0.4514622842423051,0.3243302069878406,0.0716293706120544,1.5857897793458093,-0.6429485858587544,-0.7891914744975616,-1.5075723965406909,-1.0308494893522488,0.33717516560821126,0.07562780133484022,0.9565924056158865,-0.033914080238262076,-1.2056383889376387,-0.5283726813149708,-0.02751183597820612,0.17485489339027102,1.4817012571166097,-1.5708843515347706,0.37722946740565977,-1.040809287832182,0.23030238724955937,-0.26690277470184415,-0.3493487769367019,-1.405830252857303,1.5190474495371438,-0.07057061040605934,-0.5055078628959748,-1.15653451142379,-0.7498082825819538,-1.2324185695565293,1.1409595086987359,0.1425576382558797,0.513352103988445
GSM1692050,1.2084965137233226,-2.0749258029827153,-0.10724145535475074,-0.49706394363166806,-0.7964210035138547,-0.6326124753676906,-0.8239306872931071,0.9816843899218166,1.009603229100325,0.576568015230041,-1.0540475176468325,-0.42043537973697553,1.8317255022441084,0.39043248689314647,-1.2937156933275016,0.7793077016736354,0.9342044409512,3.174654445627764,2.1205912473577473,-0.0297403285221438,-0.5461514560745341,-0.10179586530932931,0.025044617781218744,0.7355511746485459,-0.9051992024465687,-0.7537391996455257,-0.9474234565252134,-1.0536743457662159,-1.300348630892735,3.7144093918277217,1.1880985782148772,-0.4530118084344986,-1.5002119638918845,-0.6808626419677716,-1.2952293494214075,0.8868242546103156,-0.9295598831470369,0.183186453695471,2.0356303117390713,0.8967713007459399,1.1495472134019469,0.7733832034484653,2.8586215151789904,-0.44875962435300976,-0.9324519161668402,0.10065580765555841,-0.07334254898939511,-0.4872103454712245,-1.902641436287571,0.34286165418883113
GSM1692051,-0.40806442258288395,-0.32732812512614473,-0.13320612111275082,0.052939215242602346,0.19900986706194945,0.22668452797457098,-0.1448875273485556,0.5522417399925755,-0.08682299250510715,-0.07929681568725451,-0.07983159243182557,-0.35466226416967467,-0.9149625367043431,0.2143429642094348,-0.21853419098383123,0.5872303414378098,-0.27416435411352535,-0.8328312228318201,-0.7075943061857477,0.6533814800233547,0.46549783330874234,0.10812012059966031,-0.6268220977906163,0.5295699216030894,0.22495426135534144,-0.4579433467524341,-0.47638120511849874,0.5674007799177685,0.2955311807164634,-1.0869058519047183,-0.35984847160403155,-0.449437020431304,-0.43646801366320165,0.5665128318219648,0.19466220094027606,-0.45522119640325354,0.7852473963801745,0.16097097353010043,-0.20893819989999604,1.2945981054655509,-0.1700859571421035,0.5549187896074659,-0.34199273729734053,-0.2454607686208933,0.08329048815661083,-0.6598452549218097,-0.5236018690505445,0.4780183346004046,-0.5322995967465256,0.5759559780601229
GSM1692052,0.8357053325799061,-0.8360747402689827,1.8040225413169246,1.9375080538955234,-0.24103399588682128,0.21984860149235,-0.3783743499803693,0.46261465880463587,0.9705936187186831,0.328117708536852,0.24972606467148925,0.4400404179860008,1.9415149020541664,0.4426099490196301,-0.02193073443032538,0.8498923953960735,0.30143484583968017,2.1037257381018355,0.8247799416528666,2.268396709360838,-1.2272929876733518,0.060339782563405366,0.08184546077265659,0.28895112970155695,-0.26390218702853335,-1.309976298226215,-1.2761636032961827,-1.1391468377817515,-0.28978295364985296,2.2006451459476866,1.403893982107151,0.8411325612670961,-0.50545553294956,-1.2640123530732543,1.0262146103589618,0.4275386801591597,0.16038674868213862,0.3998991081568018,0.8904581547043003,0.22932592209512312,1.8428225550345112,0.639875493798987,1.5709063995073238,1.96952397872502,0.3399424575738831,0.06063509871280739,1.651321357054756,-0.650517349196107,0.2518199657359307,-0.3714840864929949
GSM1692053,-0.24787485029624454,-0.615505397943817,-0.6062788672954856,-0.355959668809318,2.1413977421654367,0.36476545069710603,-0.30077257113958583,-0.26615951323367554,0.03946196931632232,0.7082199682602976,-1.656493480436353,-0.30386035945972806,-0.6969866258005093,1.2766607025642458,0.12907456137713524,-0.40903313705993094,1.5614712575354577,-0.7348689831544621,-0.44538263795218097,-0.8674233880190235,1.9067310723415754,0.12121735910542956,-0.6177093310403516,-0.8362677950859873,-0.9959844333826621,-0.7325822696586461,-1.001794744443607,1.2955468471924896,1.2117912053979163,-1.138047959014888,-0.353694433160855,-0.23091918164909425,0.32242187928298566,1.5079810668291262,-1.105111898142114,-0.0520546168315935,-0.6079320898134092,0.017326280668644053,0.1015613660110724,0.05128727633163,-0.9740840071873779,1.3820889271505914,0.7101980464902795,-1.5598854681065304,-1.349246637996523,-1.0443282299057575,-0.13057868205936363,-0.17407794912296298,0.16931842708789488,2.4540362711858656
GSM1692054,0.08588722070629497,0.38988495550128666,-0.734812016430574,-0.4947955642906118,-0.3545312380767093,-0.7050286510206558,-1.4672491457135084,-0.2880380061261041,0.05485405204468846,-0.7279649684930576,-0.3081671740464001,-0.03890607368927424,-0.49969924468345067,-0.6372707351253875,-1.3193845733794112,-1.2215386088830988,-0.8980296321177831,-0.2911105602239776,-0.12277591445304052,-0.10580412761576763,-0.4357642986881393,-0.8887288683450023,-0.9349794726408117,-0.33400273783995915,-0.1476090420974563,-0.5051406737202601,-0.45589436341117595,-0.6763844512982299,-0.2635145232604403,-0.08394745424255036,-0.6610149263217704,0.03982503205912366,-0.12383779806514776,0.10866282097941642,0.5889014323586942,0.41625552356642576,-1.3135625201668406,-2.188687822405257,-0.2807880253391709,-0.8377237938290715,-0.13317512953428198,-0.18329203498443777,-0.2842859287455743,-0.3564317443985878,-1.0335709359833125,-0.1499981341157512,-0.29236376153487387,-1.3319719347785401,-0.37960626756008703,-0.5071473089862084
GSM1692055,-0.5345200136218732,-0.7942332860137157,-0.7133721152777859,0.554376038760509,0.6953156550987217,-1.07338888834832,0.47091166101953713,-0.6854464464675003,1.1595681596246081,1.633751139236703,1.0263795868905734,-1.6397024341482709,-1.300584622281053,0.8412254725330915,0.36296539042693055,1.6625941496663619,-0.03076458128772756,-0.8437661192913707,0.0744572040047965,2.257040444972254,0.2593369348929824,0.4756193674975627,1.3353432632403004,1.5182076442760135,1.719210685772342,3.0340741964918005,2.477875517198153,2.2324145745152784,-0.028301796426704023,-0.7870796234111591,0.189716594750156,-0.8429068646653985,-0.8412592295881828,0.8252897757696003,-0.9828501523093509,-0.6095676454915594,-0.7274076934328579,-0.8774506165716821,-1.1096230160343314,0.8299053836450409,-0.7569068931596835,-0.3572160316226572,-0.25524157076107856,0.4614458954214528,0.6916718643873365,-0.34774506127597615,-0.05594678952375185,-0.07390425596009496,-0.7208866860437032,0.5575551245838789
GSM1692056,0.3512046124048315,-0.056355751674528116,0.7295790611016911,1.9434931800906363,2.1150093123712446,1.0900617943680049,2.754742622819214,0.10312212214064168,1.3095905331667759,2.087445102817598,-0.12016407516640472,-0.670696223353441,-0.07826789703125302,3.307885259706846,2.1206817610176527,1.6940500565484626,0.4877758460999263,0.06177571005470968,0.30483683390586075,0.026874243205668745,1.0175109063119936,1.651827399960246,1.5906716603486712,0.20049932862450173,0.8143772386005512,-1.378324737593096,-1.1555779787153808,0.7366447871140368,1.9655964388168672,0.7996228053912622,0.5401078066451088,0.011606891900956874,0.43533988197161433,1.964084355718256,-0.9789223236754464,-0.7806786025003929,1.0272979070608512,-0.8621516631073096,-0.7442082621655784,1.1056738880165204,-0.7936710457054214,0.5460431505565606,0.42178045164786976,0.505248195397314,1.439127428270035,-0.10623270341496373,1.8411946900620457,1.5068372124358227,-0.15609730283172377,0.10638171732562758
GSM1692057,-0.2296631099878004,0.45573047870779226,0.1913756600784508,1.3785191808845867,0.13241701094071381,0.3419449049086858,2.0578647794117875,-1.0204493401830252,0.39184833991625256,0.903665871169276,-0.4011510804962342,-0.9702554641157334,-0.9543879425273228,0.6094553136516591,1.7609154071206337,1.1145799486867234,-0.8456622562133,-0.35786581183995664,0.31335127760115716,0.5155680397725363,-0.17429683922805222,1.9465382829450897,0.9774286534805591,0.8507015811662286,1.9235551033252347,-0.31554037552507375,-0.1880196052511815,0.3846578301594571,1.2923064763189431,0.5568831643918516,-0.14682678979422653,-1.3979269449929679,-0.6587827487054534,0.6039096807592426,0.30676199733607346,-1.5712231816955555,1.273028348392858,-2.0019504438952653,-0.9783972538039624,1.0752360793842015,-0.5964484243986495,-0.03908814372141678,-0.20499544937233127,1.137407717996843,2.0437904373752573,-1.070782656470011,0.5579286030732371,1.248359697829428,0.4394777290068799,0.13272254023463104
GSM1692058,0.25040913996005865,-0.15844563550250126,-1.2978228980306612,0.18635642148892947,0.1314278677225356,0.01120843982324736,-0.4145987605335032,-0.6799452132425142,1.0151641925269235,0.7462736457448885,0.9050087736054796,-1.0526807002196368,-0.7386935825729309,0.29763593086682777,-0.08073822341222191,0.3505340488147931,-0.14818502494401592,-0.6238580062774982,-0.3230450799568125,0.3508959665837581,0.2843888613263932,-0.6639819998761313,0.6391262026073433,0.9536365569649854,1.5389180473220518,-0.22197636090337045,-0.046000548171698574,0.24157872642032813,1.3359831807806275,-0.5614922718213285,-0.18813644760538176,-0.14328800502077488,-0.15022799213609708,0.590551508255866,1.5376873986946382,0.06832839421446357,-0.6630824922988446,-0.4306746831697934,0.07120649624980976,0.05339607771677324,-0.39665640409041725,-0.08941080666603417,-0.5279014092637891,-0.4481370959198652,0.6469929147351143,-0.0357458048412412,-0.7795309614041052,0.813653042336966,0.7161619730741309,-0.08464743509082959
GSM1692059,0.6631248036198568,-1.035482974125714,0.8260738323428962,1.0465742948603323,0.8408841035158681,0.13042091251902102,-0.8648562450359681,1.458320374963423,2.8768627444698907,1.0488265927987919,-0.46705971869407564,1.2515043482138821,1.5616868875818637,1.1398583615542341,-0.20652076925373683,0.2924711199275306,1.2205413574817972,1.4803315796223828,1.869834425502558,-0.6280444119743109,-1.0273565546766013,0.5490937582101832,-1.347987212550893,-0.5397045205875469,-0.6373697644510027,-0.8574166478687233,-1.0360919932640147,-0.6935983076013903,-1.5674690590517386,2.4181356249582104,1.2673115757997706,0.16741085460838312,-0.5691130598243164,0.01195171075529136,0.16657991349472775,0.6836192501283148,0.6116013571403079,-1.0409137201852883,1.277494996943577,0.41350302281476375,-0.359950781462449,1.3596250198489512,1.1515637563770698,-0.2725683661019803,-1.1599289756206388,-0.06666304302253527,1.461575129629738,0.5396166520704208,-0.23044370206045706,0.5974959055924061
GSM1692060,1.7822759425305537,-1.7087545779529063,0.3253964729014995,0.2828856044424075,-0.11133094485737866,-1.7509776523275702,-0.3652850074559024,-0.3604794465570909,1.396958274000663,0.39757732121822265,-1.4438457938654554,0.16476523727609918,1.4821387448930436,0.42191627018487826,-1.079766482024376,0.5898217719324608,0.5417836762618888,2.340995914859078,1.7079323212009836,-0.013549650127927013,0.285297984719657,0.4069824043977213,0.9976596496137459,0.009974028660277618,-0.7755719514709489,-1.1335581814374571,-1.2383660741545215,-0.40599888883591234,-0.8383899621847732,1.872442618436732,1.134629413255168,0.06523524975100002,-1.1046606785178779,-0.08973714676721935,-0.13530385980494228,1.1595479565553957,0.035543057385470256,0.1791207780835635,-0.1453510399095049,-0.629447941115002,0.8412422954012628,1.029139102265396,1.619098096437924,-0.12782274407416955,-0.4142010678438927,0.02395059853476204,-0.4561666156055848,1.1513878248256657,-1.0752371315211935,0.4509759252490192
GSM1692061,0.05177383785040295,-0.727623336407352,-1.2351479064706459,0.5170178347687698,1.1341275454487425,-0.32715283927420513,-0.8161830107369641,-0.12956285974459686,0.6356641976555235,1.0300159658850325,-0.6869935347548162,-0.28594205469498135,-0.8679285829643592,0.4970375005662399,-0.08964243227478405,-0.16694853546020424,0.1756413577927691,-1.1239395848498037,0.29023808299466164,-0.30972912093323085,-0.05422912349747528,-0.22418822037945255,-0.9899216504402523,-0.25502005954246737,-0.5808477037481314,-0.8651047606221847,-0.879179409109879,0.12259945301796908,-1.1268515036901225,-0.4512698099088012,-0.35095724002068,-0.06895819097671903,0.5191919363049383,0.7631616454748583,-0.3678372446391713,0.4554746745087614,0.19673919775178741,-0.07528951041129432,0.19042277306194244,0.29036214676417155,-0.8240068254737922,0.8411247968039007,-0.05048209343998463,-0.6837011058545606,-1.4262369771740129,0.19167662477669264,-1.1270915463525983,0.13284990454594245,0.01540590256345414,0.2835769120972098
GSM1692062,-0.1949038065879117,0.3257455143109142,0.05333608847225914,1.0117642978321602,-0.014319830807338606,0.1772158343686263,1.032430139978935,-0.29300887260525726,-0.5317520368155435,0.4430586159558046,1.2494705747975783,-0.5927661276123577,-0.622841611785016,0.302573017033857,1.4138508232217524,1.2197583211412546,-0.5658242551197864,-0.6556923741101687,-0.7421097364555748,-0.23298573703575853,-0.5697662320017493,0.13504853323200539,1.3947507164148991,0.5938441402501676,1.1831840225668868,-0.0736687249738269,0.06392734354678037,-0.1978242825267865,1.1213026149463272,-0.02576933521590479,-0.27187980320930677,-0.3169216956764599,-0.018398772325430537,-0.2921746605660179,-0.9784049121405498,-0.4751993999316455,0.6571832168232229,-0.2511500173690104,-0.1480092821931634,0.3296429341162559,-0.1551356910780177,0.21018570990444768,0.17478709197645598,1.1603579166402644,1.2731370984045942,0.017882898756599604,-0.08607815463206044,0.4454459722744781,0.7408090100297767,-0.6579608231448147
GSM1692063,-0.36540373115239955,0.4361455374973523,0.7135501540884234,-0.7911812701559295,0.3564768944259996,0.5395746930102575,1.8689971038523157,-1.2570838067716816,0.1948397145439904,0.23873112592609796,2.1892787325481313,-1.0638800143440246,-0.686847594216676,0.3310085674499341,-0.16039456650355535,-0.029883320177851183,0.009474550601371944,-0.23347533204459603,-0.9469516812203963,1.4449976926382162,-0.37925089877031215,-0.08060330921118634,0.4127617532426005,2.0490649413175324,2.4352002218626407,3.421970076383936,3.1870279044365937,0.9936320442290041,1.3983260091623324,0.011868854403175463,-0.14056822217511364,-1.055649896886978,-0.23836467805654007,0.03970633215893585,2.098275614837438,-1.5985676405272045,1.5662791985621691,0.5463534319610144,0.18224372567430058,1.1384132653392147,0.7816545650419967,-0.8881325245180668,-0.9225861344161406,0.9131118252224407,1.697704814115167,0.060520170989608664,1.9965110416916458,-0.5893030661721105,-0.31996553825083374,-0.04919959649461717
GSM1692064,1.6999740789799513,0.8056424369067134,0.5280347812627636,-1.9709136853065108,-1.9901772372951754,-0.6857252297159667,1.0599848565451817,0.24439874543212414,-0.23138315577638452,-2.0686338799303425,-0.031227172566747733,3.415662111914897,4.465449376447158,-0.9896709185399747,-1.002461438117588,3.3271014058169386,3.503284669816036,4.873815247348544,2.8765814323346666,-0.8259032932894403,2.0519689539611505,0.5853965762656386,2.2320259659248185,-1.2795416672856204,-0.10482058412549229,1.395516314838486,1.486991460263274,-0.8414557387043766,0.6207388086426864,1.3667735170832138,2.7534132599214045,3.0375257484409195,2.283083774795152,-1.5777326462147245,-2.036410030088426,3.0768165594213652,1.4143357982428895,0.6595975490169662,0.5683894549669707,-1.0423213129455187,1.4188711216129257,0.25018183298455987,4.319275310329995,-0.8970641483381677,0.020242788127832954,3.0475713458212845,-0.828468112764821,3.5981028297266646,-1.9508855848762348,1.8238902849936705
GSM1692065,-1.338426543032352,-0.5806745078827291,-0.9081010337927575,-0.9961204853244748,0.10648972910669517,0.17127307546149392,0.9624321042874361,-1.539156578470115,-0.0008191486374847934,0.8242577562043286,0.7847038549523828,-1.4567611031815828,-1.3712720749196032,0.16327340865687798,0.8232703268054634,0.7596296824673663,-0.6793306957434477,-1.1868154711684589,-1.2300218779147567,0.5598823397797784,1.1310660031154454,-0.8379963469900806,1.0827623420651964,2.370830118747571,1.2829209801277326,2.1831902676488975,2.3507675227413833,0.8882946337768728,1.114584469590574,-1.1179794388689845,-0.12113495428477247,-1.137664654484435,-0.7829200268806439,0.16672484834190096,-0.3813208400521707,-1.0113378568655569,-1.0932889712351046,-2.190779992183645,-1.3684444984784614,1.2250756228350708,-0.22137022167142106,0.33503171247969693,-1.2051362795678058,-1.1499656457119098,0.5251799772086239,0.22162835661437816,-1.5649039465619174,1.0305853314931537,-2.1768525025472423,0.6419762763732282
GSM1692066,0.27573446718154365,1.0018748531743824,0.7347539328597262,-0.7662177362236058,-0.3431946271052428,0.42497741547959367,1.0744292510818543,0.3783105484653105,-0.8826954967084149,0.12653264566614644,2.118607754915395,-0.17526977766140306,0.11992831781363224,0.2305677086332203,1.218802530843358,1.1430074831137393,1.116307142498609,0.2583422357754073,-0.6326715441747791,1.6657732464708912,0.6258244378914996,-0.5940824609250266,1.564603804927559,0.4854940752315855,1.3617828231402938,1.9972129542081987,1.8469665547641345,0.7115131298805277,2.564241376859355,-0.6818424844494935,0.15508425043078972,0.6871615472806283,0.26078902446937635,0.11617727783560701,0.7433474861588258,0.06606758091401681,0.23476947292837227,1.899063641065772,0.07770564717544215,-0.08467536586738017,0.5369914240146292,0.3679440522616756,-0.6534075459248253,0.9558421503997462,1.0345953612547711,0.7582102043851908,0.2006062915810494,0.04728469408352226,0.5428245351604492,1.4507743459401712
GSM1692067,-0.2256795688900757,0.6003909641294164,-0.26301684633871164,0.3959305477174145,-1.2172945220802038,-0.3219557546231006,0.08410742455949556,1.2642537602599389,-0.6675916318803408,-0.7668703437286434,0.694028504389115,-0.5084433924614145,-0.5880249304057497,-0.5107358037373176,0.5634573402628109,-0.5743921184994506,-1.0825892847726615,-0.2983188283646402,-0.7284650886460894,1.7959663943734467,-1.1020345198326613,0.3075998192590444,-0.1173237635261903,-0.023412465936575096,0.4349221618466806,-0.17689695417563525,0.035605269272154454,-0.6122990902736244,-0.39360127294987274,0.7847631187061412,-0.7290172891343067,-0.28656902111070415,0.25743803755538786,-0.9879361156923304,0.7445528624879465,-0.7536829574817762,0.6950403746751059,0.31112269498767714,0.016000547778027403,-0.6942596960979316,-0.09826859020828745,-1.0577420850079082,-1.1004276229298702,1.2886390007254667,1.1275177884316638,0.07853276073541889,0.32879295024311894,-0.7623585911825648,0.33811237040646136,-0.8333799794664604
GSM1692068,0.22913742479345484,0.12135248989756642,-1.8522616415880016,0.27650288328003253,0.9985648996702013,0.10986936195686725,-1.1673186628724097,0.43218921071288235,-1.5136869084617934,-0.6883439896815318,-0.6250778697054888,1.746632654372156,1.255683710530187,-0.7964212638157736,-0.7308351752209544,-0.8695493280187548,0.30910880382679007,0.6001485175236041,1.6461315104009842,-1.7678511701621598,-1.5977535384952906,-1.1605737840965398,-1.1461756836767911,-1.264863298277199,-0.2412877547032364,-0.7320955694995909,-0.7958871037621991,-1.2680059033298947,-1.3304087693955966,0.9480207591511676,-0.1624093310331691,1.0994088528596389,1.6283596288898177,-0.8021649664271816,1.5938707785214012,1.136037239614222,1.1531445911392653,0.1529703170371522,-0.16593177426384484,-1.1273001485976748,-0.9954438253163083,0.2765665157713651,-0.5962138421911851,-1.1712030013032009,-1.11644773566062,1.0751698883984215,-1.6497397663654882,0.6057103478142907,1.7339621618082997,0.15296397812554238
GSM1692069,0.3071014547429166,0.0977821043170686,-0.07184815110452121,-0.26303250791957966,-0.5809475856836598,-0.5237390915398173,-0.9742704188984598,-0.3203172612404823,-0.4437119897244406,-0.7235195213349732,0.19993392501619972,-0.3118937812227289,-0.3717207338558122,-0.7252211950090119,-0.4721607795571674,-0.1525721731167697,-0.326291494428524,-0.2729334541214339,-0.19865024980486146,0.7567887483000786,-0.49344866827894135,0.11622265583589608,0.26530259437915904,0.14608652163155883,0.09314559721504967,-0.45739263165838295,-0.37527126046433684,-0.33780961101627605,-0.01522016316104416,0.3941850478022436,-0.3132687251241243,0.024178858713030195,-0.8825256805747955,-0.5715026319153582,1.0675925348783264,0.05699737571607545,-0.8083303595288276,0.4043827426216169,0.32893402580808306,-0.11567723276291182,0.9313743192683865,-0.36386414314863885,-0.5038005136250098,0.47039732620705005,-0.1556193574111016,0.11551269694138885,0.414375698908781,-0.7269582769413595,0.07430340529221553,-0.40741779634397085
GSM1692070,-0.6914327715977251,-1.9323567022745158,0.35170452770074856,0.7367159252840605,1.1024036953659906,0.060227967075135155,0.13121090413721107,-0.49258419492569444,1.8188988563423716,0.8954730818036141,-1.3459759991816829,-1.5726790360381038,-0.7094633745560127,1.0101317036582456,0.30001373344984117,0.2181556243748084,-0.3170083691187637,-0.5788140836199698,1.0497545796796897,1.0696770122893489,0.9812669694545585,2.0829051401531316,0.04069292096555185,0.040969152863516725,-0.6988057016099188,-1.2999911763901757,-1.364401160957833,0.15135238903348183,0.6010701167178711,1.5813612372402928,0.6716011412863361,-1.3446058834215324,-1.635238720711571,0.982008137999487,-1.82457755369292,-1.2559203052725596,0.4233807039759792,-2.207188680586765,-0.6831805637095416,2.0228918108569927,0.38045362300237,0.7594413209270026,0.46434002567090626,0.2978331852136111,-0.28419128861414905,-0.5120338310682584,1.1826195618822744,0.7322621513282679,-0.8358577596218247,-0.267534821964127
GSM1692071,-0.20564955325278556,-0.5266394810983072,0.37938242339786576,0.2364235077782107,0.6566332895540791,-0.23863870781406277,-0.01666453792243496,-0.12189664283015737,1.0393207252982328,0.8519704198784628,0.1065253462294833,-0.6961414437472743,-0.05488014413514974,0.8025625022873116,-0.4934428541708731,-0.028507709829630072,-0.08183119164533352,0.05849271418206835,0.3432227102002142,0.8107601880392205,-0.583399891607772,0.9500420495053599,0.27550289059166805,0.28407690897264565,-0.15873277418218643,-1.0687143177871787,-0.950327427156688,-0.12237301577307315,0.18901193600673527,1.2871076491522917,0.594842293093592,-0.5473863868648386,-0.902740972599842,-0.15030642843055708,-0.9500893043598818,-0.496430256740923,0.47600703711757864,-0.6336046732859271,0.16880757310201205,0.5161896546235043,0.7232032490528444,0.014462308374068752,0.4705521659466173,0.17752131554613426,0.2106149408091244,-0.17652856457096394,1.7595261347576168,-0.17841510854511994,-0.5532735968533949,-0.5659125192335132
GSM1692072,-0.26302335766753865,0.06064761940690961,-0.9888991926150775,1.4564753214101331,-0.16279005327555038,1.1237276045716418,0.21717171694489726,-0.9289517944813184,-0.5409599989116542,0.5727273005451583,-0.5040908074373137,-0.5591372736913918,-0.6210498001611671,0.8613215410151053,1.142234093706692,0.19727420373897156,-0.5739697617214252,-0.24557298959734528,0.31541471058566545,0.4765536083595508,0.35309139975420833,1.3453484746105604,-0.2647402905235792,-0.48398099290799645,0.6099254655044095,-0.6399140230714041,-0.40332981588466316,0.5049246162723935,1.1574779861765119,-0.035229943428604776,-0.6112692429273191,-1.0682611621023785,-0.59925872843325,1.0971165910599774,-0.3929213132412555,-1.5045508725908086,-0.03078514186696484,0.1312424399573527,-2.2219284924165645,-0.7076201573852282,-1.5517043373363713,-0.10547430999240116,-0.24820623328894767,0.6465222239006128,1.411552369841211,-0.5756858777748425,0.2638599024946405,0.23864586273277902,0.01738202736023716,0.290354094498326
GSM1692073,-0.19577475589058657,-0.5414328313862062,-0.5213339633789686,-0.46395320548941804,0.0046010436958493755,0.2151102228337977,0.5267106475553107,-0.17743786493574534,0.17394345592237515,0.2362128323416294,0.38437094538393657,-1.3146989326428526,-0.9074574026423382,-0.23633385115680544,-0.9348599925277502,-0.7017870880228535,-0.8290669667983264,-0.8839344752889025,-0.03363891316029336,0.7955095906371726,-0.11298952213275923,-0.5294794619151342,0.09060229991260303,1.4813562368778805,1.445977662134247,1.3033184517866439,1.3053648467991528,0.5287123363302173,-0.2967204228651395,-0.13208085799932856,-0.9251967749001783,-0.8839293830516095,-1.5311426532341736,0.6351363650745717,0.6916856205960773,-0.38665553426570926,0.3121717251121735,-0.7291273014019657,-0.3488578173936841,0.9847032651303353,-0.2872100251510458,-0.23793108628382506,0.10058353283038515,-1.1955608961821234,0.7159827612462842,-0.8657861303241181,0.24363330762380353,0.7462090439336244,-0.8263247473146494,-0.30809405223881453
GSM1692074,1.5764139724115547,-0.10037527870729611,-1.0841689517118258,-0.07918558908439621,0.49157888737023936,-0.11752770832901305,-0.94307040048085,1.8264628708596118,0.22222026231696038,1.322113065885706,0.7792000545267116,-0.30370378991067737,0.03475077214435198,0.2535585025031555,0.26888590307646254,-0.23600521631479643,1.4139245467032482,0.0649218221118932,0.6819766585996216,-1.2508396891857054,-0.3291541982692613,0.5035142197257289,0.6216969190707174,-0.31687094709537555,-0.00014407878237577803,-0.714456116263387,-0.6807721956005809,-0.9886609624237273,-0.18947780954882795,0.01882082901771659,0.2723523907615984,0.19831899851105425,0.6929445191873013,0.18850292138524705,0.4564388013491037,0.3128290439434357,0.6302475606332688,0.7348429926410948,1.699418783415864,0.6721701714889928,0.17482530357820958,0.1584304691914789,-0.029226823571260028,-0.41104733343796584,-0.8714890995128712,0.2898228763121838,-0.015334536435957885,0.1381319502611487,1.2920181797897559,0.7600346244622229
GSM1692075,-1.1827499976188955,0.47836177237382743,-0.977399014623601,0.18396723436941756,0.032370453076392525,0.30461468020009475,-0.17163110517424218,-0.002287476014687211,-0.39225260609633084,0.19360520166246406,-0.7409270797251002,-0.35125487312169423,-1.3833044768360312,-0.2781394254337793,-0.451603239415342,-0.9696290828645671,-1.033326510571495,-0.8870047649466691,-0.8380218635013245,-0.15495209335522991,-0.42706228748393743,-0.47249038169400553,-0.5924822127151641,0.24777762784675852,0.39214486834910717,0.13803043209745558,0.17708328010580424,0.622170375457579,-0.42332464127901753,-0.7313827379429179,-1.9958887614351166,-1.0470819815902832,-0.3252186574881185,0.5892777912574132,-0.010278783979085606,-0.9334648361730753,0.2113541975479699,-2.0104912629654965,-0.5895442657049791,0.15401952761988702,-1.9136715077534687,-0.5396224416898536,-0.7722214852874797,0.16829166888463107,0.12890385569145882,-0.9411965861615355,-1.4227554935146847,-0.6089677420577764,1.1930450856377515,-0.6018779314975773
GSM1692077,0.38413592797932467,0.9970440046963882,0.4086765493432728,-1.0797301114415696,-0.9018195779953456,0.3022591615733631,-0.05071111250956324,0.4568657143340791,-1.704285707898723,-1.2561621567908432,1.6615111509809855,0.21837732063515677,0.08908074565378774,-1.1426140273132188,0.4364496173984687,0.9807703400115516,0.8650244567263392,-0.2470797349102009,0.16193312556743142,-0.2258213521846485,0.049655236014697124,-0.7432682568186831,0.3095200331928444,-0.5420805850423623,0.15721494216823387,0.7496798849363511,1.0934974010016534,-0.8041556469178464,0.9168310992849303,-0.30321614652719886,0.11308237981582014,1.077796573095366,0.06248911005112202,-1.3425190840837073,1.8294802453822379,1.0865555413137098,-1.0026176930752637,0.9034438088745744,1.4284657603480377,-0.9980191922067756,1.4944501861641755,-0.5720932183149094,-1.5772156996410371,0.5548262405494656,-0.08545201356141634,0.6693488082136443,0.16946753327937722,-1.484266705488889,-0.567664124124383,-0.22006748266589013
GSM1692078,0.1967974585939942,-0.27115887995719645,-1.257202940738525,0.07189708593591844,0.8683420911967838,0.9466255082112457,-0.9858659666200718,-1.4581092866371814,-0.6148712702007464,0.0316495743932482,-1.07078414516851,0.09280871463393943,-0.954003344742192,0.9118786707828411,-0.2539680057869202,-0.7324284194332151,-0.40998299761721985,-0.979695831000857,0.3025620814622334,-0.8031922435566456,0.8574929125104258,0.2574847488088921,-0.7452505142152072,-0.7442108979936016,-0.02545659679224987,-0.22785957796766432,-0.4974870138592224,0.7550324273101874,0.41245668155701704,-0.9859209449437435,-1.2797565343167128,-0.6268539236032771,-0.5321134181693495,1.469230685133239,0.971028183668694,0.3008064871913253,0.23473521327409747,0.41696717579984216,0.21472756517775618,0.034114057563356434,-1.378182819744584,0.8014747631809478,-0.0444087086852364,-1.7838399153420996,-0.8642813852158161,-0.9813304302236457,-1.0326766401300846,0.008515819635599593,0.012935124686440386,1.0477707580592768
GSM1692079,-0.6378988409870565,-0.26616483135058633,1.45735527458966,0.20869691298164753,-1.0167927023915295,-0.36188848481657465,3.3195391140126635,0.13203116992746247,1.9255296528979564,-0.0857610556961399,1.591933094155365,-0.690150866678178,0.1721493604008118,-0.6040704885250809,1.5924402346436595,1.4855879013556421,-0.6560067788040249,0.7103134458236012,1.6350133288584412,0.7232419129125168,0.41918246211683036,2.6816489601240057,1.7953096022185997,1.5148573064437822,2.2185027064741827,1.4756165863280895,1.7742241184661154,0.40794565015127354,1.5278840707649086,1.2782542607399816,2.200829453047154,-0.3660388139807962,-0.7317899527821993,-0.60082145754349,1.55489854784942,-1.2836973327246253,3.0449752900811875,-0.898553302859219,-0.7313798096790765,2.180146105045477,1.384294315706123,0.1769382660665854,0.5492808075686753,2.0178119551811853,2.844177425254307,0.9925696739121679,-0.008113331992032098,2.822272934880132,-0.10019176166923587,-0.18841640283205818
GSM1692080,-1.0318960412363545,1.0876682228656163,-0.1720455356231795,0.5733129956808348,-0.12462970702991912,0.7077885683176084,-0.7527785609817828,-0.720231954308721,-1.7081423347575913,-1.2840258504182651,0.13399973828924128,-0.6509562711174525,-0.6878533834204279,-0.8584391650521868,0.752819303010962,-0.6657327780418822,-1.5512281341820526,-0.4178616357882873,-0.5504365359201542,1.8400447736353358,-0.9580255792794563,-0.1586034300652798,0.29816962445915357,0.2572451777456826,0.28417685148782373,-0.5981223259939458,-0.24160923996818287,-0.3483559140130004,0.6780369781669142,0.5204998078943375,-0.768490909784412,-0.07164162166807328,0.9234525447334803,-0.6936555136141389,0.09203858013534177,-0.9781571560181382,-0.2487855979439948,0.4542322157507141,-0.856955242249844,-0.19888243713477968,-0.13329519372443016,-0.30064746423640554,-0.4690000435521587,1.5847193895353018,0.7260089408431023,0.2613161453430104,0.32457203724616146,-0.7510703775880351,0.8916509373581483,-1.2019798034671036
GSM1692081,0.6630332846500289,-0.5979543290230175,0.07004491770759043,-0.7768581333564459,0.14069296172442164,-0.7390055751973307,-0.5386069692984515,0.1112795270178349,-0.06873625211445028,-1.1440370662780044,-1.1785127129133437,1.5554490111328845,2.000867057885677,0.5498445422063049,0.45218285044593637,1.1667558263417828,0.9459471141699622,2.1651192343659185,1.1532844171559709,-0.6962770699923511,2.529553945017017,0.5512779577047059,-1.1086705941194435,-2.3100255260870903,-1.9559665550367473,-0.35825001586633476,-0.8467664427283473,-0.05720178064055726,0.1591928268680722,0.8419277808289004,1.0127008247089955,1.2012883427579986,-0.06800626373496305,0.21100626872467249,-1.0558044145759016,0.667108213171825,-1.244668835846847,-1.4228316691104312,-0.5786282539271873,-1.6284724554856775,0.2461901416510322,0.19291011571760588,1.947567042962319,-0.28562020238242397,-1.086242762395529,0.9469919415907573,-0.9909550181870532,0.9979371298899332,-0.7850794610157737,0.170479758090847
GSM1692082,0.5492194709562545,0.6047630669593435,0.27015412059100447,-0.09530674071723633,-0.6874399641768887,0.5239052093330966,0.8012812630526822,-1.3531304093959484,0.34977932980547893,-0.6729832880765272,0.4469973600141287,-0.030435789462605337,-0.24089372335384973,-0.8071482469261501,-0.6550816857110072,-0.3612096692529192,0.10109690255789053,-0.36824903213528076,-0.6232896983721181,-0.13210626728797797,-0.7375335821765363,1.0304376836066975,1.0504345268397737,0.9043048560996064,0.9390889222129755,-0.6284510692792153,-0.4479130294798018,-0.2573610968084652,0.5528828956533567,-0.7723898239881332,0.33396433995236263,0.646585040018242,0.1307319431206848,-0.7587998330790652,0.3724127226221858,0.5717584833071178,0.20643069100870778,1.4434806200162498,-0.7648052740753991,0.24660147279500325,0.5626060947735836,0.356984422235746,-1.1397393372674287,0.4739515108240389,1.1768836109391176,0.3620015158251054,0.47219889056266057,0.630268832650372,0.5920615800284801,-0.06283399780603603
GSM1692083,-0.12486874536611814,-1.340346676523995,-1.0963135359072924,0.06373149132152743,2.3849452071706287,0.14637599758367376,-1.3809372534585465,-0.19349630217142744,-0.0596997370320387,0.5815950557102773,-2.3232812248284516,-0.5709444844615017,-1.2827021667291172,1.0906382566867496,0.11963443533803704,-0.6971317040085315,0.22559212927204073,-1.434344192026087,-0.4111850932520477,-0.476982744104376,1.0779737793057125,-0.06225497870244268,-2.209283708102154,-1.0616562025128278,-1.188493317532644,-1.0581325878662142,-1.609520624386055,1.6347502262892621,-0.6306803825549955,-0.7643037310477967,-2.1309522849072313,-1.3744117042066495,-0.9197525998555839,2.222040417099724,-0.04834194025321055,-0.4766489133554601,-0.2203649330010409,-0.8530552434040463,-0.9409398015670519,-1.0518277405043097,-2.0357715846625317,-0.10261924876971412,-0.39743539578070325,-1.4018895598025907,-1.4228728648202031,-2.2003334049407615,-1.758577425396934,-0.14340210626005118,0.3148964795251438,1.0174906353823985
GSM1692084,0.7064620426873857,-1.11177877529866,-0.62336235490656,0.5565068899153018,0.14845816355233518,-0.09816326794950389,-0.8500011520554183,1.1591083683225196,0.9422290431692301,0.43289890417987825,-0.17334930647110494,-1.3396866893136214,-0.5286721782600798,0.6503981836385212,-1.3787212851250559,-0.7513286396907416,-1.0122752049793045,-0.5816014296078523,0.3706081373031329,-0.09402020904382379,-0.4067169926898864,0.14645244000857505,-1.200249257296638,0.757710150417465,-0.05814658063657847,-0.6011361884891449,-0.6107249431725987,-0.16162025163010366,-0.3705799913156093,-0.09402164749021485,-0.18875575025046543,-1.2051842090971674,-1.6450557628776765,0.5698457390990697,-0.6493689785830119,-0.36713975616415934,-0.8401871848308555,-1.0966402620527795,0.7957107747646525,0.8510180745247555,0.07959106872778543,0.8565963066749078,0.9399928234541116,-1.1833916186500222,-0.43997828035356684,-0.6803065531934234,0.19927723127633581,0.0071560679825915675,-1.2176672530658008,-0.14690999398544483
GSM1692085,0.12569699267825157,0.43305580523395765,-2.407671782666063,0.17454828351503776,2.10485415412644,1.2699576611670103,-0.5315517573464638,-0.1750182382512411,0.18815146622210044,0.25604720719964236,-1.2917164079670367,0.10839475234268658,-1.3325172306907564,0.7992412401040744,-0.06915711313078873,-1.8349609089226473,-0.23726201130505586,-1.52751333715474,-0.05434180303754457,-0.965228401597683,-0.5610265104196934,-0.28936764546508054,-0.5697953878073562,-0.9904758397289778,0.018152279046520635,-0.5558206576759036,-0.7442130476511605,0.8391441093751943,-1.7067911882571853,-0.4393664942399912,-2.1448159937347184,-0.6153453910680391,1.174822359709224,1.840704953201674,0.8363270458344582,0.30113357276526337,0.15246919080955132,0.561878952217643,-0.235351816306913,-0.9016374380857288,-2.9109716642883807,0.7091772214812313,-0.8569870545060023,-1.7179257991503747,-1.4155084053180933,-0.5068016459357985,-1.3678260185732265,-0.33196785233613163,1.6608847816411025,-0.33611521340489026
GSM1692086,0.4948516593977606,-1.598388823231873,1.1617931419050609,0.9602353159220606,1.1870944734078166,-0.5088419972735665,0.37982205731877927,-0.038826404860190865,3.5182907368262253,1.5166634798556533,0.33112861238610575,-1.4919860076654072,-0.7856333746125932,1.316729847123168,0.3701965580912746,1.2028045005186179,0.04073928675139778,-0.783629048239659,1.1579804056481076,0.939800814646716,-0.7234886736889589,0.4950359319001407,0.296133777776905,1.0397826375534693,-0.18631444744138626,-1.2166274847762977,-1.2249056220789092,0.5361348039282745,-0.5631053519536194,0.6641987992186104,1.3270968326741501,-1.4158694436833221,-1.6126128234901156,1.0352108151405643,-0.9538786258929368,-0.4859707559934801,0.11532189534711786,-0.530386794353105,0.1805701924489719,1.4275214974149861,1.0315246732638899,0.7298905111324814,-0.13458219493070392,0.38292164638226245,-0.7099982695838679,-1.3619743482820232,1.5692013288526565,-0.16717140747385906,-1.5103813985869514,-0.14213814072875416
GSM1692087,-0.6327742544536236,-0.36625901531003097,-0.9761806064858081,-0.537650832359504,-0.18362496974816547,-0.13929406814302145,-0.5615177500383377,0.2077248628596866,-1.086150339625975,-0.21487447765887502,-0.5758160001332876,-0.7942524596694245,-1.0331589165877941,-0.1394704719160968,-0.910038886332301,-0.8849200903828165,-0.3397129120315755,-0.8828112897244685,-0.681004588121122,-1.4418923581012206,-0.027186325524751212,-0.11594734810740971,-0.8827970179386498,-0.14683550324527392,-0.2563357756687786,-0.12315282023201138,-0.17268715641908317,0.722189670971594,0.3728099274092927,-0.6780949866710146,-1.6668347403397212,-0.6133428547408454,-0.6313044995061853,0.7018825459691954,-0.04336021886189681,-0.5283770367326499,-0.9114495093318113,0.09834230381995751,-0.6782931239460784,-0.05317207218022919,-1.1438269831321661,0.11873788134107743,-0.7181969186836293,-0.8054933347781933,-0.49829106233881737,-1.5604488313855156,-0.8370826670188579,-0.46360189781601635,0.3116881401949549,-0.8801313093550636
GSM1692088,-0.17094897546215043,-1.6548246209689583,-0.2820579330005349,-1.0296239379477536,1.2893355613428588,2.0557114325176635,-0.9879369943744538,-0.009585011697964423,-0.2095069118930393,0.3220131618535108,-1.5283017422522398,-1.3930475462600174,-1.0541150795160634,1.0414293924705194,-0.01799056618099376,-0.7255366082219111,-0.4592566229542205,-0.06605312798751016,0.5819453499130083,0.8995596124892865,2.0044010478830905,1.7788356099302365,-1.301928661508765,-0.4234093470737374,-1.1426243101200368,-0.6233697589669689,-1.17188158577378,1.921115440509915,0.5662446744316946,0.4902115527548888,-0.6506266342207787,-1.77586990665311,-1.2473855105619711,1.6201709268976536,-0.5459502304311706,-1.726358044704765,0.6366534356522541,-0.5113839785697216,-0.5856277586770743,0.24562571070563963,-0.8061721424158246,-0.040165766715477835,1.3309350367474198,-0.1506126866461734,-0.948589573500913,-1.4447810478105871,-0.12457660443360337,0.10293956865618417,-0.3950172189261012,1.5260727644525314
GSM1692089,-0.5090559716534483,1.0133541017916916,-0.6412177923759668,0.29712698478162985,0.6246542144840863,0.8785884925948351,0.4390368835782285,-1.139513567549052,-1.153087999439749,-0.19143623215571343,0.24129564623480967,0.28035535737739237,-0.41286833672587503,-0.017158768706990978,0.186274394272861,-0.5657681173366351,0.17210956555606174,-0.33795932365852616,-1.3632635238099133,-1.2462474131589494,-0.21549346981496217,-0.38732124257830847,0.39050696530346024,-0.6491982447568606,0.06018488410864424,0.2900416670184548,0.41573537321673604,0.4712170409734678,-0.7251851784082289,-0.35670960911900285,-1.0758028872121679,0.12973064993816338,0.5509171682722035,0.16649514656663125,1.616419768093107,-0.3865019835265288,-0.5443869370038098,0.8456210271697735,-0.3597408618904566,-0.3206259401920397,-0.9434063572818543,-0.8943119000303261,-0.56571995817117,0.31392577199281596,-0.2772693378738802,-0.1262253560718533,0.4957728817932154,-0.4440506809664885,1.598205623138218,-0.5699675035727623
GSM1692090,0.37546372059399863,-0.813904255516189,-0.13671003405551785,0.06550221403497426,-0.23616251304020086,-1.061874659297198,-0.7664733453129573,-0.16932752551219896,0.6200140932903877,0.45414863984450693,0.06610799350023122,-1.2519770826537457,-0.8263517248877591,-0.4221499092598339,-0.3553000197158119,0.09121677011567296,-0.22699297679892705,-0.7982532603950965,0.003397062691015439,1.2279899103452168,-0.35181031570794574,0.5459307121482466,-0.17372335038520847,0.6338791695308195,-0.09312138545752778,-0.596935878590442,-0.513279466058443,-0.7818589513906836,0.10655011589758856,0.35259303956246435,0.05972735879024854,-0.6393292641732364,-0.7987700259529599,-0.26975239279954916,-0.35483447501008714,-0.19701140105373724,-0.6153294227576444,-1.0357229627280742,-0.34705045636111925,-0.18526920998132526,0.09183988548887605,0.11613938566482462,-0.3917384029358466,1.0075965868064827,-0.060313159252762864,0.5601026236629261,-0.4775854091411721,0.07243136437290987,-0.5269628661228282,-0.4079553938456227
GSM1692091,0.29764580200720436,-0.0832693552386344,0.25731865094923334,-0.33702299612487896,0.2960662400674634,0.1006832839574294,0.26914423294953776,-1.037866532041532,0.36578921463702346,0.23553866335440085,0.8055301876905508,-0.08755112128064131,0.3360514517944969,0.43531029708327523,-0.15177794266640585,0.830050807723747,-0.08060838361106908,0.5030254043983143,-0.138555054971167,0.5787115575179835,1.8692375698321826,0.2809394409217005,0.5397446312102788,0.4282456538660656,0.5572404110055713,1.8193743519396037,1.6450264083805426,1.5117643131758576,0.9155494587546614,0.9560274152432893,0.7515846527346559,-0.1993198200781938,0.09309441493699991,-0.013325285311574692,-0.9178548576286477,-0.5160295666683294,0.14673115521530306,-0.7679369269768498,-0.7272825183801276,0.3341958187151074,0.5557660482201926,0.867905901944574,0.425182738953104,0.7768136625483191,0.431764104941552,0.28196280080692493,0.6757734507612949,0.6984099946658792,0.012283638546056984,0.8060509348377778
GSM1692092,-0.555660863694238,-1.3301036243562476,-0.7735268892539678,1.695930179238027,2.4750135829915525,1.9695228731582288,0.09864131107858175,-0.6975328811924544,0.22822913058008887,1.4837941038883196,-1.0654059743747504,-1.5792258743146697,-1.970936114476882,1.575774272755035,2.2487068791365523,0.3599227115604,-0.7439519370698412,-0.9114501942375872,0.2871906665796814,2.172350672492353,0.5493233074016735,1.6495077015395556,-0.4204659537650461,0.29154987845438596,0.32673965107744984,-0.6033284516274325,-0.7813674719036684,1.9458875561697764,-0.44580809620837963,0.6142858869758219,-1.6824494200580515,-2.373254134780948,-1.0445895635956555,1.6119081442550927,1.0511589434193669,-2.2162713600607127,1.9272528007093777,-1.3087663741123463,-0.03530200439076151,1.2848427598490857,-1.5537632680636204,0.35568972163147017,-0.3965428208177502,-0.04235579268417321,0.2758236323766405,-1.129537503586255,0.9591684066031596,0.6863798397860018,1.4948924776783963,1.1870152724733176
GSM1692093,-0.13805121688429878,1.0064319180235748,0.7031079291739196,0.4094117033611676,0.31327455195020076,0.7116675961726785,0.4850558815862699,0.42864845202433266,-0.7648792993843668,-0.12765116750670125,0.8402709942817184,0.7004027012992179,0.17522843731567103,0.3808100723393861,-1.2303804755176153,-0.9576401759112854,-0.31921249024515846,-0.3803032930087027,-0.41435806945428966,-1.425643291296839,-0.7446692821447746,-1.1246529907590117,-0.34489318087237514,0.5742544767483222,0.5691900722474718,-0.3420924410755525,-0.07048443146420343,-1.1224208441371257,-0.34113741018446037,0.08560663084803956,-0.18758599538811496,0.3764152196565991,0.057331290025332264,-0.028361175025560136,0.5173528103392152,0.23543429399926008,0.6029777234784666,-0.30400585209782516,-0.6695459032433412,0.21499440546715548,-0.10995206210999153,0.7907947433575097,-0.09876164979389869,-0.6021925636932126,-0.05877214938483343,0.09814177757325677,0.4397416424365411,0.008692699519713526,0.754316624666762,-0.5742113654660654
GSM1692094,0.20752305218908132,0.002578621875782904,1.205757185157177,0.7347641950066719,0.8272981321995972,0.8808523320272443,0.7036106297324973,-0.05632897149474928,-0.5554188112821988,0.057046989824209006,-0.431759051631172,-0.22805496572969483,-0.24996632308742403,0.3660165124333107,0.7775327895714039,0.2937454375138204,-0.19956994606128245,-0.19662035743972495,0.12310581968840689,1.2942007841670478,0.3701928562446586,0.3177912513599187,0.1651743940728378,0.20864505235717185,0.2506877694974721,-0.48318986022777155,-0.4401595437640252,0.5114341082768168,0.516370983313954,-0.011068295974237039,-0.05193375058635086,-0.1765019088338141,0.2640249502539461,0.7782938058812928,-0.18664809934675777,-0.25704104654273774,-0.21596828215357075,0.6686518902104278,0.222074836718081,0.2522732928792427,-0.006695706546575035,-0.1624378627361039,-0.6842708402131794,-0.108162287797337,0.011194712757732367,0.9097271515898312,0.14715152670791987,0.6568986304509719,1.4666539172546267,0.6205182734821393
GSM1692095,0.5092754779753642,0.5138220451658709,-2.389299344281715,0.2786689354143371,0.6472033316952702,1.0324541747016396,-0.505188974468794,-1.1101979015586216,0.004647163325392431,0.045582650177384755,-1.012350128185714,0.2580758527343148,-1.1647264618282616,-0.024840635400094173,-0.3072743314702026,-1.3420259990048926,-1.1470351878321,-1.0265815559913467,-0.2954078538069997,-0.4364664272393339,-1.4198051818172466,0.21130416764792434,-0.5218811474173528,-0.6733511782251289,0.273812404996775,0.11503360429549142,-0.01341702634705484,0.888636935140218,-1.1168427893654844,-0.7545950523193313,-1.5681841998104669,-0.9294273257502498,-0.38777143729452984,0.5302908774259376,1.9300129050385306,0.2651654238359078,1.592513529505959,-0.9032719869540509,-1.0080761355508208,-2.4632257179070756,-2.5025177374385295,0.41635836301999646,-0.4334998927457959,-0.26446851538773364,0.015799276387318754,-0.15851909541306364,-0.9504163965644341,0.14248477711348465,0.6831333594026827,-0.362647015790713
GSM1692096,-1.2761750537425522,-0.49684745782080314,0.42115348415523796,-0.3391154041861493,-0.7495602345506618,-0.5098391858282726,-1.2412614295433686,-0.9583791895809307,-0.8058456075624517,-0.5466636754010639,-0.29338142114976473,-0.8150153769600694,-1.077989402196263,-0.7348176905324667,-1.3705276260820538,-1.5622071703647744,-1.7538016440875486,-0.8489268273888553,-0.8922286547798194,0.8422346939873785,-1.3500467926314659,-0.5480511370876414,-1.58901377848308,-0.12666107435888785,-0.6958559093177055,-0.565947074309353,-0.6728566097812672,-0.44058684831993244,-0.4261816564363462,-0.0016890874631586448,-1.6316673010424814,-1.2246510924671108,-1.4956349490758123,-0.6251390121073819,1.1245315633593198,-1.8058349725062197,1.6603638759772081,-0.9467426272430939,0.24900172716833655,0.13566939870761832,0.248393073716454,-2.145740032324569,-0.24810021758507533,0.567728120427491,-0.12265285965567402,-1.8087950246282214,0.5297479387316154,-1.6063994995544917,0.07130446283691678,-1.013103142703937
GSM1692097,-0.21037806560473726,0.14400932192793026,-0.2810664478679996,0.38464640989959453,-0.3709352944330284,-1.1556356444387876,0.0962182219418022,-1.059926601513799,0.9429793924650313,0.23885242421246597,-0.057572119043172755,-0.7691959806053488,-0.32964758726367516,0.1507641100879424,0.7141113993534491,0.4377721362699688,-0.284641566964075,-0.178762158822381,0.06956983925201995,0.023625016490722024,-0.4017495579604687,0.5686241910586999,0.9878674984119076,0.17398910869119116,0.7962286995302754,-0.814404849067978,-0.580431835793878,0.10467590401219319,0.27996331666260654,0.11421525996571666,0.13614249361771721,-0.31531352991210987,-0.9057443781684701,0.04784336263163487,-0.4469698950649967,-0.16488943346354287,-0.4007903397827431,-0.4189876860364615,-1.2939893895124295,0.16851928636857755,-0.25322916966099374,-0.11279534338192797,-0.2748688385975564,0.7063175934391932,0.24365061371897076,-0.31528539650093707,0.4401991278388144,0.3153606350450958,-0.6618217944972924,-0.7455061161394626
GSM1692098,-1.433047079431097,0.4557327546759361,-1.8428531868547748,-0.9055320813582732,-0.12084307846435424,0.2350737874346998,-0.42240244376885383,-0.9799592002300042,-0.29203901257352316,-0.25717665108454013,-1.5436912498690345,-0.7304570877442963,-1.5953378444682145,0.08290204324621145,-0.24298060091750445,-1.4695701940465455,-1.7570871146154368,-1.2152247974707995,-0.8870055737074567,-0.05636798013895324,-1.0934237435418257,0.1001980844253347,-1.604077219778987,-0.15663825084641744,-0.8633909068657915,-0.3881995171482488,-0.5904818580691317,1.022836799070507,-0.6147829913816935,-0.44806273291137827,-2.114135784399983,-1.2299507534319227,-0.9520407172368104,-0.010539867220388272,0.7261149161745191,-0.8679812746928598,0.3753192659936886,0.9112893417587644,-0.5227552602748905,-1.3187668505992818,-1.6888749290410963,-0.6204070716847074,-0.49047071455322605,0.7417959268331085,-0.06442016367008681,-0.9920642933348838,0.013729270640832425,-0.01216198565987871,-0.09131907097030507,-1.0749446677269023
GSM1692099,-2.8985465778642117,0.19215508960904348,-0.8932979030746562,0.8954209319411368,1.3829152937159057,-0.41349434286694897,2.887806785387949,-3.3540428399936895,1.0484493861950186,2.6402060488535546,2.9638573654016205,-2.058058058518961,-1.5405172528099749,1.0572645124811018,0.44576024701593636,0.7053504792865313,-2.224923021918429,-1.274024071413959,-2.7942789545198794,0.9015046529201105,-0.12115011648937805,-0.7725332475367356,2.5808036945674653,2.4706970278528106,4.115334283454394,3.296844717645617,3.4649857155622477,1.974455604998549,2.272829496331925,-0.4770805249911294,-0.5856937991876113,-1.8955034979318626,-2.19250286599215,1.5330067461012036,0.06745926447406009,-1.9559325845135789,-0.5005150965656341,-1.7936382410678389,-3.4372382149850886,1.5046558639823215,-0.5909521733264358,-1.75489822574861,-0.19155861093107407,0.466620349976691,4.0215957632935595,-0.2274842173962664,0.5400830095119327,0.6837053498496752,-2.2103378708958994,-1.1038814940212593
GSM1692100,0.6578976752210489,-1.2482884456786292,0.1606077412597113,0.0005673439544308586,0.9502370175711474,0.31195879143602184,0.3993700473132369,-0.49189115536693323,0.469083545543701,1.080543051800006,-0.8452711306124843,-0.9910012598059789,0.048613127636774646,1.2206758264266901,0.49778391668104205,0.4418406312090616,0.49732246332067115,0.27750475176621525,0.6642537170888507,0.36905504138157363,1.279017683316181,1.553832607347446,0.23976624128243823,0.696823592682103,-0.1960055478156293,-0.6470469715453133,-0.7679974101380609,0.7665204202731192,0.5292947779731461,0.7032087095033684,0.6903506664770975,-0.47254217617696004,-0.6558871810791564,0.9721417458002868,-0.062814625418096,-0.12596814405391424,-0.22010765744834973,-0.6989104207959367,-0.8552827490666479,1.1570195522511166,0.07718959090361334,1.4292497680548633,0.2765636696117657,0.025458948048157126,-0.40890364573415394,-0.9082146057168006,0.15412960697782427,1.0375254895806085,-0.5746735181589545,1.4824689066362615
GSM1692101,-0.9383689395402782,1.5800464145257587,1.076568107019175,0.8418042301739471,0.6924251076928417,0.785974004671145,1.8420040331146597,-0.10229221528253647,-0.6098521497530878,0.7724412687847464,3.13674033413461,-0.5886576325219725,-0.14460082570834074,0.8934218186950837,0.3711063029929358,0.43868876427700376,-0.08283680477862598,0.02065111839624248,-0.969739247619491,0.11326236479925929,-1.2291312922586886,-1.4583868889489022,1.695234781613635,1.4671564511167228,2.2821941755859245,2.825815607068716,3.0618248384749682,0.4889644228958785,0.3617722113598083,-0.09249769719724484,-0.18463758092887475,0.1834715118930002,-0.08889973542366021,-0.07203489218992126,1.7461570116116831,-0.31751670327117404,0.4220792647606221,1.0306146275168129,0.3660775014695717,0.13989462789840088,1.1788599555749781,-1.1026565039343073,-1.3059869028395175,1.2663547120983363,1.1006080216981455,0.018949188432366093,2.3359053235659153,-1.7935750586146,0.9287128329662042,-1.2842785337919846
GSM1692102,-0.4328543071103778,0.8917055601493811,-1.2011972599150347,-0.18655859269042374,-0.07923503233351807,-0.4102790704494537,-0.5282976010702732,-0.452619012053877,-1.1916601906482003,-0.46964447886646526,0.009466160219843594,0.6863877015075021,-0.14444285209541233,-0.20863716073761743,0.07640815555976505,-0.1458413534145869,-0.7634767404505304,-0.9072341052952831,-0.9915289526241976,-0.929948625076974,0.2081269939302827,-1.1782541836770875,0.5983020601494653,-0.9518772806765874,-0.4562690708713377,0.0639110802487547,0.046051475368188675,-0.13916367469264593,-0.2597094796883006,-1.7154001670074963,-0.9280677072278112,0.5772356802024955,0.529809253333992,0.22456218291244232,1.1223046854056684,0.5455721649308943,-0.650487078538876,0.7098484003740386,-0.9784324436307923,-0.917183341076488,-0.904252889684042,-0.4468785889767149,-0.7021439611948601,-0.03981259939096632,-0.23103864372697328,-0.6693259523160078,-0.5327490883338118,-0.2564821223660512,0.15996205731051583,-0.4241410365617087
GSM1692103,1.717842981292529,-1.246204565859154,-0.3117111645257276,0.5276081898679198,0.377585190807983,-0.9686971149672353,-1.2534701410609546,-0.41109631960790133,1.0626108678257815,0.10797060955327716,-0.9521983637184777,-0.895365250218859,-0.21550202993338022,0.46394293786549534,-1.647230768706395,0.04235343635388019,2.328815710764578,-0.2870610925035416,0.905512711363395,0.16419186256450063,-0.6942409765035468,-0.37170895156769573,-1.235820955248303,-0.2146865259444468,-0.9886787477548359,-1.0708519674439347,-1.2565469137644751,-0.5197771159347331,-1.2386032405830552,-0.16288203579727942,0.4624518133788828,-0.1824765264934908,-0.8870247941541157,-0.5941837693004194,-1.2839265157533186,1.1409020582339715,-0.7160417116756315,1.047581400300034,2.037617513290255,0.7655808024896835,0.8314539640381277,0.8183288224591123,0.7101083607092157,-0.6347883548292774,-1.5833107383879026,-0.2641506701455295,-0.043785019911932795,-0.658732948400876,-0.688746957176553,0.19115289395123272
GSM1692104,-0.5497790162886909,1.127652375094273,-1.006707148854001,-0.5077328292307113,0.8314117143670892,0.6696414487072196,-0.8837025001252029,-0.21547821398909922,-1.4627569141901282,-0.5640101482929729,-0.5741432399812111,0.7939763593888463,-0.14678952402814988,-1.0622549259405893,0.2707206804611325,-1.4533805388912326,-0.008254441016814818,-0.49747445486518527,-1.0082839380843243,-0.15884303618751586,-1.0213575501663714,-1.6572391684022063,0.26811697548185287,-0.7386795042186245,-0.2647628496801729,-0.37731300996763695,-0.3612339286312108,-0.8152227769405045,-0.9393878473371454,-0.27009441401620626,-0.5867210177967594,0.8532629927591233,1.6379157558680497,-0.23824407940911757,0.9511427620626761,0.6992833780232347,-0.18738252729073632,0.640885625061797,0.7815240839113841,-0.6673482418813201,-1.3608979716119125,-0.48867844325493404,-1.0544408658971307,-0.7447114682496005,-0.6361836541221534,0.5414838887486554,-0.5719574160259411,-0.4385396899441818,2.0308325209690046,-0.34502857718362495
GSM1692105,0.06921375275259475,0.3312611327290063,-1.4579461993209,0.6370049097984357,0.5531685178126328,-0.8128066700757504,-0.9198491755966196,-0.4698214057837593,-0.5171000444962011,-0.07277316138778832,-0.8633757626760633,1.2470468428079369,0.15978208398602955,0.30264292819891797,-0.9364489121507551,0.05963242035332445,-0.4852608850745146,-0.0907526451335634,-0.20909381456716908,-0.9563346135097754,1.0137382596261721,-0.8673497461289186,-0.37168133937087355,-1.53083060609893,-1.1146275398537195,-0.49987543563932035,-0.5208136012737967,-0.1802238791065545,0.21200113382930796,-1.038447070181396,-0.18045374078686682,0.6905937487192179,0.6031373607278868,0.46329253961549605,-0.11317364128570016,1.1550227574093666,-0.7083376079051797,-1.0397400770128102,-1.6070195496104305,-0.9283649897333348,-1.0374093110720652,0.5205550920393558,-0.22175028829795307,-1.9726362140941514,-1.106642201667308,0.523392386798982,-2.036067101099288,0.963549919483822,-0.1470001711419324,0.8921062398606738
GSM1692106,0.1949050319696,0.4869062774014693,0.6551290450196746,0.43612269263550035,-0.027526128816606012,1.0708580211090035,0.3056577446604591,-0.3154487995075868,-0.9729839136103786,-0.1710180561765268,0.39483409011879905,-0.5111841077087977,-0.4436746293374336,-0.07814481477398755,0.8234334285075781,-0.10280038277378122,0.001480397508340945,-0.08629485815247734,-0.47557076117510694,0.9011089696897012,0.48924978628197746,0.8530079303187407,0.5665828438425009,0.15194484959892615,0.40903963901167045,-0.3725969319875386,-0.26391921983606953,-1.0459600889164475,1.368792702759892,0.3459332413458968,-0.47646490772689665,-0.13749509528872697,-0.1406134611071706,0.10081048490542055,0.9583049986620197,-0.7306736786833125,0.050863840566391406,0.33303811982996057,0.25337382883891013,0.5055596821474352,0.43062575272722026,-0.4492370785193199,-0.031231120105500856,1.4680826080582343,0.42010033227997173,-0.9714731891854417,0.3581144274225646,-0.8219865378239107,1.0666063073614958,0.5841512479421533
GSM1692107,-0.0514923919235411,0.5527959590444962,2.567490181395026,1.2958916444087132,-0.024579099686490205,0.9265470078686352,0.6100903208301484,1.8018399002794578,-0.4226966693395305,0.6020178109017008,1.5968065018050637,-0.6126927833600286,0.47345484102571245,1.129201433779362,0.5718534325417527,0.44316029271776625,-0.004391137890525076,0.386212022202212,0.21029325459269146,0.7447632426238295,-0.17918258184724675,0.5209848258274971,0.6931184944451609,0.8544846836713914,-0.32152770051620355,-0.9271650738402083,-0.5429957826641513,-0.92395712332126,0.2712244607575932,1.0730855376081434,0.7037333050025002,0.11692427099518865,-0.12666185230251062,0.28613513246972533,-0.4049959376660576,-0.592617523126631,0.17027943554065947,0.2579154859646549,0.693055033352578,1.0222981574912562,1.4029594596904922,0.8146003457828981,0.2286051125539412,1.0188296198186517,-0.18517495668244985,0.36376762597698575,2.1346138459166246,-1.1339943784356015,0.17958209753307341,0.35041788559662457
GSM1692108,1.1167300675797374,0.9037647029871837,1.4664339093638517,1.6622418934230676,-0.23513573043378208,0.7928480143293517,3.1740845373112148,-0.18668164037108664,0.7110125684764839,-0.2076422289939973,1.4238587805368554,1.2443329973532489,2.2840860803790357,1.1267667187522246,0.6371837946727724,2.361184767280276,0.8280018180184308,2.3471573975160696,2.003596910542274,-0.22166117863872947,-0.13667514477298603,1.3908170279524266,1.9388474318764382,0.8789621729118385,1.252886319601535,-0.19774683576890756,0.17042698911940848,-1.4356196392061655,1.5258141963520302,1.248390489150237,2.9818982774609952,1.962997800441286,1.6275981056514204,-0.4610624073539529,-2.330578101584861,1.5539015701634886,1.1743522164831923,1.4403698090542183,0.2164479953422957,-0.24412960439013634,1.2908703191117756,1.3223136985208508,1.9160471859015955,-0.17332047200615078,2.0988005974481636,3.9155016214265554,-0.6589834584118678,3.545222938416655,0.09764081748703776,0.08007033997493603
GSM1692109,0.12274432953421359,0.6096740620146717,-0.7934287895621097,0.8898475370612584,0.08217914787662146,0.6058840233222962,0.3091501800111846,-0.9470975013804054,-0.6094067526765145,-0.020638591631921208,0.03715997412877241,0.5113888323302301,0.10065609225877271,-0.2840295480797225,1.5486819750523937,0.5308110055211522,0.849125397855197,0.1323999954708951,-1.1246748682503933,-0.8094849131859826,1.6100880306513967,-0.03867455830975091,1.0564014884192376,-1.9220148094417193,-0.8308889254582754,0.07515663320798134,0.061423799995978745,-0.10770723661703763,1.1505770670031823,-0.9310767477141629,0.34728575003036544,1.0632642037815299,0.9673639862179433,0.46623402507161776,0.07415710224189882,0.38994877578236936,-0.8200058104738949,0.43556579165782133,-0.7022427696726206,-2.2668382618644243,-0.2585291323967701,0.10083833741216201,-0.23336031442419275,0.09702398819035002,-0.33050710962965874,0.695471504153467,0.03972893479079622,1.0063129790976717,-0.5020088893549833,0.753369773012379
GSM1692110,0.015505312657483141,0.21443903423140956,0.2955134781219642,1.233224987338694,0.46927457827427066,0.7371828741908155,0.7019866903565847,-0.20875916831831517,-0.22028477197532093,0.4019110036346105,0.5024577223896797,-0.7983977725487612,-0.7394661375236882,0.5733162126454561,0.7305514556493494,0.3356256230655608,-0.20896472861266602,-0.3079169908937622,0.37765316789083375,-0.45355502407977943,0.365124103184895,1.212011483288924,0.4182665006306547,0.34731735836640226,0.9666137166610047,-0.5908784779151625,-0.34729794748754467,0.38879206574108766,1.0899140420131197,0.4226405290335129,-0.5411556562448208,-0.7251272385173592,-0.8081398741930969,0.5540268070437141,-0.880897493686628,-1.0247347093369934,0.13803283030836314,-0.8407324764398271,-0.36054591725891627,1.371435061056577,-0.1932924894648133,0.5170114440987378,0.5818661644033575,0.5605529478447222,0.686824757998613,-0.38128610038597144,-0.3665271153153138,0.07027740473858582,0.6622430716109651,-0.2710018759030273
GSM1692111,1.630705000922004,-2.5417297528607645,0.13891301418141175,-0.6330904972941085,0.7250557377112403,0.7265670111977268,-1.409277885389748,-0.13366650749096387,0.7433517847638137,0.33055330927106796,-1.75844296286185,-0.7135363934326612,-0.3043933909968885,0.6623451842313796,0.6773046321302665,0.7892235039848046,1.4224797058931307,0.008842166608800427,0.27835040207988965,0.10788456798327721,2.7616171645082965,1.4508821064441277,-0.7918882251940539,-0.5940960079011751,-1.3219388524816587,-1.0027587188550997,-1.4666746699888742,1.2648022011620026,0.2961050920780397,0.5171259337478373,0.6708769710777341,-0.6258937469455856,-0.5841117402485504,1.0330524788311535,-0.593809925711827,-0.030021724451522395,0.8230373624159112,-1.512023875310044,-0.26191905350126227,1.1102578590923684,0.7076864814499705,0.5877773950911878,0.29289933915391425,0.1694105598526942,-0.3536471066753596,0.24040723385283128,0.06160548106103779,1.1499490833600436,-1.0496301517138253,2.378679190538386
GSM1692112,1.15774053246386,-0.9636492578229383,1.3607310225755325,1.1618110980317071,-1.0043717566854655,0.01558324206432193,0.3208000060990997,2.167911051390028,1.0181794456759672,0.1701200684624191,0.7161722589925972,0.13924616162015194,1.1834689096787008,-0.1851092201296502,0.22493579162477775,0.4421175358772683,1.0572444690053102,1.454176445580875,1.4488980455218028,0.8184015658067847,-0.4005640106625509,1.8645409396972428,0.37534322181556734,0.777624988427711,-0.014047812049521703,-0.36979720824975876,-0.4079231538845267,-0.41495218916475196,0.10336564018757145,2.10856789173203,0.801701361504868,0.1167189428741785,-0.3779371206037262,-0.6352921640522455,1.7131017411040623,0.33213816759959613,0.420495758853401,-0.2750057211960967,1.0608760949953384,-0.05432224286431128,1.7959229549828601,0.45731810456415095,1.4434511124364098,1.5862681619396717,0.30458261639247,-0.27080537138821065,2.1219778732931998,0.28484542482409414,-0.055721351344360605,1.2864030121506833
GSM1692114,0.7282274563419511,-0.3214055461665782,0.09545576206515555,0.370642726376086,-0.24744592191043357,-0.10003123199082938,-0.2509287855317153,1.3975370633619757,0.1158767186305031,0.11587517916408734,0.27659231424970343,-0.6363948873921492,-0.06352701770306607,-0.08273283067381296,-0.07575526302943984,-0.8862869592210428,-0.9393091210498828,-0.04458900334349375,0.1421412676514398,0.8924379973779005,-0.3640816492658013,0.6208162598945001,-0.9493423715932027,0.5950610000101465,-0.15552211249741196,-0.7997749078867485,-0.7809756804011604,-1.2488113790115782,-0.5909393126786701,0.8208070807874549,-0.1118835436542511,-0.5350742493920719,-0.441223209614116,0.028096283845335215,-0.5311655314325786,-0.44351144782183455,0.02748320907562984,-0.1297477729202148,1.0841018275898875,1.2067898780931956,0.3681772016139482,0.45904687548631806,-0.22152953532566722,0.9389875689551184,-0.1810601083309265,-0.4693073400480823,0.14341378350196185,0.3155574496326102,0.4889463171923367,-0.49283509171714257
GSM1692115,0.3366770541755605,-1.5725445750811147,0.5795741879201217,1.5973689720029045,0.9537422180949023,-0.11281496453304793,-0.1139014447324591,0.2936852224854053,0.9160929520220178,1.8571889331951852,-0.8446637461993426,-0.6751646522501309,0.35569580025609315,1.549800329569992,0.08347341299762107,0.9940699178133197,0.4802873666390305,0.6955217124509732,0.731114955387499,-1.2857204516689333,2.062410473569132,0.7593830311087886,0.09746525995386408,0.025190071787305934,-0.24364466167282697,-0.8752360139150053,-1.0421938557681976,0.5251139836945885,0.9185203231028615,0.6313815544528198,0.5472592520836806,-0.4673130744692946,-0.6615812686956623,1.1139782422492537,-2.150043028401109,-0.8000705324429692,-1.1869713874229446,-0.584086299891139,-0.6963395541666089,0.35881715655477614,-0.36215507651850526,1.690067194064628,0.8811260946692608,-0.7324768639883452,0.0046533712885392965,-0.722658114049861,0.2805910602115404,1.0222498632037558,-1.5172677671130008,1.241171016162593
GSM1692116,-1.818870081225215,0.826532231087143,-2.025316403872437,-0.7623198559842858,-1.172280753700954,-0.505177318182396,-1.2603687426908046,-1.7140439276902848,-1.5541376205767856,-1.4549331590531633,-0.769869683905159,0.8438791919338374,-0.1770507310313915,-1.6342185307721209,-1.6775398197446079,-2.520546347585772,-1.7148458878548827,-1.022698978537857,-1.5890509287279948,-1.6657130357893302,-1.4733611296185645,-1.8139884051752284,-0.18283789872808376,-1.372796486735145,-0.6188244526830285,-0.334432778632415,-0.2159924711253723,-0.30297252516161116,-0.3832409887577017,-1.4762026769288765,-1.5139461487617036,0.2530237046562513,0.7389762015541671,-1.0477218284695584,0.5137533457601914,-0.09458352898113155,-1.6529841594817924,-1.1302098109497871,-1.5465605483676872,-2.684551856270967,-0.6243920580239037,-0.6597284533271532,-0.22167642732254966,-0.8913983370458057,-0.21664301440334938,-0.6983170802560767,-1.22412446185421,-1.2615073077279755,-0.04995998898418667,-1.8742781446205727
GSM1692117,0.6148102940601997,-1.7870548091625647,0.8280569568561261,-0.04735173709672627,-0.3991145904475681,-0.21537408474337139,-0.311690851369268,1.979704995076456,1.3567921805776642,0.9348524750746776,-0.3773830249292773,-1.6290643709520938,-0.5886373377878389,-0.0655519677034302,-0.1941208393932474,-0.03657740366970599,-0.5761492277899913,-0.43924192914663773,0.6943821314715879,0.06330984422028127,0.25290667734204064,1.1964659900676342,-0.0373553209904747,1.0462654047183741,-0.7765690415207674,-1.125098355985453,-1.1251995058525028,-0.5488745746866419,-0.5236572307266925,0.48527519813899045,0.4022180793743006,-1.4945662202120213,-1.8984556824912833,-0.1841278288426745,-0.021360331516520212,-0.12232604901114469,-0.6291415977361658,-0.25118004433814217,0.7532465571746112,1.1472896049564858,1.9701161326741572,0.8974487064627323,0.398285118099597,0.601809966460751,-0.42917139373809554,-0.8290520961174926,1.3417734459168587,0.20882417316789795,-1.3775565156580107,0.9277535595337172
GSM1692118,1.4135017070219917,1.274935878888766,1.7810641821750122,0.9838927597414905,-0.34794349931981866,0.5934673953280722,1.7851059065891839,1.4780143243728516,2.3148178886948148,0.9285648092919555,2.0192127299090976,1.6147731881345249,2.2086923820422797,0.5315335892551315,0.05843318558710639,1.8363245894776292,1.509383491604509,2.4342906642603346,2.1318187264220625,-0.15520038028993,-0.02477952483492705,0.6953723540103215,3.0976310073479936,1.3870677294466542,1.545822968872431,1.2179748678842564,1.622306561083216,-0.5168089881773649,-0.5062537590847292,0.995110646638584,2.786635542573934,1.8543170776591045,2.167190203365158,-0.6549960220848133,0.07298796644747325,1.4835317602460507,0.7393114664293984,1.0576215273943668,1.31303489724268,0.863557222814777,0.46268640515034587,0.8494843309446126,1.4026557834314883,0.1693609458697233,1.1499603247316499,2.01014728794755,0.49509350795056717,1.9461014758305166,-0.10890755683448483,1.2381780268779203
GSM1692119,1.4658490710458354,-1.9957529387508632,0.507283596254064,0.27846164978003096,-0.06324427334028891,-0.4381875951811164,-0.33874237275809194,0.8053741026803332,1.2445626761225228,1.041796444314121,-0.4514635099678838,-0.6893472968384116,0.9334572933660077,0.965322589619925,0.017473227242135025,1.9120294138848275,1.5074156155021043,1.320376770911633,2.1692614935574968,1.1416697299515304,1.6015690842952985,0.9987042128206011,0.3955411412717255,-0.056184002939997625,-1.0404222220568309,-1.1469597746648532,-1.2871022344939846,-0.1491817490556565,0.4054491022125444,0.9161879743770569,1.7661026538610423,-0.03342828993139133,-0.5316205268593173,0.006708437499790563,-0.6580688157929312,0.6881171383387477,-0.2352568339924016,0.6170254614358471,1.2327131473771624,0.44131736243793335,0.876732130078595,1.9316946251846594,0.6079697735810526,-0.5529695478237933,-0.6330501606074497,0.234944071522772,-0.1788255286450205,1.4235283793808045,-0.7346408077293405,2.298408088876375
GSM1692120,1.5444676962185764,0.4924306938433697,-0.13185098928137287,0.5695299414451132,-1.3988552018550109,-2.0740082670772955,-0.8563579449763493,1.8165478863856857,-0.6314894060636161,-0.1522892482942761,0.6622055240721232,1.2439839687742456,0.2425365731077316,-0.1919974195090935,-1.2918504215475575,0.7146162881794182,1.940533391035193,-0.736624100879962,0.49218926475129515,-1.6600734950588942,0.029010526188832562,-0.8270320671184083,-0.2978940610830057,-0.8822600154841787,-0.3393182485714993,0.5931086966036232,0.35524098032214235,-0.2981189884281517,-0.40039493295758116,-2.957325036680846,0.8521074368316632,1.7249612486865173,0.7116454107455601,-1.1793216181125463,0.3463547416134107,2.45170105970209,-0.8079104841849244,1.1252903361104811,2.0026362903281956,-2.140512554663068,1.2761473610516043,0.2505853085402333,-0.9903523748528305,0.6960489713345137,0.3465710075620721,1.6197254771257221,-0.3815703695309044,-0.5120071772567628,-0.7773716290215199,0.20665187298593482
GSM1692121,1.001012320183231,0.04050830257342842,0.948638810851644,0.6065557432341725,0.2927517526297759,0.23835956868927502,-0.4828382398431957,2.2194074268331465,0.6220627620935207,0.42479154299258004,1.1074837966289057,-0.296674280545641,-0.23086188417393855,0.6630148297388841,0.07824869365945368,-0.6603804157113258,0.4353756209915795,-0.6051049294308604,1.072870816232281,0.7035711229155207,-0.9605908733769589,1.0097274891872599,0.5398058876812041,0.2129172170641415,0.7761088450967562,-0.65800073792697,-0.5215784507565187,-0.8771302058133527,0.058772071862274934,1.0704262550055084,0.5253452992626053,0.06419147231770861,-0.2347974168191213,0.026485025550901976,2.792529897265256,0.8505520565975908,0.6870008962881032,0.7482564609608366,1.925599377512808,0.4404436180472672,0.9095691283773526,-0.12172690077199391,-1.0645154918449633,2.5372340781482894,0.05343656467595646,0.061722294841300374,1.892301090425972,-0.5798155400841328,0.7101782311293595,0.9500025910323586
GSM1692122,1.1276131316763949,-1.7011536642924923,0.8803594858958033,-0.5285998475399423,-1.3175190154127612,-1.964352413617029,0.35222698286993814,-0.5110122494701043,0.20919066709027886,-1.0032106054186156,-2.4283812904045243,1.7079725985082685,3.4132553286026455,-1.381071701974558,-0.5842072629238967,1.7981832595317382,2.0381187710948083,4.605821017901208,1.8440747404168936,-1.8277696576210163,2.8233375778893284,0.9863634844070422,-0.8350496873335256,-0.8167135843814542,-2.178282505455806,-1.176070594478861,-1.4702747597361636,0.3697382288527276,-0.453821750873481,3.2256370371713063,3.400048556353054,1.4818286210579736,1.1353803913516758,-1.1393588725714465,-3.345457838304691,1.073312065138598,2.3218689752508093,-1.357446614936493,0.6229327603221645,1.3500760945109442,1.1898570585256802,1.9427801045174804,3.8663466930864625,-0.8057255062051144,-0.13500275639391743,2.9095524912666657,-2.9375041744445847,3.495734636723532,-1.6364058931856746,0.6026328627469575
GSM1692123,-1.6622942993090852,-0.9562957190967005,-0.539624501874747,-1.1825795918397044,0.5843066119259894,0.3528030133377176,0.5397021638068038,-2.155439607172402,-0.27810749159154036,0.6343091383260652,0.3617937399031083,-1.8969337985495203,-1.3381857251440477,-0.08940749994193631,0.7019520142066203,1.578036755191321,-0.611649224509697,-1.0357146821462888,-0.48181773908534115,1.875755830477735,1.7883040834515205,0.2411016034594012,0.815623535714407,1.5294327958193512,0.7546148782526739,1.9204752477709581,2.0720768593869408,0.7121250956531755,0.7323464880798993,-0.6194937012207665,0.11182965108140433,-1.3759973109732304,-1.4436313404703107,1.1975477653791111,-0.773360127067743,-1.4051007303669292,-2.2608916024057355,-1.6088252600573252,-1.4520023544717482,0.6552426004523891,0.5408153274330023,-0.46610882145082444,-1.1704458362042023,-1.060473808910231,0.3349457487374591,-0.2584995251111068,-1.948341891487778,-0.14996512800071757,-0.5580156589319166,0.31669098646527544
GSM1692124,0.6037729271987387,0.7901715470011785,0.9755756538324631,-1.9982637193386623,-1.6738167261579437,-0.07412203808631733,0.6390135426205384,1.1236560335439014,0.16394217976707096,-1.551294413745199,0.8692533855266387,2.0088039446877635,2.897723655427558,-1.1573669421202892,-0.4272480219066642,2.228127014274808,1.8995503594277163,3.1741136664421576,1.5402603730547273,-1.201295507830757,1.3482985345885872,0.1229840773693143,0.50978048383611,0.8438148908748925,-0.30003829793657216,0.6995646464693401,0.9564195689234788,-0.7200696550528584,-0.9374887668009317,-0.24333596641160393,2.173431797156919,1.9490069188854997,1.3957018942404622,-1.5552804044658697,-3.0348174518005595,1.9633467949144794,-1.1867075541658894,-0.08216754904815086,1.0838285911127765,0.6141855127775498,0.7476262686299006,0.4563778701509456,2.555654802869051,-1.4451135091341458,0.20116925499659236,1.326928688466092,-1.7371215311832735,2.014432936644993,-2.162653301800749,0.8772245903985859
GSM1692125,0.436013891288933,0.45803706150871404,-0.18260947254712054,0.033877914027292226,0.19835109087411815,-0.24258426526339108,-0.491803456474616,0.1559737050998695,-0.07919787222058934,0.0638532875445922,-0.5171535868897231,0.44251036283935635,-0.45802033496880673,-0.5629624757089625,0.7984973026311725,-1.5554308989043704,-0.4546602832152655,-0.8566402702356325,-0.3044560094994919,-0.7509118444066493,-0.9792545380765185,-0.26775642997561944,-0.35059415009872735,-0.015502416398633666,0.11947108263925521,-0.20601362629589434,-0.23023649020032008,0.01765052385876338,-1.1004312114387336,-0.789470414246475,-0.5498038101597992,0.2418500839467529,1.1372558207323935,0.00821196849182924,0.6275516545269747,0.5310938995161332,-0.2763501077132187,0.7735664463120278,0.3456679061327785,0.530794878978802,-0.8071846388845297,0.12552548660677484,-1.365380487121089,-1.3047017404616401,-0.21710665069738397,0.2613440369866034,-0.21337792207695028,0.2665257154253373,0.894842972380725,-0.6273174609276576
GSM1692126,-0.19206838252823424,-0.5747886325003047,0.16689976005042226,-0.308600257349044,-1.02005098888103,-1.9699643286664443,-1.4414814356492898,-0.24497571140798804,-0.8171353867345321,-0.9628305379940477,-0.21764387608521113,-0.06716772823467342,0.6009664782000208,-1.5185360267529273,-1.1920752675562813,-0.4915141798784061,-0.5855758292299169,0.42469539776665516,0.5092737220152415,-0.388297177725733,-0.40395781644219364,-1.0731277620954582,-0.9070039447202606,0.2466915269966613,-0.2746371322451419,-1.1827730595281467,-1.0726827389957232,-1.3520224021187832,-0.8059011292571466,0.39768578745819194,0.18061255136848353,0.2719679923274493,-0.5854170616950247,-1.4411002809541995,-2.240291257719842,0.44400956376653444,-0.7060273028603073,-0.705452755540886,-0.7957765833915398,-0.06248558905737581,1.0019221162245129,0.2241215780355784,0.39387258870710357,-0.5889938760486575,-0.961434363793592,0.04835455344461978,-1.0953007070314997,-1.056728708702743,-1.7175915728040716,-0.9055190846224161
GSM1692127,-1.1972089354502342,1.4493428934928498,0.7117020635435714,-1.0926375176791734,-1.320325701019751,0.6005392749765555,0.8727151751509292,0.39277386545912313,-0.38505895768861365,-0.4241353370572132,0.9704276747091398,1.163858278357378,0.9117078093313379,-1.0422491348769274,-1.5801626366257668,-1.0755908387312743,-0.08456352712897149,0.5037631021951573,-0.06465048188895162,-0.2914256033080764,-0.7586911398547455,-1.1357710300010087,-1.3581862666654816,0.2606251793163744,-0.28644777419484385,0.25310224503829837,0.5250612840972401,-1.3309719054050209,-0.15696444656091585,0.11481691667249265,-0.05006561329699683,0.4263753217829255,0.3710903774738379,-1.5235534973307476,-0.1054167839180118,0.39316484042366423,0.16409212353857447,-0.29643345309835684,0.03133448801785088,0.11449557250387342,-0.01014035917303713,-0.20355663907254745,0.7288198300507216,-0.6243868518505419,-0.21115947318383427,-1.0211659355270444,-0.02605328266555603,-0.30133761002455467,-0.5827868996550941,-0.6828919783782854
GSM1692128,-0.6150046381325837,0.5159602931365233,-0.11004058126525064,-0.06608394688771643,-1.731765337383452,-1.3710028337773672,-1.522446957362263,-1.4709006929750619,-1.871343477035792,-2.8615963519402463,-2.219802449133878,1.0554260366156036,0.7274311209929409,-1.1860138253225427,-0.6656565437067041,-0.9222848764480965,0.6781154788134801,0.28582238179190295,-0.7831107358262465,0.5119459518269485,2.0643365243057716,0.3745021342794128,0.587399814201404,-1.6115784386739709,-2.0247556717947472,0.20965012761140034,0.20869845720459967,0.6958398202362052,1.3841791002759265,-1.5347367351599197,0.25866090428709715,1.1773949412901668,0.6257415220668601,-1.03538378972762,-0.652562041617593,0.2517766223552583,-1.8386794290290251,0.045154412010000644,-0.42858526647936207,-2.7227086909100984,0.2271137605344661,-0.5791612816483955,-0.06564636441492695,-0.11359318558925886,-0.3751605199158758,0.7717834985162813,-0.8164018709326879,-1.552710435978857,-0.584997539886737,-0.7867565789641774
GSM1692129,-2.180650397616165,-0.7418041934089014,0.48136793134043876,1.326972550979157,-0.5445317565535814,-1.2226587347210425,1.7598373027245975,-0.40572762859433864,0.5423212286709039,0.08638117131659892,1.9690894815968012,-2.4027681383254853,-1.17429979429154,-0.6494640940813108,0.876561319369449,0.4006716739150703,-2.1834934145596465,-0.6447947554611207,-0.631620173268004,2.883248219755759,-0.448170617223341,0.3825368590829788,0.7249570366377414,2.3641289930422755,2.0614392445979237,1.6784260687652688,1.7891353253506397,0.3806974252539203,1.1713613590647296,1.2051707069294832,-0.19894943758440806,-2.015358435605929,-2.223623908372518,-0.6431543208210705,-0.3303387018097338,-2.5152758040684353,-0.5398258246122439,-2.133136400255459,-1.4202487205766665,1.4481745793941228,1.4575322925445193,-1.4916934817598242,-0.5496657160933408,1.1143948919478053,2.109613638142295,-0.4831697303340923,0.19209593617939866,-0.14565793385613895,-0.6951929570284879,-1.2699928053827507
GSM1692130,-0.45877751781998194,0.6779521193422913,1.4599602277320163,0.15125752808750084,-0.6836466430826245,-0.26226843431196745,-0.0027092617733912453,0.47791529631296764,-0.5623073358781719,-0.819806434775097,0.38228423480866275,0.44751487037106524,-0.07448309186758931,-0.8684220174661441,0.031008412533853252,-0.8188278604721309,-0.5601259737275344,-0.742978379636834,-0.6277650183303675,-0.0016214484509083306,-0.8097041896737284,-0.867148114202902,-0.2660088410764304,0.445558238535107,0.10517896669307836,-0.3576903151855364,-0.21807906178790532,-1.025395422512773,0.8674402105031372,-0.8045080781720938,-0.3077193221392588,0.2810060833871267,-0.1152078543070221,-0.30387402615869047,1.0935287013088133,-0.0649296019841547,0.07060271065665953,0.2331573908833568,0.4732594040289468,0.05664813605362163,0.8184925241758785,-0.17663303485882018,-0.5057527384694948,9.692470899780756e-05,0.3151862317806382,-0.4440220247657701,-0.4671217360432839,-0.8933182340729504,-0.2192291605460369,-0.2637231835109384
GSM1692131,0.7629387561062909,0.31706324796708185,0.2766316548034799,1.2323000034598932,0.7637444889458748,0.8574600070562354,0.8624808300566518,0.15195440040034028,-0.04769016979584176,1.1246784538356795,0.1226727755121169,-0.20978835739198215,-0.3145738015824411,1.209320666892115,0.9512911692187883,0.6943800891663422,0.4478765320896152,-0.03941266965980226,-0.7242382470667493,-0.9265616301146345,0.9469164257122427,0.2254605014022876,1.0138216777937774,-0.18183235584558868,-0.11593141541186075,-0.3215717433851742,-0.15805554689350707,-0.08958965238256134,1.5826092230947235,0.1762922873490893,0.13899612710226567,0.18114008326065742,-0.06723204296419277,1.1726440562083762,1.7912998904043966,-0.16920451310862375,0.1826196315545521,0.43795805647512637,0.22139412546889364,0.16945163624289042,-0.1291158635534429,0.17839021652167747,0.0008806812057226402,0.6004791026230873,0.3164487713894363,-0.569022369928991,0.9692490989897548,0.23069228211848336,0.8914858932447716,1.0749734873923205
GSM1692132,-0.11319345277908978,-1.106229965845015,-0.2001981506073564,1.2612949319313393,0.8657528729760036,0.7273453228519655,0.6743936694207255,-0.6019243406720143,1.0609090004403516,1.0234264095752283,-0.2654208709571937,-1.1730510018219986,-1.51165516860883,0.8122944137793032,0.28721736901816897,0.24617594641688198,-0.9072792908302564,-1.1860529550611354,0.0995129250086966,0.8074874975105473,-0.7148255392083097,0.6151495051242052,-0.009520452253378683,1.6787112364942305,0.9999751356097892,-0.44026990638143476,-0.4304212226905303,0.48149482614519845,0.6827962125590249,0.893032831288505,-0.44661204547917693,-1.57732183503977,-1.124246182740016,1.1514664600938018,0.8487844591223203,-0.5818311008474086,0.9523513236584565,-0.7796927493649913,-0.07324945557179557,1.5132779799906229,-0.03550453612582848,0.8559374365698202,0.1446910436992159,-0.8396441959852824,0.44323256692585505,-1.640512293154056,1.0160854644826944,0.29158526299156223,-0.3448374164765625,0.16135914360321965
GSM1692133,1.3245245994185313,0.7354562633101643,-0.3993943616002872,0.10711966788853547,0.2137211541503285,-0.9490469354730202,0.2775920306602122,1.202601616653317,-0.7275818719839242,0.9774661111584032,1.3301038600887267,0.7751503413195556,0.38918371938900226,0.2888793463108615,-0.38347389026428036,0.20877598808305084,1.1610991404405382,-0.16804971601820445,0.4404236260313679,-1.2989394995328332,0.45245164622435496,0.01441914262117219,0.6690249902426334,-0.3380902024733091,0.18141676573905857,1.308769159910254,0.9719594958405497,0.4900852687214146,0.5105436998577798,-0.7678113766260699,0.10393894954146633,0.6165155519149064,0.2588983364789901,0.09723230026364751,-0.3450305711402524,1.2411544953320275,1.2907991326353414,0.7417882599234493,0.11433249600534934,-0.27122340286126345,0.19313680584811968,1.386692839896848,-0.9410716320606994,-0.9552248524155829,-0.17513928981946392,0.25951223417144403,-0.43981870966673614,-0.45721363802499143,-0.5863896735131773,0.9349729861662089
GSM1692135,0.7004205163270643,-0.7318929422272104,0.6080035253085203,-0.13446692309959654,-1.5282640861027685,-0.5884715617916523,-0.8429358122283036,0.6833537392920379,-0.03192850546850159,-0.750144213011452,-0.5008445923725892,1.1997585037615215,1.4727748156340847,-1.1104582556699423,-0.26740193150189184,0.18510324749972568,1.0557998819801209,1.3058208178843744,0.5491018228914113,-1.6560898875854324,1.31111546699333,-0.34416605335787726,-0.2193797122910859,-0.5386132663023359,-1.4139711309553469,-1.004996861212622,-1.0407957416523457,-1.1987742362663538,0.33465279319434055,-0.5216927205179072,1.426870268564976,1.2656281529649032,-0.10092366797446287,-1.128146318361321,-0.36543539955254883,1.02323184849589,-1.2791343442794478,1.7098383945932383,-0.031658672823280186,-0.17011150705695505,1.156395158070923,1.5845207309396794,1.1814778862684912,-1.0452695570115365,-0.6266851277891586,0.8866448753716143,-1.441182038012686,0.7438131923460115,-0.8227132375911341,0.17100344753129212
GSM1692136,-0.0936617209457207,-0.5632040655782191,-1.2422900532673427,-0.5955027852183623,1.024137362820482,0.735190997338266,-0.7675049446489248,-0.9081255744263711,0.3402132394398748,-0.14414114178444232,-1.969732256076325,-0.2009689928494114,-0.710989277315944,0.9967077163989231,-1.0370860541138183,-0.6455869890019159,-0.7833191426331709,-0.15844003066383944,-0.004882242229231624,0.4594064289136744,1.7762153487119605,0.23244824914138748,-2.3352207014146438,-1.2571609906342889,-1.568309365825694,-0.6252870246866535,-0.9104478868032871,0.6143269280195198,-0.3835183759869512,0.3527065031187152,-0.8896402555683054,-0.7916945921019598,-0.7123831424726311,1.4295185241388682,-0.5225443204985246,-0.7076699521577464,-0.5514211257233531,-0.906005642859744,-1.449635222535868,0.051042420806412254,-1.344805793222891,0.924076541002905,-0.07724632161681777,-0.7205266591847902,-1.2041258612483228,-1.3016688653501167,-1.5705368184946817,-0.47269533196429875,-0.8085490369889543,0.828964339599866
GSM1692137,0.3640561876826762,-0.4513429803670341,1.7605678333964883,1.5944007383703191,-0.6624885132322594,-0.5459240613847145,0.09024871438297964,1.705113674954125,1.1245076181656581,0.8689931247999522,0.6228877420353954,0.13176597942202248,2.160822298796367,0.23501712546923248,0.8155735585019401,2.189577665020066,0.44229453801565194,2.139516004571241,1.4171082989244381,0.3893835656212169,-1.3597995736489492,0.4358606050479179,0.5067927368972464,0.1782882250834867,-0.19253229665955876,-1.1307738860526626,-0.9081206177379068,-1.1434536773514663,0.012263460060213734,2.487517921003474,1.6456044671045928,0.4122377088222184,-0.9145897193881841,-1.2019423195631012,-0.21073406429070377,0.17384302450515485,-0.5252237196331991,-0.2665185607428283,0.758082040915355,-0.22038997543192002,1.4325826228479797,0.6899782141676503,2.2117854575591833,1.158927252081131,0.21296595031055787,-0.12031544703255564,1.0015206238497112,-0.8534828999689292,-1.15459398527982,-0.48091436480036653
GSM1692138,1.0558313156855406,-0.99047613554067,-0.1550365522645686,0.8686469552195634,0.5358849968118632,-1.443541013543709,-0.6437150068623674,-0.34623491601747486,1.1312570115983547,1.303949313408333,-0.1283646559009909,-0.7220845069812254,-0.3083233090861071,1.1254359553493845,0.6091304311466856,1.5655022953971705,0.24657875122041192,-0.5297439862518355,0.9842832626281631,-0.63443228966842,-0.07309798314354272,-0.13870953371036518,0.7693715537068423,0.6031704341253499,0.015968077037171576,-1.1516837301417395,-1.1803269426480432,-0.7116770358161222,0.30206602519488696,-0.5916123798118682,0.7221720985735356,-0.0306977827438624,-1.1592046390627888,0.5536531283858336,-0.8394174711273837,0.6687863682601942,-0.038932189249516795,0.545929829557134,-0.13652785534347567,0.5142919391605292,0.7074061736921363,0.3166902553613235,-0.1609468125652265,0.0433824662848853,-0.4990302280497817,-0.1387004825721488,0.9893344279802693,-0.41489050057065985,-1.5901212347037097,0.32216079176367046
GSM1692139,0.9286642997228896,-2.160461399534947,-1.3882050388012153,-0.912919005007177,1.4322757687778351,1.0315676545880417,-0.32650163155244194,1.6878530691655895,1.2097625445716569,1.1778017795319848,-1.819998076695905,-0.8393379111380042,-1.4187923935330644,0.4975625378489983,-1.3118306009657081,0.06414023625427923,0.5653320550038589,-1.5550803863482536,0.1342455521921614,-1.6055274355348395,0.3813371567623409,0.9379296641345077,-1.4430029002587188,-0.43881482783090014,-0.4004204181955383,-0.8003080149385978,-1.190526775560728,1.6706567574121471,-1.3587054055675607,-0.486822248060742,-1.0957302900234906,-1.8935438547927728,-0.5497227813829014,1.6546906670283186,0.660795907187523,0.6497606869461163,0.0201147334984922,0.058360617705505366,-0.386815694741812,-0.538090100655169,-1.4091569733321,0.41418835557157363,0.11329898205567028,-1.623594970466005,-1.1974644638934764,-1.4197202223345844,-0.6868091035956115,1.7598680121972197,-0.4257134903263234,1.2970446869520706
GSM1692140,0.2971806499618419,-0.5349768279837549,0.7781986232140742,1.7104647522402188,1.1970224519213981,0.906715332356661,3.239473447446121,0.40519930985102265,2.162458124522241,2.1876551615546163,2.033065362825338,-1.0400949691077481,-0.8339450904492578,2.1455227649754813,1.3195347500861383,1.563891394853425,-0.13906171455166844,-0.37006127186972915,0.2318505607541333,1.0946412459599177,0.5887563391245576,1.5445181838716673,2.4019135580835447,2.6550888015295055,2.757574312464374,1.2412271884078225,1.353243055335772,1.2991762092465813,1.9392068713917443,0.19728831238856695,1.3463007869311114,-1.0229858382252903,-1.4160803295805076,0.8329725740537716,0.8407544804879683,-0.5463040765604872,1.4298438190446157,-1.377187614433055,-0.19178798744634903,2.0807535118048794,1.0036173030137878,-0.025382949961936567,0.21987283630541687,0.9768086467973255,3.3030647734266907,-0.18806205749439986,2.219192736051395,1.86981083829295,-1.533017084475575,-0.07327724377277321
GSM1692141,0.7339794105817746,-0.43602778681442633,0.060743711205932804,-0.7576842029485027,-0.17157445185033665,-0.5546289191580117,-1.0154567194984994,-0.7115852161454728,1.3031590039886662,-0.5269790369283973,-0.530009149102535,0.9879693399784731,0.3835631402499632,-0.9047169722503389,-0.13563593600266466,-0.27030227629719045,0.19019662631044434,-0.13849335062196183,0.7071909227204572,-1.4043202382573932,-1.2423298910987093,-0.647977888761401,-0.6599266372013936,0.3981158733458827,-0.18059367965200232,-0.36670734979962605,-0.4789133509158346,-0.9969790294356825,-0.9568393644546112,0.3997414125808672,0.6953289315278491,0.30504201909754025,0.2804581599991109,-1.082500796929352,0.19574652705769913,1.0573795141083495,-0.4111985007997939,0.10231105304310542,0.0616075964838063,0.222281089520266,0.4298767300626129,0.03246147588952957,-0.07640243486447129,-0.6568563096241251,-0.6619536280351943,0.6111392397025432,-0.6650241278246842,0.1976407781301341,0.02211046376910744,-0.30608078294704016
GSM1692142,0.5327522239774352,-0.2680464053989882,-1.5889510269830611,0.658881278781035,0.7981601027341948,0.5672174099737073,-0.42514993259100264,0.12341615330301779,-0.4705804916282343,0.061461767656181644,-0.8299575898782371,-0.16807421619660795,-0.8726369496324061,0.3472435664846023,-0.5583150213855919,-0.7013301143478404,-0.015859160114274934,-0.6951063419328481,-1.3482557099952313,0.10081864704576862,1.0863644361803522,-0.8216117681923027,-0.6527740728112273,-1.410967457507646,-1.4439590402179974,-0.6155340273257169,-0.6551770483736523,-0.6448966477919619,0.7830683412710774,-0.7296133140698651,-0.6464729007438799,-0.2549283782309543,-0.07717965474049984,0.9494623144370171,-0.37662624349445384,0.46651875099070306,-0.44186798819018963,-0.8976450178942648,-0.39021378016820624,-1.2325156466766811,-1.252229224615944,-0.21896034983482185,-0.45182792108282216,-0.9706653585602333,-1.261551420364262,-0.6775822905722131,-1.2317762764924949,0.3711260797639805,0.02370688314839805,1.694694851669835
GSM1692143,-0.3551021398496337,0.1346247058496892,0.07185027537156227,-0.7969027748914349,-0.6596865838385186,-0.9333924136170968,0.1564741615556514,0.19749468480252513,-0.30468449066018377,-0.5500340908313484,0.22787649619852662,-0.4250481165949442,-0.6661945414702058,-0.40197397557846126,-0.9664435902237243,0.18928474195541675,-0.844542224850708,-1.335389577947809,0.24532174091808157,0.9187297889743651,-0.8887923513829058,-0.9198819466908038,-0.4428470351215171,1.256621516231949,0.2930908579641449,2.2466489666710334,2.0489805122288645,1.335065966196356,-1.0444608991763957,-0.565431917512795,-0.4766672205445629,-0.8251650299063242,-0.9254483810933181,-1.0139337992114528,0.04773743528925688,0.14783915214380677,1.0758412383613658,-2.069392698653202,-0.36846367932360946,0.012755619515707044,0.43047698945988355,-0.4701101159596811,-0.12520911924645817,0.04253369786576882,0.17697149084700242,-0.5295959499706627,-0.20664587559538705,-1.4375941246500898,-0.895905765514416,0.11784775786344075
GSM1692144,-0.6352944938144091,1.0760914686959093,0.40511745478608735,-0.8475494787076477,-0.2846403972829987,0.029961815583382807,0.8723698202872298,0.49739640776942645,-0.7675082385040399,0.08622718805635853,1.6293607512769364,0.19070490398917106,-0.05519270980563568,-0.5676948229520702,-0.5697374338970377,0.3090708516713369,-0.40809430868451074,-0.37506583521747927,-0.408318437580065,-1.3011515582007707,-1.0583677019489608,-1.2314706828940143,-0.3424045737400467,1.4412035081874035,1.2487641576632618,2.3306711639643636,2.511027039702564,0.12040767583945831,-0.15506490762977942,-0.4363082116492403,-0.38354407759357373,0.3182630302611131,-0.1655628812866157,-0.9032497358991388,0.09727057576626853,0.10389819728690339,0.3099892492465026,1.628431445868032,0.34377630624852695,1.6267389923058584,0.7234499470928469,-0.3359617157938789,-0.31750976891557414,-0.35937977260079274,1.020967958649221,0.28065722293152306,-0.13374413900045293,-0.3754839496346237,0.4825238229087093,-1.0411827833894807
GSM1692145,0.15596242168073707,-1.0491393042515658,-0.766478833560756,-0.0966521139814631,-0.0736734859130776,-0.05069291275301944,0.8527161980608207,0.31523492075219517,0.42664998106612206,1.0732864524706036,0.9018184436791912,-1.090073758721285,-0.9308597541390813,1.0086067159897067,-0.929181034572332,1.0250228681743103,0.33651767346195655,-1.0085351376986025,-0.359262652093968,-0.2528013555203306,0.27759321172676416,0.21886202191856885,0.33869731269449244,0.9974796404326757,0.7788814193769911,2.320541386798153,1.9937634777884965,2.1904548020838654,0.3348463390285524,-0.6840279565114826,-0.8454684266560444,-1.2594744913789802,-1.235690787302336,0.7727441104403149,0.7681446900693167,-0.0791067326707421,-0.04868776582284428,-0.017661948462406363,0.766606598853936,0.9250350518846014,0.025931146416037734,-0.13715988488769354,0.2837622371243557,-0.8980019745003258,-0.1925927057659881,-0.889356461099723,-0.08375929870600826,-0.37448340787856704,-1.013687862987007,0.6117977079330708
GSM1692146,0.6237179229493265,-1.3568278287169449,1.3534504506118834,0.8838695080954518,-0.5594609266909621,-0.46435058969297033,0.01046829362595478,1.5622050385314117,1.8402092130845014,1.0205235336216236,0.3815001817042467,-1.0395051253961627,0.055716166850748296,0.6437296789495238,-1.2825589146104395,0.07600347559753168,0.4257973023641895,0.341321004191218,0.507937606183144,0.42904169321127633,-0.6076397442977373,0.40861290399970507,0.09853673186133168,0.7189280643479179,-0.6075953547603544,-1.1240997977759872,-1.1067931476261164,0.324282071348548,-0.6594898959800171,1.6399469228605508,0.6944566904209208,-0.9963287642848463,-1.954988228556463,-0.3826532771951613,0.9021238747433316,0.0755259303427936,-0.508162327021032,-0.8097163513478877,1.6800193356272668,0.4310820497484332,1.51246921311214,0.5801975317346532,1.2486335529212549,1.056518446448491,-0.5189011811802033,-0.9072519011193295,1.566432051541135,-0.6741189589553346,-0.3664316029405506,-0.17603599009259882
GSM1692147,0.36386403307102055,-0.9625260595020639,0.50231301764963,0.04811548449653028,0.3682896763594857,-0.5827047797220939,-0.15350583083251856,0.19436006593564223,0.707969521461359,0.410132659277,-0.4183737802166529,-0.963279726372549,-0.6185077786471823,0.2807871481313666,-0.40611798620056233,0.42636167097183936,0.36918998853821344,-0.43711406849848033,0.48032348001216824,-0.18122684604416822,0.9991548019033385,0.48164501249547553,-0.3623903928693847,0.6658482185774979,-0.6027099429312915,-0.281483407402241,-0.46477858980159775,0.2250459874807478,-0.21751476272488346,-0.29405903014028917,0.6270044394778749,-0.3092117761071046,0.06104509741151245,0.5906094219121948,-1.47231086898064,0.08598128389187645,-0.7144492502061157,-1.347409654029408,0.05262157836010467,-0.029386143564335217,0.22095138731068512,0.5732759067046364,-0.1397138289669455,0.0032325796827562224,-0.7764103122520276,0.23253475519359584,-1.6443314365143566,0.99516543744178,-0.35008704879049374,0.8029911521422901
GSM1692148,1.0599295520216836,-0.04735965404417838,0.6383651359917439,0.09541052713468741,-1.3373360825483578,-1.3967679477844155,-1.2370929650902724,1.634549603672502,1.0071383909072325,-0.41934196847608984,0.3249667201555113,2.4630479391079585,3.437380917925516,-0.20352695632175133,-0.7793984835606443,1.4172155838418017,1.6313981025189535,3.5995097858598646,1.692762614372752,-0.3212447949834497,0.19169430320278566,-0.026515072613431164,-0.6979362740101231,-0.886742342577526,-1.5146215746701692,-0.5770356613575286,-0.6406112022915007,-1.2052390111340527,-0.8807215390966658,1.3803492461927864,2.370858264402521,2.1813957729765723,0.8766360361219717,-1.0831779058878814,-2.250924139709852,1.6993921639080964,-0.8345943854434832,0.7019869478762869,1.6196692097975505,-0.44861555483933,0.6450150417824686,0.6955855452500567,2.8111123747244853,-1.0456890103413534,-1.2188318826858013,1.9989272229110393,-0.798350747117936,0.8549082812382609,-0.9648638749772227,0.28248612867022144
GSM1692149,0.609129594559825,0.6319489448870848,0.8403858403594028,0.7419355437455337,-0.41042412535516976,-0.3018051663672068,0.17192797173401908,1.2894507481259772,-0.5104988652471228,-0.30251621864310085,0.2268064531458502,1.9247130235922916,1.603010090081909,-0.4515739134456391,-1.0300120287924268,0.08805720960365651,0.5966043871166792,1.0083770678599169,0.7836971716623189,-0.028962134626259548,-0.1096101756286254,0.1609063738952199,-0.44739471262299046,0.17974034011526296,-0.4761526465578279,-0.04172109600948705,0.0053882933118046365,-1.9135430641453512,-0.4412613689243735,0.0982365401287614,0.8662522468420198,1.3917152965235426,0.7378482532639801,-0.6564696021383725,-1.0436381592312056,1.1660195307563483,-0.2142326167190747,0.44815022552418704,0.7962359460164037,-1.2000841709127972,0.4336914293631965,-0.12224436495280645,1.6236660532530618,0.22767930295698074,-0.09475266059138673,0.9281758698544379,-0.7281063383712106,0.03817406051579616,0.7102310339694691,0.030084056850174293
GSM1692150,-0.6804715486749932,1.758877125426941,-0.7201281370795123,-1.2718620932238929,-0.6205931633269277,-2.040850281078342,-1.0786791234771769,-1.164968026361085,-1.5274780051955932,-1.667491542262338,-0.6210160574531582,0.8203158707770049,0.5029020947482937,-1.3389050209433915,-1.565017988860238,-1.437712712623625,0.3279345129856205,0.042374859518745395,-1.2415905011473982,-0.9865542180622443,-0.9343608509723422,-1.4882430410673972,0.5260198009342071,-0.8343419864483569,-0.8085144442140568,-0.3322573779865792,0.05032920105614111,-1.1961996675094135,-1.1236414288404237,-0.9292621591936674,-0.5218237967294614,1.4551671536080346,1.7322862979798634,-1.503410617945803,-0.7244142655857085,0.9492886468643765,-1.6639405058322196,-0.34997975026982564,-0.7126863906910937,-1.278048425637699,-0.4647434184018551,-1.620894891795077,-0.5513031972028226,-1.0810779850248937,-0.8127415493833668,0.9497197292613196,0.18596730905829173,-1.630916842219923,-0.7594564050956651,-1.4588875365152627
GSM1692151,0.16708174310541116,-0.3623632096936575,0.6108382480195262,2.3410369173531484,0.34736524094820137,1.4724682771697661,2.127799061664125,-0.7233994985437605,-0.09253596388655724,0.8060760203983286,0.186296607896261,0.8323998393995417,2.307741694050042,2.057721049811139,2.88254798308579,2.349979038197367,1.2454338210966946,3.1864578758201096,1.9014398038760791,1.169912583831535,1.221514414967157,0.9035520417304785,1.150136458298221,-1.0046331195876024,-0.7660534757907507,-0.9754105479939156,-0.940709782669613,-1.2757167105310518,1.3659693854104515,2.348483422895073,1.8083523426198786,1.250114707326158,0.35128816721017964,0.4210832038417745,-1.131401106445518,-0.38537496317517594,0.44730037735456146,0.4759008476965692,0.397470451555117,0.3558616921213177,0.4792887291882612,1.5075637355763571,3.183644804040921,1.0955496978904053,0.3675178213902359,0.5264859731826989,0.44600046561124984,1.9898994892742452,0.14432052276819235,0.38650117217752084
GSM1692152,-0.06455869087287507,0.4017456057631598,-0.7392762699010111,-0.6116826666473738,-0.2875602250938358,-0.3972842953356367,0.6084386937211796,-0.6982430325136908,-0.7417969435821749,-0.5772437590418326,-0.07458861406816882,0.397402142747142,-0.3899704331442277,-0.3515673355614149,-0.09248754013513553,0.09411361052178571,-1.0094800900800682,0.011369261524380038,-0.8961067426977719,-0.4954589897103738,0.49869300800597666,-0.28006075918019774,-0.2715573841689512,-0.026944353493107108,0.18867773216333217,0.24805307736722543,0.2679733573497468,0.1566808452278222,0.5714623870697503,-0.7168401819399453,-0.1688230487445667,0.5809716433010997,0.6200329926190131,-0.11959639106246507,0.6157061858339814,0.05059813641729015,-1.257281315180863,0.8804107131241143,-0.25830088386300487,0.21695346068381716,-0.0077342444861306986,0.16619928041933346,-0.3089977471204093,0.42074503022885484,0.5148474914635719,0.021285533725835627,-0.8991932768781729,-0.3110562725754561,1.0053855265533116,-1.1108160918496224
GSM1692153,-0.32366359456921606,-0.41655505332035686,-0.7848269510836673,0.23133655795652147,0.12819387395164536,-0.7006586798767325,-0.5110660995042023,-1.4888504002436365,0.08349161615965639,0.4236034326115118,-0.14314943411210032,-0.2264716497067348,-0.3102393710350914,0.5322889789451428,0.07117754743500089,0.01682177348501002,-1.3028777503044406,-0.4206046496931335,-0.22866279287396757,-0.24277574279202543,0.4496798891388631,-0.16825498712994677,-0.6119547472302095,0.5610012890754571,0.7316447699869443,0.7202672592988285,0.7461552343852653,0.14518117639069258,0.0854358277613921,-0.6126775950745347,-0.5459057672162937,-0.2650565227301239,-0.9951737839404802,0.5954195825694335,-0.21099404919496487,-0.2707292266657773,-0.18885769853722892,-0.6757003221848592,-1.0652415746225976,0.8063363305788613,-0.5156499084741956,-0.17782051730191692,-1.3483516514896705,-0.8423960770487722,0.39909311261544295,0.05431468920017877,-0.15454757926582421,0.9980999238265953,-0.31693716860756804,0.03567386169246282
GSM1692154,0.11435696222853838,-0.4245313947912564,0.8014117785917866,0.14495790700725097,-0.24493975214983438,-0.9664709112260356,-1.0234175701510386,-1.0023548392138077,-0.6973208209514212,-0.38065237581641215,-0.7069357082301897,-0.09592884119960675,-0.6778951932590618,-0.10096542791159172,-0.41354303490322164,-0.2095248305501591,0.36791494282318116,-0.5192311206916663,-0.17022556174562456,1.2189952480575938,0.31812353136225513,0.08875754774536039,-0.5455664924275064,0.18384468796996217,-0.41984292243064225,-0.7729663769456409,-0.8054916516595738,-0.6196717567348066,0.593450389359174,-0.2674988335471517,-0.35614077473927214,-0.1953874725814201,-0.5115174657429988,-0.0732028665635042,0.41947569885716196,0.14828699198231995,0.27417190427413934,0.08573918453454289,-0.6210904584244791,0.36106092494028513,0.10374648453851325,0.2150639424947327,-0.8641998249331888,0.3502054069766134,-0.30882900005788955,-1.0915809844408393,0.7058248389624668,-0.5859047966159212,-0.8329456413762434,0.6796193008988255
GSM1692155,-0.7248893543885008,-0.4155154298830092,-0.9498565293282862,0.041796819196237185,-0.2847350152076903,-1.2452277266849219,-0.23911951603128195,-0.3019995308007119,-0.6546525054849477,0.6297405637243716,-0.23209439245705824,-0.6136453584138267,-1.022946764281384,-0.2258279083996042,0.36562703099153393,-0.5479613006160965,-1.4509467975727592,-1.031744139947174,0.013557653272705722,-0.04322448936845424,-0.6262207497762734,-0.6566274831637948,-0.6708809957777585,0.05508745478604158,0.06818385672458052,0.1468847861393441,0.07507395228328483,1.3393046072046548,-0.30946535063597175,-0.8434919810450973,-0.9668548094243165,-0.5662051194949392,-0.004220227263484608,0.16236287847180872,0.4891061935525552,-0.10740784738698543,-0.0973831918519637,1.3964526490003426,0.34839060865578614,-0.8131145439345372,-0.9882990814815663,0.4708972010075876,0.25609919673207343,-0.6317403831560454,-0.28931445276145445,-0.3904129688427184,-1.3757103073349766,-0.6078727997711368,-0.6123823650213198,-0.7788065056861198
GSM1692156,1.0966561962725774,-0.40182845375908044,1.7486566953465412,1.56540802213758,0.09031410769835241,-0.21336844563327226,0.8673168102496539,1.0208704740721117,-0.294135889472385,1.2372436793071377,1.0384352113056459,-0.7315131489506407,0.40951252042354863,1.3824535736572812,-0.6625257671810468,0.09055759060207225,0.7180020229158739,0.2680034055086869,0.4747117367405453,0.1634550785566189,-0.7053926437436606,0.4137801387949228,-0.2105026874736511,1.1688610081664508,0.6536286020218299,-0.8023335870750459,-0.7839239791143703,-0.5010117029904299,1.213565629187954,0.8761549454715184,0.2615349967152893,-0.2435463504206656,-1.7475687465143086,-0.3640268471472228,0.5803687071312994,-0.07096152386442248,0.9937302649313772,0.14763866329378642,1.2792494338925948,1.2957446992146635,1.63700797487566,0.07816259621609449,0.8929595371741695,2.117458257618693,0.9395598286508603,-0.9890808288401483,2.064766362860696,-0.5482893959223387,-0.6549823065141543,0.6428558981471214
GSM1692157,0.21192901345985155,-0.6559090104172595,-0.9785755293973568,-0.17485576473139564,0.4496105077190712,0.21327613987277513,-0.5754400400190142,0.16526739072086283,0.6036313942320963,0.7801054929798498,-0.03075461230974697,-0.8358943739441078,-1.117976064007217,0.7703443451857842,0.7850355276634,0.19814122005234303,-1.5524209751071572,-0.9074038454475457,0.24877311218817663,-0.07343577546589854,0.32015569048690645,1.045673150986013,-0.7183429954365594,0.6442460945201642,0.24109589403565165,-0.525590415502379,-0.4868426645067344,0.5993623558695969,-0.034520289025191074,1.4938905232707356,-0.5021810572880852,-1.5921296226182153,-0.8707036262792177,1.2425255038501923,1.0806333379089206,-1.0455485629755936,0.6539389401906553,-0.8148569666212602,-1.0176834528692722,1.2848516187868089,-0.5121214373126736,0.7225270221482648,-0.03481114438439725,0.03475928148799987,-0.258981192697417,-0.9427240798531619,-0.01241276596173449,0.8903145814994515,-0.4216428175425334,0.1769339371341949
GSM1692158,-1.973157919344306,0.39573917662115615,0.9026727205405399,1.8932573578842513,0.09269469513941868,1.9906783433921984,3.1675288039991734,0.5109669553391339,-0.439939267655706,0.5993542849861208,1.6611453333247124,-0.8416519814849026,-0.28560087234207726,1.1846596111534597,1.6882576226528054,0.9201976563112767,-1.4244708643215875,0.14577225999933915,-0.3485316342613047,1.349826067966081,0.42941274658268086,0.00413537097405447,0.7388085926753646,1.2476233427171783,1.1124425791460943,2.576682836393412,2.433609185115048,0.3696346957706706,2.608273623952914,0.42622428942549917,0.5540233452931707,-0.8672347829096004,-0.349988591375326,0.30652155096099054,1.1737282734128651,-2.191119003028609,1.1787882690732279,-1.4190661659036787,-0.9328481236595886,1.5349680289242973,0.21328853796316943,0.39294552962330836,-0.1979024141468458,1.151919351891236,1.9216061848353434,-0.2465717165793001,1.2609972301595969,1.3690610506695389,0.0996218064691831,-0.3405764744698363
GSM1692159,0.5152146922203955,0.040107360640157276,-1.8334479782011763,-0.5928629006192077,0.47986024346931455,1.3608484076201304,-0.792629793118229,0.15486915255694117,-0.5582325255890982,0.013784733467748608,-0.4826501375423723,0.8332616549816159,-0.569369413475733,0.4513746531372991,-1.7976322823224011,-1.7519254478585657,-0.5565955402872953,-0.7257107674896274,0.09163980744457398,-1.6808824180311428,-0.2903672219160075,-0.7075966652797904,-1.230571113096245,-0.8436984095310559,-0.3580542013347444,-0.3237708889299136,-0.49573666173588893,-0.3183166705718658,-1.793239043331323,-0.405095403892709,-1.528317373587449,-0.26839482857702435,0.21801986030201,0.6723275711077157,-0.43538781625717277,0.8612621398507083,-0.5964378660461201,-1.3489124534975452,-0.7527518176504527,-0.8349149828169944,-1.555018578644543,-0.031255181859720066,-0.7668366061809971,-2.5941304170094015,-0.5576591952743615,-0.8021273776716982,-1.4234765988064084,0.028807064577426936,0.6096447611947861,0.1590000938324143
GSM1692160,0.6971241435450208,-2.25719618131962,-0.6147622756646975,1.3338030899907602,3.016957189124207,-0.6100482336039271,-0.23808842503872452,-1.2178704410027286,1.1541354921876046,3.0955762498591723,-2.2041163813530664,-0.5418496207033134,-0.7863996702375211,3.2393551061552515,-0.09441779226151135,1.6871901160491731,1.2498135838331157,-1.0072880208991997,-0.44841890868052026,1.2841921433962378,2.098379468765628,-0.19687872022285724,-0.3316668338923693,-0.3489808298920665,-1.5870525339691608,-1.444396844634821,-1.7138271843282025,1.8841416699911917,0.523486098436541,-2.6702300261494507,0.8883916620476053,-0.3292664886833697,-0.09968069909487717,3.136335453611919,-2.9295219560265933,0.6351934045350175,0.6021647251440241,-0.08951085666339446,-1.2551539825872962,0.0721516611544539,-1.2824026778162907,0.7421179763116751,0.08768015535386059,-3.0133941846937415,-1.0674674063799605,-0.15047951612742053,-2.4096668043165117,0.7634999016443383,-1.7461992800858381,1.256482488997705
GSM1692161,0.24657782335137862,0.9738070973842348,-0.34033192742744284,0.5087232592493737,0.255581654300286,0.6734070967726979,1.3219598023832886,-0.6091087845853811,-0.8444705306918879,0.04385426508485161,1.5201051467629447,0.8154514998725219,0.35660334004483074,-0.09111846404587456,-0.5310210543860971,0.0540761157203692,0.8807738189506998,-0.0034760345119111517,-0.8667125570402019,-0.390364761567301,1.2674874859470024,-0.3166089006441013,0.45403713787925976,-0.708248357571657,0.10435482115720401,1.7635952322350397,1.700792615962919,0.15346206472721408,1.6784320481759447,-0.1121527298629367,-0.02972117392270706,0.15341615478093118,0.21501850990354265,0.46776071993075474,0.7104624733615779,-0.3105557582148306,-0.3649313055706774,0.020648280900551996,-0.09637294676592752,-1.3909082022297408,0.273790371545214,-0.7031142748474709,0.009312145592386382,0.48623016131865987,0.4431852435112358,0.07920244334701523,-0.7530692096243538,-0.16061682457360912,0.9895322903162221,0.1382596592847833
GSM1692162,0.5461570747259702,0.8505552916499041,0.04257745785867338,-0.7063834547000851,-0.6012728098429521,1.9698281874309906,0.8280848122535741,1.2690929370566932,0.07799945022291166,-0.02695470981396175,1.8245995446440582,0.6861067055664561,0.5163860669441134,-0.33973659646058024,0.3820970166720662,1.0289924495719387,0.2870927772383268,0.9199704160001254,0.20732413182543297,-0.3534235284411668,1.2394414875381916,0.8329444303834899,1.639978240848911,0.2333022794956337,0.541694340432392,1.436619692731852,1.640942371965241,-0.7450619718668142,0.4212155077623926,0.9449908976252541,0.7511192294788321,0.09528360428025895,0.05876590912656108,0.2404829842899028,0.9300160806748824,-0.04896528792713328,-0.12521704690849292,-1.4142520860697068,-0.5974061744651872,1.008120950042044,0.4268255430905715,0.5510942536351491,-0.006023835066600608,0.4626927183470045,0.7007052476465013,0.31515208637567677,-1.473770474550278,0.7942189573739267,0.033052598818126354,1.1019898693733763
GSM1692163,0.10032558390985555,0.22810312155540957,-0.31671712354642617,1.2772721326939014,0.32395500577987124,0.9121190500713307,0.2697724873155401,0.8139277107403455,-0.047064764775500964,0.9193671477758856,-0.01656387814942132,-0.5820468359603707,-0.22153696245109986,0.5505177380685756,0.45629549996657215,0.1876726110523191,-0.1992223861974819,0.15174397861860994,-0.12530047616975806,-0.6325717262919606,1.3680299172228625,0.38335268371164105,0.46404544174921153,-0.7334549975058189,-0.342947867925946,-0.18217050329829837,-0.22561602463334507,-0.03278759890888117,0.6434227690563639,0.4981974067305015,0.06942142038070723,-0.07812839663005916,0.38449173125455416,0.8360832920623515,-1.101439066128672,-0.6081288468615704,-0.8975510751433722,0.06161405623187918,0.7821513727822273,0.5567863795211184,-0.08519467623788611,0.8920081327540487,-0.40750043868325375,-0.37905434267566823,-0.30003506991708784,-0.056291189560424025,1.0814943757891844,-0.17789591979836528,1.5900521378814445,0.6218772629546322
GSM1692164,0.5017163422233466,-0.477919941409504,-1.3080138376784822,0.13103908352619933,1.0532431625980807,0.8244275794861321,0.440116004165465,-0.6605109805717285,0.7727464262558741,0.4316380700556517,-1.3020166431946887,-0.22545918944933696,-1.16947929991464,0.34025597254741846,0.48891787015244836,-0.5906845865506503,-0.2938265159903763,-0.8589392505334608,-0.5263670387629719,0.5127427319655377,0.3668894655567548,0.3161454525164056,-0.3195194890155042,-0.13042177002927022,0.27930492661940265,0.040151954971136064,-0.14419523141057156,0.8886323584728448,0.46559627252482705,-0.07293473755138304,-0.7988161991249098,-0.587242574561643,1.256266692391222,1.5179537913746393,0.3017849050515274,-0.5408980843685873,0.6642465495087662,0.1458067382006135,-0.2709951432621619,-0.07797554189999295,-1.60040135169662,0.09028489611433095,-0.6740301700220652,-0.25873247342857353,-0.3372990056818856,0.23891482887528387,-1.3248083511212787,0.09150258821220203,1.0352872085199327,0.5299733960853507
GSM1692165,0.02268650363831353,0.005586395232547895,0.7849737395891696,0.6863763850471544,0.5478178860085992,0.9983388620479822,0.8703480164213526,0.006487759276446427,0.17849431235063357,0.7112041484580537,0.8135254387414047,-0.6155342724320239,-0.14796903664577205,0.7122276599417197,0.6665146985515811,0.5163017886256637,0.5522532540491759,0.41461456875150066,-0.18143573717286368,0.2316731004177263,1.4188053280286916,0.6479074053266677,0.7868132264096066,0.22152227801364968,0.25082202179818447,0.7833447388574548,0.8025764986527412,0.8918994896070022,1.2748889864958688,0.09654139545524629,0.4462973357962601,-0.0003525149098064031,-0.3079819770823135,0.9137583237695033,0.10120945530892511,-0.469800915095817,-0.3473314951878397,-0.3319118033993663,-0.7642223515029667,1.559742587290228,0.15115953166911056,0.7720673181067796,-0.5288407371354681,0.9454128640986549,0.2746597493423175,0.27607053920714314,0.8346394901122667,1.34536561903681,0.06473492389065369,1.2815295230205843
GSM1692166,-0.08868698506725756,-1.8819788590236417,-1.0636961405541505,-0.7335483360163839,0.11651160826171497,-0.3256257848344418,-1.5019701740850098,0.0173906920492538,0.795076433825122,0.17296918488836324,-1.3236305151251446,-0.9162877321285845,-0.3555790578083426,0.7478362529582494,0.5898174867830578,1.1356119546313956,-0.14039834447937607,-0.3857830085932812,0.6490426702739218,0.7859806744864334,0.7316394243931909,0.39869605883121007,-0.3821493009491459,0.2850017469468379,-0.5771992319506412,-0.02261682024174887,-0.2256424392057015,-0.08712875511094183,-1.1959408897579826,0.08522968435027901,0.2183369588737487,-0.8391958971140044,-0.7321051959921566,0.6234362324338302,-1.1984778206892173,0.3474129278694731,-0.4222917603026944,-1.8184350344633837,0.001857944676117966,-0.8171040613144713,-0.6756597199240932,0.8563441615419315,-0.023597100165912085,-1.4607320986044043,-1.0707388137869216,0.1597751535152034,-1.084582443126733,0.48079263234564334,-1.6646939365734643,0.15815485916534947
GSM1692167,0.2527610872497052,1.3005925090775048,1.6296547177295277,-1.1706200654245313,-1.0205298490158896,0.19628581856377456,0.143821412196231,-0.29226095691825454,-0.6707520521185824,-1.1046209045620996,1.2264116480072746,-0.09841919609160488,-0.0047750107199725,-1.1483083701325776,0.10460914425400324,-0.7732116242039604,0.1625233363984398,-0.18893769310563768,-0.9300087618016244,-0.09570089045537157,-0.9036388653987111,-0.5204061962347674,0.09950348582910121,0.3217891467960418,0.5998960054376624,-0.39861327060603924,-0.12998856096714329,-1.2492418544435075,0.07461699059724186,-0.150485487581291,0.4178644928230323,0.5375329368790414,0.3785690796312354,-1.2635699721284295,0.09240693355975736,0.5774592947667285,-0.49703878855281575,0.6372913250790648,0.7891438589426977,0.4888660576234384,1.2231699611700748,-0.17920359697266336,-1.197399456644233,0.01198242387341228,0.3173431862257951,0.21123242796603373,-0.14436645710879817,-1.2447666778572362,-0.05856217763408009,-0.1808487510308557
GSM1692168,0.3680083792558024,0.13492618619636593,0.04362951059351767,0.929213117473108,2.346334334847674,1.005469760136261,0.8939477874858407,-0.19368914759249223,0.3981183655616273,1.3814601593369351,-0.19272189734187078,0.2194857221981244,-0.40714506596994116,1.4656247466229628,1.0191665752804508,1.0610422407601823,-0.3025665655859788,-0.17489385546806432,-0.19111450347479145,-0.04958110790805728,0.4088930657982555,-0.11668095014390921,0.07137586524254505,-0.17411126041411867,0.17649093058541254,0.4397270141793,0.5438319405380483,1.4888030251997277,0.48531942654079097,0.0375002790128277,-0.6818932050814075,-0.25163345050560193,1.0647244451532183,1.9677747021325251,1.2755803146172844,-0.4696110465834815,0.8653873168519802,-0.10883293246335927,-0.01841448434139833,0.20631073715184653,-2.178594652709729,0.4495429206655925,-0.7425193516361788,0.20101850730080795,-0.38037994946329384,0.4007408357225654,0.34939240950266465,0.8865243706698909,1.4175484346799452,0.9191807188344803
GSM1692169,0.020247474915247955,0.3393011967783929,0.2668368505931995,0.7000832625045038,0.8818745737335218,2.105758492252821,0.6810618081062748,1.0164790090398435,0.04823711914914855,0.6398018326488437,0.5282095708059197,-0.6118229205968676,-0.3753274203043189,0.794231160926715,0.7046859072644808,-0.6114079738362347,-1.0411946881040162,-0.41069452439429566,0.02504809856851384,-0.7468943527017032,-0.39571172854206405,-0.1767210008691811,0.5484746574978278,0.5966066478787662,0.9539529732808363,-0.4907115211531259,-0.28600522754374885,-0.4011504696351287,0.5693490918340107,1.1640127783858774,-0.3089713155026634,-0.6046146941697151,0.5877769727378249,1.0512710346071523,0.6757786354231684,-0.7686502123095779,0.8639941755212578,0.4766547897311764,0.6305869165428044,0.7368204999330815,-0.4913861925467055,0.3532642756383641,-0.5018102558320517,0.14870930909213786,0.10110216166667639,-0.17441671552223434,-0.07796501963198077,0.3091746662032823,1.662958756647749,0.7087486741121372
GSM1692170,-0.0627235641624997,-0.8710480529001714,-0.15384633820629254,0.8685202753629931,-0.41593580915006206,-0.056803953662241544,0.8564678877009058,0.9202784882858882,0.9062144503631104,0.47575212141626777,0.18556886842749237,-0.7449371656650959,-0.5627258602054864,0.3072193918136302,-0.5063810290802253,-0.05223356509498074,-0.7136405439003248,-0.09608985113568629,0.7146294246125396,-0.4250192994058663,0.9751124681894491,1.056530408210453,-0.566211319115324,0.882821093364766,0.44729913007791605,1.1865591227780292,0.9398863590616486,1.4340806884735993,1.1587779900098405,0.4007423194456848,-0.36916151192800856,-1.7406643551620227,-1.5785964992387629,0.25363711506850245,-2.172387479478037,-1.487857171071446,0.5802533063828511,-0.3850301712140803,-0.14571449377701384,1.2271058567427309,0.4902491524422016,0.7851379192874431,0.6548443474124227,0.2517638860754383,1.1203844306228483,-1.1714688941582572,0.240812069676603,1.4763673908557422,-1.4255688874055237,0.9568128922019482
GSM1692171,0.743680280346742,-0.3845514557911365,-3.107190666035315,1.408955222642874,2.440847953566537,-0.07671809849019649,-1.3250965761474252,-1.7293961215599225,2.1842421958233165,1.9144263470669278,-1.4059922258935544,0.11978557966528736,0.09495044613372171,1.2157669574852021,0.609423095619017,0.40736193221755357,0.18182532304685672,0.30509128457400797,0.3645548781816805,0.7251701695164441,0.08216517946987952,0.1176099816895075,0.21156618525989454,-1.805827528894031,-0.6082061628639029,-0.9102940497258002,-0.9214129449555497,1.289430687766934,-1.1056928451318933,0.3766948655212838,-0.17683604837089048,0.017252801102397287,1.3767358340181814,1.7996982493642402,-0.9409420356939261,0.26056268148486456,2.3410941590430094,-1.347481391380109,-1.3218531899638055,-1.662294215049264,-3.133239048462351,-0.33179654481159715,1.45623109264102,-1.2652280862971248,-0.5283884296407811,1.6078806644871315,-2.10667153624094,0.7404838033787686,0.21880231884994863,0.49367808327450047
GSM1692172,-0.6640688664299539,0.32653955444438626,1.908479633660717,-1.177322370717507,-1.2217850935658674,-0.5698207159138113,0.8561879433037246,0.4910796496839275,-0.10724828087026039,-1.4318391407814246,-0.38942713084562103,2.197989590945938,2.8854957038994353,-1.2188120656931076,-0.9519612413390501,1.5464964049202068,0.643138970053344,3.261109976781425,1.7310063401250717,-0.4544498148886255,0.006332886042876491,-0.09193587471450701,-1.2407189572550885,0.2957006693293513,-0.3519692593708354,1.0172353589353156,1.1812932319728344,0.03897514416693166,-0.8904523655253643,1.1085260623200783,2.1037849401346094,1.9508918959392938,2.234647680831537,-0.9447481195826395,-0.5895846234190288,0.6073464568496015,0.935238851405106,0.2907342707704399,0.5446366587846,0.5798013158457908,0.660114207549996,-1.3128906419623598,2.5154163539394734,-0.6993238943707187,0.12590966950168409,3.2904427755179735,-1.242598900015795,2.4087520693668805,0.6363202437590515,-0.7213719009357954
GSM1692173,-0.4103480816073094,0.6074249886628038,1.167081850914216,1.4721755847252354,-0.23640576860625934,-0.5659193938944692,0.6734349477097764,-0.20516615571601574,-0.4405187461835394,-0.6429743680313545,1.6191297754265304,-0.9594831432319447,-0.14598339794746035,-0.1891371443184707,1.0467785650174444,0.43103804417241565,0.45913526207211397,-0.05041789988947187,0.5313016884398056,2.1022739368924466,-0.30900789823028985,1.9219000889380302,2.5087247094131935,1.214027878291113,1.008577466031541,-0.20591718840583945,-0.022589008638285776,-0.6961836702420161,1.5120861759814996,0.803674250788518,0.5488304773443867,0.19103536160715354,0.01875480254899776,-0.424426567210904,0.648619686041732,-0.8923811056525507,0.15525850473523128,1.1395250341586347,1.1120965075947675,0.7573988074139419,1.0365057631701853,-0.6545237984421352,-0.6777504129479509,1.4186030410583699,1.1263009873998078,0.7214181954283563,1.3656917559619852,0.08697250724294198,1.0273223494520707,-0.23631547854867185
GSM1692174,-0.3224431863360653,-0.9862190636883207,0.0968357528937411,0.4987299124410097,0.19242936216003706,1.1065411482484384,1.0031113870134591,-1.3695296518548954,1.0340825138812741,0.49607802036946935,-0.08884781891779614,-1.6083513946778938,-0.23807205946348045,0.6315821768778708,0.6084414755479783,1.1259313487630491,-0.5156348671886025,0.03035633236496422,0.7733952303946867,2.0062392538260116,1.2493638540667087,2.176893912281828,0.8197624728610254,0.23580040601092975,0.1888493080196108,-1.0198136428235183,-0.9394537516940062,0.05161804853307196,0.7121613731603278,-0.04847949721642792,1.4854441076807932,-0.46254654366592246,-0.11562022969226252,0.5429113357102547,-2.0455243558198153,-1.183892466131744,-0.8994521446333584,-0.7277516767781961,-1.012060588362791,1.2283617635342428,0.544941646441766,1.1495784433482346,-0.38303813364673234,0.2161020487962119,0.8014314392204226,0.14097976138500634,0.5808331773926966,1.58547092142331,-1.2245967838299685,0.042260046193706845
GSM1692175,0.26093021116103426,0.01862668111334891,-0.34160505197736646,0.8863769743150086,-0.5158445827789789,-0.8365365378001309,-0.9083863525501967,0.2146170582888202,0.09435960769138603,-0.2736530183743565,-1.2086581665135219,1.532907658178688,1.234269001961495,-0.6189858125602691,0.4959935717849954,0.05672678485604957,-1.1695546866393776,0.9695609398457756,-1.1308946869997432,-2.743962649106018,0.25067891425159666,-0.7549801832560128,-1.499457507558855,-1.318907563142556,-0.780536140057137,-0.1708491988668839,-0.22737248446078626,-0.18014622102456765,0.09605056182494429,-0.6418705380758105,0.6401341960680803,1.2140275561508704,1.111618243479656,-0.03914341227091332,0.03812385389401818,0.7797848629513372,-0.11153008326231992,2.5633428304957095,-1.4255928602263772,-0.4978767481973199,-0.5550357670605178,0.6895915596078342,0.5477831991576035,-1.184767293550198,-0.782204130666578,0.9020825881224401,-1.6617596964453756,-0.00017219909693974486,1.300022216395771,-0.8479619427498086
GSM1692176,-1.2738451367782917,1.4773222522739113,-0.9093591609558519,-1.2228873406454455,-0.4414349982037413,0.6397455779725829,-0.3043915194286952,0.3821432919915291,-1.24071440681879,-0.9078985686467093,-0.4008490282487304,1.009762042860039,0.0483480510939477,-1.2611963586557278,0.2382030539489612,-0.9574216617683373,-0.034192150123151514,-0.6082885594756046,-1.964583657626339,-1.6528801519601104,-0.28929542585107365,-1.5542003279990662,-0.36740116792025956,-1.6974013410940236,-0.6902426942381928,0.13641234005495445,0.15235752730367852,-0.5145198755987864,-0.324377245972221,-1.5358727879621854,-0.7235280532291027,0.8280022261339666,1.125028137570043,-0.5465875055837164,0.8176162345729929,0.4604244107575355,-1.4510304960952043,0.9576459640059765,-0.26560602734808203,-0.934110579729527,-1.0374300917692363,-1.7768592379082886,-1.7995211320972189,0.150695221805609,-0.41680282925299367,-0.05303805293460683,-0.5505252984625373,-0.6361750326413443,0.9777486582358014,-1.6941788731800742
GSM1692177,0.9774961930902893,-0.7696606898194932,-0.2810075298955779,1.580125420776745,1.2767218507467122,-0.41834734604603174,-0.493993971200202,-0.7866520948685356,2.414034175818142,0.9570454239135493,-1.3200830195498379,-0.01806216487495286,1.456255136384211,1.5324229842156882,0.18989566603399663,1.065078741422292,1.6220415089606075,1.5904523428154576,1.253703903191565,0.035521104143488094,1.861910422992776,0.457740314428898,0.12960211322371332,-1.5304656590196122,-1.0558951807670716,-1.3362818580537161,-1.2418454801829437,-0.2944801374107692,0.3260861600853943,1.3752163875626044,1.9059294107931959,0.7938143025867193,0.23618220541172655,1.4279826554161632,-1.732660192626964,0.8692459024510412,0.10840289528978012,-1.7804930181270007,-0.05904021355316765,0.017846657360570995,-0.6499649113858672,2.0861484410411886,2.197054758227006,-1.4871300048671507,-1.3392884134811738,1.3625424214052504,0.3844361103034109,0.788026123803413,-0.28329761306055173,0.8896862694295953
GSM1692178,0.3025938234800048,-0.11944293688045278,1.8711549582671585,-0.48222801164291673,-1.030869764234205,-1.2126478899774584,0.6354360388970668,1.0296871472924005,0.7124623077607446,0.08551810715371684,1.23753729215977,-0.32509030621685014,-0.48048261635818473,-0.4384413545336926,-0.41736311588203373,0.9460327545314968,0.8582351230165413,-0.8698515242639172,0.05775094034760801,0.754035693758829,-1.1523430051218075,-0.27519641224662106,0.4170223959428623,2.115961847058072,0.8242059306971501,1.7150029547016845,1.7591393189524385,0.17887555963566185,-0.02099779541050496,-0.5470414972860627,0.35746806281656757,-0.5747351635370098,-1.3961627958496223,-1.1805118459101147,0.4510572168644825,0.14528877829517972,1.0880281676564354,-0.3204877634439312,1.879812078067586,1.1991865033882934,1.3968898255780733,-0.643081927514948,-0.17045709024563663,0.3262018215694099,1.130025818925356,-0.21994219919039207,0.42743700598101353,-0.8094932219718456,-1.1084575301450377,0.22337731676823458
GSM1692179,0.946863547352787,-0.6002925379849737,1.6089621255148026,2.1535101202074682,1.2720572314351577,-0.9784869385690067,1.1555370763791966,0.30244953524829427,0.9011763152296686,1.404801294296478,1.2862402741152865,-0.3167327972683041,0.2631870467651882,1.5019343685251842,-0.2210899391870233,1.2228900707520491,-0.08968297649209694,0.33342636174042123,0.45170193508848133,0.3212384668556752,0.6646427651860822,0.7980494297348536,1.1316228865122597,0.6253060862439354,0.8966893780096028,-0.41606226734019336,-0.37386149947769876,-0.07090556707774412,1.2011676649140453,0.9422178254211866,0.9926431342754556,0.0737539845999556,-1.1776113987210235,0.5014222105980198,0.09427739087192787,0.019072175287997626,0.45346966294379487,0.11440373444317614,-0.14597634223690636,0.35375413114398174,1.2466618436702808,1.500723037180753,0.2032260311931755,0.638349801567282,1.2575786597491145,-0.36424032675742585,1.626511299707385,0.18237252773958243,-0.5601874573074224,0.6341891878737136
GSM1692180,-0.4030868226809413,0.23628646160828426,-1.161535287563545,0.7178840034949576,-0.7852024850117998,0.40207438983498767,1.04691892767027,-0.27083762573461745,-0.15344291683502712,-0.03861457464787337,0.14566166421178597,0.5519675395739533,0.3899975026735229,1.0084422527054082,0.4477005914713762,0.3275884114353137,-0.17759775517515825,0.35833958809431515,0.1492504383834291,-1.4229130015280094,0.6462935368286467,0.8683987750008307,0.09962056436208483,-1.0596234568516107,-0.35216252879978943,-0.7747979337129592,-0.35291828798541564,0.515472141667746,0.6099774973478083,-1.0220031790114157,0.7751582598936841,0.15543828732536488,0.28535846789961117,0.40798728690419983,-0.9765642404911147,-0.20249485284102378,0.24801488382051048,-0.8354216660974798,-2.8997279608890834,-1.4844972478680216,-0.8898768610318589,0.6175757230666146,0.41750684595442294,0.08082780678757001,0.8140747561187935,-0.24637959218034847,0.04677377524220359,0.9626769532314743,-1.071925787357099,-0.7640499836486401
GSM1692181,-0.26544907809789053,-0.19616045292597933,0.20332094850046195,-0.6009093195156591,0.8862007372334799,1.6872867302815349,2.0217154161176056,-0.15409950800512792,1.1405665087825463,0.27686822866141664,0.7797975372253708,-1.0455714022647142,-1.3920017739181887,0.8358222326487518,0.9683356726898327,1.2740206569282813,0.22780899404603286,-0.7290666134409582,-0.16610509659127853,0.3287044410729091,1.2873527350374043,1.0863871317085623,0.5348474326217223,0.8743974770773009,1.5388274093624017,0.24118584308297392,0.36344482383713106,1.1959875677657665,1.72901444257661,-0.37021742961558013,0.5851847079493768,-1.0797828459563916,-0.17484348102609343,0.9035659670164784,-0.5600459604411848,-1.528872827698996,-0.0866280156024824,-1.2968149892862835,-0.4684128217064263,1.2455370738963198,-0.3713594252208038,1.1483402153780196,-1.1590451461414002,0.5097275675754971,2.723280748937822,-0.5382948232391626,-1.0477970806924881,1.9747374010084944,0.12397869190695679,0.704434460094802
GSM1692182,-0.20052538206177262,1.0069465704125173,-0.5248688738461539,-1.2085116938069158,-0.8105075124898276,-0.6277726250639504,-0.6193607673887754,0.43128169091950547,-1.0146094919582243,-0.478242640280689,0.599770183502798,0.8813160380335859,0.15305797533319576,-0.8530476158861449,0.2118687023524942,-0.4631412023787339,-0.0012007134558977704,-0.6333680789294396,-1.1518139659874844,-1.7564049568171611,-0.4251237929128878,-0.5426670900544344,0.4890964087037461,-0.6554383774802501,-0.34723444253779034,-0.6483723967133302,-0.5021134974819687,-1.0220122240821814,0.17132488870695187,-1.0558339092311149,-0.2505864742151897,0.9674859558121184,0.27655356062452524,-0.8131016492375323,-0.23008286957204044,0.9711305282681445,-0.6596169971542951,1.3912621540162553,-0.6377140026884173,-0.8537671571859984,-0.28572477861122303,-0.3035162016219126,-0.9486243341370018,0.34684928193845055,-0.4459147667547054,-0.05063555897462427,-0.5728680692203278,-0.45539448338939786,-0.6891118863542925,-0.3999932882634797
GSM1692183,-1.88009224290762,0.8902477053485929,-1.0492374898106753,-0.8070686176914985,-1.5876666038551386,-0.24056319642671398,-0.0678186032786229,-1.4042516074697637,-1.4711607937373137,-1.724152316545093,0.1935166610598414,0.48789983273647025,-0.00628009148483103,-1.4704906394977406,-0.22566763148600208,-1.5499973104803177,-2.6319439280231216,-0.305843819312327,-1.6773251204329278,-1.7485684613570531,-0.7385701718691913,-2.0626658792178874,-0.8222765432711128,-0.6791179557990873,0.3126254800192262,1.9328620394966944,1.4712594357850364,0.4174543743980735,-0.27345239698584034,-1.1811256623559951,-1.5036421691300972,0.5003912232484538,0.7515942995316321,-0.49902359857191847,0.40873538723443725,-0.531130252681023,-1.5384752162063782,1.0057777376496468,-2.6020937832516524,-0.23109927815139467,-1.3030628370635373,-0.3791938890198095,-0.6507232336234602,-0.6505798356071799,0.24179311322108932,-0.06794666095318337,-0.40477669329916477,-1.0577079603360806,0.8488526554518302,-2.714027518709156
GSM1692184,1.1176174017085345,-1.2546748989048335,-0.7591940494839043,1.7978040936786648,1.0595277778517622,-0.685689813786344,-0.7558582848287211,-0.6293445114781895,1.7310087429236165,1.4881802854953476,-0.277434689092594,-0.2763492410634524,0.5373115340722601,1.934893704780245,-0.5943368417919502,0.5566866270169739,0.667908425391664,0.8125185082382517,0.7785215761785017,-0.1309885137823055,0.2549094404680296,0.6028991538135137,-0.3080275688564042,-0.43893615659129126,-0.7920162441983316,-0.7576550198690412,-0.8349727747587714,0.6609107193278613,-0.2619392999629554,1.1858174877280931,0.7021301204754677,-0.17196499740358237,-1.4485269092069526,0.9709345433211699,-0.17099941329000218,1.071371312252323,-0.8649309087016345,-0.2131706296917248,-0.30180388153315696,0.5043978413483208,-0.11670219433872468,1.092779083901671,0.5081376126271523,-0.3410825348151797,-0.7225488416165057,-0.039486102637572226,0.1318628917701896,0.5675220654214637,-1.4100156647766493,0.052606657449335195
GSM1692185,1.4495703162372393,0.08737879608004509,0.7035582134863255,0.11321621649194001,-0.9428671386788007,-1.115241805015276,-0.4802200393193617,0.9827123693904808,-0.010986698087217084,-0.13782019587236607,0.36694120608158515,0.12410226922663979,-0.4868232260983414,-0.35353896047487277,-0.4775813186697332,0.04297860312783388,0.9670959631116371,-0.8983843790526772,-0.16391036328122252,0.4362346519093421,-0.4441365993770582,0.1758665569070553,0.15179491395712386,0.3018144740345461,-0.3509742718742144,-0.6783052337576374,-0.6012652817287365,-0.9979511119181838,0.1808845132769922,-1.477101559160994,0.2842074676832058,0.39800535996363795,0.03148922843015119,-0.8588394703355249,-0.5252160349510367,0.712380009776236,0.33122947046185464,1.0258241576150113,0.8185901266897264,-0.3332827506377315,0.775640596838327,0.4838537270884862,-0.9305911634346936,0.13520790412942923,-0.3607665715122982,0.06897756825395311,0.5919482208189395,-0.8864086940857886,-0.4055176957078143,0.5560249373787526
GSM1692186,0.8665918364964031,-1.1799760867666365,1.8461299137953964,-0.2323215704080009,-1.5726292361513339,-2.1543164997748248,-0.36292650255624775,0.5786092596116512,1.4961555142912681,-0.5353747569026744,-0.021476979967986823,0.48989799206246853,1.6541085754133422,-1.1788653502158886,-1.6634187971784442,0.3244892626918927,0.7599142176328376,1.960357291239587,2.1654179323525335,-0.16894553389215972,-1.4955538540739635,0.5731963468314663,1.0354933198220335,0.7338562243989818,-0.7657893663443511,-1.341957798408303,-1.1974725480641708,-1.4488119275491118,-0.5726118275138626,1.1529913943292822,1.9138406879044947,0.6375908908156437,-1.0495664561134883,-2.1255901591149953,-0.6007428489188991,1.6353484322697314,0.4187403128787452,0.5855554448557213,0.49222786791379763,-0.00059283805974937,2.3064629689108602,0.1484914648458866,2.341438794795064,0.8796419481705383,-0.021638741991702338,0.9163761941534659,-0.0133769142262305,0.05118749328353445,-1.2687100414557078,0.23638681578012827
GSM1692187,0.19807776280247233,-0.04662934668827496,1.112345804981133,-0.8906853452020641,-1.2702329250029232,-0.4196223539432766,-0.6548309815057437,0.5737506972402628,-0.2077145350499581,-0.8456243578752476,-0.44892447203345465,0.2478366490888954,0.04910957025946468,-1.3626703345264988,-0.899290013424437,-0.8486305911124012,0.8610319240550913,-0.6167405051892881,-0.1874972296961499,0.038963602695792715,-0.8891621980017014,-0.21622596543787848,0.18248461668592875,0.7735679117315317,-0.11701470194432165,-0.6989775436252168,-0.4286553898297317,-1.2870206263818706,0.9404101066211279,-0.6661701682120962,0.16014912187538416,0.2829017716380298,-0.2061970454440048,-1.4802235267330566,0.8942259211201696,0.9095874441845976,0.8656408370049845,0.7039965544210579,1.376949439730951,-0.4049313854308024,1.683875358265877,0.10715177597413166,-0.4797705066952228,1.223464993346168,0.7421902848448463,-0.3154036725609529,-0.07754384260884116,-0.8066004624305765,-0.7244479089651107,0.29133986894534464
GSM1692188,0.5938076693519667,0.3084384048715353,-1.1629675823687298,-1.2625461335120338,0.5642876164905333,-0.1760565239563587,-0.8122755463717785,-0.8279153547994755,-0.32625879923386913,-0.4227680308443963,-0.22271397418431985,1.4251591419991285,1.1522410593471522,0.014746991004450082,-0.5679175546554719,0.001385135349069188,1.802958689966545,1.0163057127901471,-0.5052359143223636,-2.7375426173640727,2.7912163676196364,-0.7069744781185289,-0.7443778947789423,-1.961693232576431,-2.0270699034883095,0.6733331407857011,0.5317864717024033,0.9982154581756499,1.4676200354467925,-0.7177914840019737,0.43258452365172,0.7639574412800334,0.8277011130229213,0.3041556916440703,-0.7135669198905609,1.3492592803326495,-1.1572790466859741,-1.226658356063362,-0.6583834553263921,-1.7703635451433282,-0.9702403687825696,0.5499214407274544,0.909823566473802,-2.261422532707737,-1.4052013337908207,0.45612740685775427,-1.3420868967728294,0.8643792637653052,0.3454861860268365,1.8084340715320022
GSM1692189,2.2059268613603003,-1.0040557631106697,-0.5390196708003232,-0.11043539868277287,0.5488242905548547,-0.5896492745281707,-0.9229486306071331,-0.2627412077166361,1.7465655922854375,0.18935833121462298,-1.2881043088498498,0.5616788875928633,-0.5485442059514498,0.5175150862922723,-0.5627140418189455,-0.6847071296126904,1.234148367514551,-0.4906559137782375,1.4125259828737962,-0.40237084638461906,0.23494225242429714,1.415193644800891,0.36020638122846316,-0.32198433952538025,0.7682832937919808,-0.7530071918698407,-0.8482308414127584,-0.8001355319264483,-1.2769349692902692,-0.9491237764238122,1.1001349282164776,0.47897760222634,0.9576976352427823,0.22198769852849407,1.2960776149185338,1.1133694001177459,1.5888501085991371,0.387223662238327,0.8156269277723295,-1.0437752119322417,0.035634578747118055,0.17650648429140864,-0.5223647449927881,0.6790482842593857,-0.07980456725263947,1.6093024374203901,1.0225434891421898,-0.17629117484265128,0.7651569044691187,0.9538294297950543
GSM1692190,0.6762408686188094,-0.19519910035312385,0.01172004127227144,-0.3174197614233526,0.03313144033218232,1.2630914491476462,0.17525455152270336,-0.27642098819500033,0.5661910375290828,0.32556278829354857,-0.6094237904562941,0.5229182897305596,0.21147050195249975,0.5115475338908086,0.1624796647020225,0.11705985518690705,0.17489147709857272,0.5944953429562041,-0.09984022029523865,-1.1145685456295942,1.2654185425355076,1.0686224256273535,-0.18704353110939415,0.19992089946106498,-0.049434597264828295,0.11172863477199003,0.18977990271697012,0.5079303290301084,0.9118308317954026,-0.1111966399532865,0.49450392968793294,0.18797742557544297,0.6651329726477713,0.6161175423375549,0.728795663037235,0.4218399066034034,-0.3114812515045142,-0.4704035353804192,-0.836712173420149,0.1213042059483107,-0.3057982830209026,0.9895088045450181,0.19644573243277003,-0.8669750757505579,-0.20748859766755068,0.6571417502957403,-0.9575978239612359,1.2807507824174182,0.6838042360388157,0.6926239182236024
GSM1692191,1.542537456669592,-1.7362048309343123,0.46185382912449413,0.505479572441519,-1.1803882336461753,-0.2798366331506187,-1.0630404776550961,2.8288955270967544,1.089864015514275,-0.6221822421551791,-1.114832399719446,1.572212076708771,2.8443901392007147,-0.578729032939328,-0.4654713158120983,1.442656294725587,1.267726806266643,3.524212126298145,3.3268210698115213,-0.3127107279575218,-0.8480065583485374,0.40292805749013166,-1.8109405453742968,-1.3595969628450488,-1.3718344119326376,-1.0258730568332457,-1.429198813741514,-0.650042059655467,-1.6702416100125985,3.3529012563502643,1.228749294193858,0.5590628345889949,-0.8714425508106994,-1.0046671584943059,-0.5818766598972345,1.6040546874247108,-0.6595740867338741,0.3024791750745261,1.753356618544562,-0.8965401000547922,0.45706506603814717,0.9427440473399431,4.162570170898025,-0.9306745811565267,-1.0108082794031288,-0.01574391340946725,-0.8403605672939907,0.5076923677058295,-1.1595137898606716,0.1996865603020204
GSM1692192,0.3812111836014388,-0.9104685571774342,0.38796519551400116,-1.4018571721001365,-1.1777352993059051,-1.6298510508821022,-0.8973655296449565,-0.24186493930626699,0.36729494647202954,-0.24890322623635774,0.0793534356571028,-1.2338656998172932,-0.6800899097625251,-0.4594231203404694,-0.470055185961235,0.3476605860347412,0.8886449732073126,-0.6163056832167412,0.4884278331335717,0.2583567351414207,-0.8091290773181287,0.09116909248161707,-0.9699470912932082,0.8121005064617314,-0.006075973424441937,-0.691205661318806,-0.6292986196358742,-0.8041087683160281,-0.848317824172655,-0.3361234506473655,0.28002981018252177,-0.31808454161887917,-0.7463323156351034,-0.5831768794692873,-1.150119531513169,0.28252261351846636,-0.9660523597167752,1.323173288811378,-0.02994884203827454,0.5083772240586668,1.377238874709358,-0.06894003761256545,0.009347713992963996,-0.9538140853543436,-0.6645659066566636,-0.4050830968093657,0.16407068883051096,-0.920986195514305,-1.1436772335610115,0.08230840352647391
GSM1692193,0.791503712896021,0.42535104137747626,-0.1848356055235576,2.2169129681321826,1.2643803644063278,1.163718974739642,0.9206620850164071,0.25902981086104054,0.029924086796939243,1.3566289496608046,0.6157933233876044,-0.00236932124936259,-0.1495323016840033,1.0094881879977922,0.6295071112281294,-0.18656069822774243,-0.1346837865780647,-0.26602242862869974,-0.2653639247553157,-0.20932452906847662,0.08256795908907048,0.1973241969523282,0.528686316009747,0.06825250385984792,0.5344015126390098,-0.2738421039505506,-0.20822598651775326,1.104309995159159,0.3738475338839545,-0.28985700679419546,-0.10236948329792178,0.0409988065913823,0.3521317300440707,1.1309930383086777,0.7193925283543421,-0.28484075342458015,0.37352143719275116,0.5711271877565502,0.004458692374892043,0.6266453515229915,-0.30924426648007886,1.168776781654205,-0.19786129584449694,0.20491525326320334,0.04134537248362837,-0.12161415824666541,0.4755295663522127,0.16712851823305896,1.2185224728735216,0.6564160210378197
GSM1692194,0.6162102057074339,-0.36583627360996035,0.282566782846129,0.3375918745759523,0.6141380318369927,-0.44805834993758803,-0.3809628179091029,1.017069760436223,-0.060023442636112805,0.6071622723530549,0.2165212417626128,-1.1355320346569364,-0.6480594118528714,1.2110182028769638,-0.08981263295193889,0.17772168456755447,0.9373721535113891,-0.22757313636501322,0.11479231246587282,1.8846468814366135,0.5972127152244556,0.9330803219339194,0.6048074418792057,0.6007132016995613,-0.0061441580261038155,-0.5850846969373289,-0.6926229495646071,0.9590005637253436,0.7538235264772942,0.15718647387374415,0.2648048507750055,-0.6626588520046836,-0.02857901400326883,0.7518308927389353,-0.4545660948330446,-0.861671168196372,1.2648933089710284,0.08697670870780239,1.7791368879275486,1.234659395618746,0.031250299734648275,0.391925999659559,0.04119534915109606,0.4120341834395665,-0.2391332778945131,-0.2933814587382826,0.9846680645203618,0.7057822409164256,-0.41381495707130916,1.3325082769629373
GSM1692195,-0.9592326441747752,-0.16528595018283204,-0.5048181107647304,0.2605025248729781,-0.6355992384784641,-1.1395322338085714,-0.08639098087812486,-0.0776646888838276,-0.4798658645712015,-0.09528969682125632,-0.12228422475217392,-0.6432846863930464,-0.637208685490227,-0.2709185647958362,-0.49065217715561327,-0.1829670791123118,-1.5799954873103603,-1.0846409935359282,-0.9411236962329268,-0.2497695307493034,-0.2954467612865903,-0.6252860392697599,-0.6197679220805571,-0.035666434533954836,-0.0009361387241413374,0.6561908572421671,0.5543815684127347,0.7473389121025069,0.16283905286364686,-1.2706514335422603,-1.1620427178352226,-0.6930081917175812,-1.7874686890220248,-0.03144789380751883,-0.28337628871671966,0.05857331992225928,-0.7505318639163254,-0.9183590526137024,-1.0690542241650964,-1.0418828173965948,-0.385064300909687,0.09101681782922565,-1.4465790891629264,-0.35640473700915165,0.24041936955914825,-0.9172535267932244,-0.7832614987658795,-1.2779639599998625,-1.1978799563757876,-0.8769776561888873
GSM1692196,2.288152173044895,-1.5775431922310008,-0.4690211936316548,0.08074566587140423,0.7085802610022531,-1.1934350057297387,-0.5301725219877845,2.2131021363175254,1.8270759862128925,0.6510700333860941,-0.84186047038718,-0.017787907989470372,0.47906961808062515,0.5318480421387629,-0.6225917407260765,1.267987347216818,1.7385729528464278,0.6268539779311831,1.8037242490935559,0.23727827081625938,-0.6024931292584706,0.23087846679745813,-0.4070306239686076,-0.09017306017882314,-0.8548371916909951,-0.8737835406771466,-1.0773497117280129,-0.228811510203215,-1.706626708393634,1.3087658542041793,1.4140204088098138,0.03134876070835801,-0.48321651352586964,-0.04635757302077153,-0.9946531862486054,1.517465828714515,-0.7465072537950471,-0.23753414015198313,2.7102753698946858,-0.10571635615282654,0.631479614198832,0.7751186381930598,1.172288532544219,-1.4466410231986853,-1.2107478907367228,1.2815466876337964,-0.8732937303916122,1.167023211002657,-0.5780317011863042,0.44848861855612987
GSM1692197,-1.167539757174511,1.7979150049910155,0.533032520282083,-0.8823817129529141,-0.45606864544814174,1.4473380836990088,0.5458696800799057,0.896896446134241,-1.178837365265973,-0.014317064299529352,0.759111553541148,1.1896480638617337,0.6407623556397932,-0.5454495741288315,-0.029861106967760394,0.8123057546089141,-0.29472434832667516,0.24571634347839164,-1.0995073020697033,-0.9236321248729892,-0.008181196143015485,-1.1075148520365925,-0.16558698247813475,-1.5394407424332455,-1.1770041433215543,-0.21470253443033802,0.20071911643666296,-0.9787644197761084,0.08112165321112919,-0.37425998346328015,0.016891797844343873,1.331149512083359,0.9133890085910638,-1.065118732413581,-1.1996568454328556,0.3087270437900185,-1.529416875498949,0.8764083532667551,0.055370662002337236,-0.0463656569879496,0.45364561448917307,-0.6968957174712797,-0.2265454145646216,0.4501197729253287,-0.6175922729874624,0.6071692067282298,1.2989991977244457,-1.697002968728054,0.42563334730940555,-1.703775498394337
GSM1692198,1.3836600280613545,-2.0212524108273153,-1.9527498850417022,-0.7610941093335898,1.4045154158583602,-0.5649974467844066,-1.4665178902009313,1.9400420159433363,1.6113336544098813,0.8906981089992752,-2.303091119928678,0.7879559637615922,2.0542650256093444,0.511479866768234,-0.7489697760472361,0.8799943029332713,1.2389502485715993,2.509461626746677,2.2868929843678982,-1.502813168930494,0.24947496055815746,-0.8934512613880533,-1.6275742739021433,-1.3016966084575023,-1.5663683907239243,-0.958935893195318,-1.4569701193920803,-0.09348963531104713,-1.706896843461596,2.662256109723857,1.013212847446791,0.003035986925773832,-0.5800794676363122,0.4688350575449829,-1.1180837085203013,1.6085747356337263,-0.2614790265088043,0.16585765815728803,0.748159617751924,-0.48024869155972094,-0.8077083608709827,1.5157231290780313,2.309412012837069,-1.9366005231562056,-2.0076433506134763,0.5781755610931926,-0.4798192931615305,0.3854985832295232,-0.9392437734390057,0.8348181560165753
GSM1692199,-0.23091823963108674,0.13586923587102753,0.5565853006468305,0.03994555869174336,0.48442915775404816,-0.13160783782958513,0.09786203825339226,0.24836955447242853,-0.0016605177748971812,0.23527111131712658,0.9688100465971399,-0.3634569994720754,-0.3296384066403995,0.3437383652178061,0.14955265328125925,0.36898218745838557,0.6058105717251056,-0.5332000483789284,0.03405895041632971,-0.6651550168420776,-0.18269159905934104,0.05188073788320757,0.7173338875103483,0.20920839209042083,0.21799337225196877,-0.5599564079302307,-0.3736455827127136,-0.16223407671833392,0.7477007011735783,0.14918997170511086,0.17879899569729088,0.3915588060051242,0.029410090425812222,-0.2696035783796732,0.8034682401272679,0.48127881257407784,0.6038169711257843,0.5472115250110721,0.47147274739680767,0.44147712676510553,0.439032176441693,0.36252070781483314,-0.20392649060602472,0.4966518696294407,-0.18857072547981213,0.29062149870657183,0.8970549729716396,-0.041460573627289776,0.6286358447943187,0.396624187821876
GSM1692200,1.4247573356323686,-0.14944088699171934,0.0010978196377287575,0.5312113860471946,0.5864473498966006,0.6333031013675023,-0.061364325929543155,-0.19901389813745834,0.012812723482037774,1.028413648210428,-0.31099558164289626,-0.34245848253619715,-0.5893506413206395,1.0302218760156412,-0.5060589382168365,-1.1758204386587605,-0.14643900218184827,-0.6974253149857254,-0.35775695447356437,-0.4960301130663937,0.7399839667408425,0.10110227531830988,-0.1959450966099891,0.6747887664804711,0.39595910106349985,-0.5475190903753435,-0.5041330775213805,0.06785410260181915,0.6174810860288472,0.06482419810794512,-0.14064697876607182,-0.30972405475434656,-0.03906274604998521,0.675581466220857,1.374211852537056,0.05044007914864276,-0.11188576603203196,-1.2724026283647754,-0.3006368366055021,0.4556603131275823,-0.15659433883930074,0.6897830970600943,-0.46639781719879697,-0.6854478450472319,-0.2664827535071517,-0.6065166809528744,0.15962554767262765,0.2940933509619827,0.09274712811600251,0.9643879046275
GSM1692201,1.0347724445805302,-0.6142520242751471,-2.094832057964789,0.601593414600087,1.0912090713098592,-0.9794569924096751,-1.1277063146311148,0.4915642669045923,0.2620414999878994,1.6211373575805508,-0.9302988019987499,-1.4860882948720182,-1.3505685117277784,1.0998602617862987,-0.8906292614278664,-1.8155849672660522,-0.5341040900582342,-1.314478297431746,-0.35802274078242236,-0.6805313512194775,0.7531996922240097,0.2951225019639068,-0.9423958528806612,-0.8385635344884402,-1.234422133787489,-0.5269923713018562,-0.6791117422153596,0.707615222926938,-0.7587562118328904,-1.1350995735685374,-0.8677455352471748,-0.9265724006348375,-0.41057723544857616,1.3470887884703047,0.011234901783818568,0.44066089340291087,-0.9278258742122266,0.2147778614480694,-0.4135962259691499,-1.1073768796885186,-1.5745399591523865,0.36189726383012655,-0.9231445261955258,-0.5497066545724607,-1.4681401103507254,-1.5003283759723423,0.3121247549991719,-0.5508525847347582,-2.012601944756515,0.4203951844425299
GSM1692202,0.7817797538257758,-0.011086065111437348,-1.0214093161811368,1.3767139558490156,0.5669966263180772,-0.4572248533450784,-1.908183078295646,-1.0908501314529506,-0.065966593624112,0.7525007641234653,-0.9159591976649737,1.5720945686098189,0.685885501343719,-0.08106576944859227,-1.5268909573794078,-0.12685125621309667,-0.2895037329198076,0.08012034062493696,0.36867462083081287,-1.729917549682739,-0.8878887135794149,-1.7081860813492402,-0.9250782407103562,-0.9278024399927739,-0.6409901669703181,-0.09468687114884372,-0.30844269980619105,-1.153402531791475,-1.575168042479906,-0.2742507428136884,-0.029023518204183286,0.8142945988458724,0.42127458757297337,0.18193574622052847,0.6629877214016061,1.5140655570905717,-0.07331043435259649,-0.9294556597000492,-0.5195954992109015,-1.9099769575012233,-0.8450406213159316,0.5988004966499602,-0.06107986380339852,-1.5544712306636423,-1.486478861815233,0.4019274145114073,-1.4614230768116554,-0.9713213583486502,-0.3473701904344601,-0.31288232855012177
GSM1692203,1.7313339543185533,-0.28498488431585334,0.669164652619155,-0.8264418283399275,-0.6901203549433883,-1.5306398476009362,-1.5652284206822211,0.9114760240038623,-0.06774185820237284,-0.17500259652763392,-0.2819289519672911,1.1682153866196214,1.1778438660557184,-0.41940655664216614,-1.8191175777301927,-0.40673157509509184,2.101176892586204,0.5595290272288667,1.2621910972960118,-0.04708406981308004,0.1407238045092127,0.6062800591410673,0.481148730089039,-0.046966559019072776,-0.7286686336682042,-1.0668903621342718,-0.9458193169650332,-1.8050307495535067,-0.47904016461317184,-0.021681213564494223,1.4808564859045148,1.4378711690703814,0.7412828346879702,-1.0553291766947248,-0.7109073467238131,1.7448282474482522,-1.4814018414559529,1.2778185185902702,1.4452719765736544,0.071936173862505,1.7017951783069216,1.3594004998972764,-0.5365884033643316,0.10603889017283574,-0.7075178201183049,1.6872433764478545,-0.7037309815832179,0.7717148928950998,-1.022752474636959,0.9123616750782984
GSM1692204,0.3260520564219702,0.28704835580434407,0.594261365065325,-0.04019625682808093,-0.4523360127611626,-0.5160588686342817,-1.0032666588271495,-0.7944831309880792,0.2504400033760435,0.011697594732526535,0.7283684672811731,0.15213645904916193,-0.2384186379203304,-0.2921223860721617,-0.46422203413956803,-0.24237213072118363,-0.16316388363019818,-0.93713440651599,0.3430778546026235,0.02232254481123751,-0.4345002111127091,-0.8813612890108686,-0.12785195101382651,0.1278311404359202,0.4472647562231796,-0.47101519513913914,-0.18371444072333495,-1.0418945314909012,-0.8951853726744188,-0.4537808927757886,0.13285811280921656,0.37323687039160663,-0.07525651457171578,-0.5821027720839762,0.7722005396285374,1.0877284339661681,-1.0557267489035584,0.11348894925322718,1.0466386609841263,-0.15283423826473852,0.4531031002207623,0.056841955031589946,-0.1469710740319439,0.045784500960718025,-0.4121362561143195,-0.23054551755362632,-0.023863936486187242,-0.9604430776483632,-0.3951246110439035,-0.07202860003564748
GSM1692205,0.04951373783270949,-1.020727593912051,-2.5811614293429663,0.7916499324049048,2.366164450774844,-0.8513289652275216,-1.9927002526748596,-0.5805136048135474,0.32711334058662933,1.2934249861427303,-1.502806112546597,0.42304549454602264,-0.7447148186427764,1.1896455012005434,-0.09590537431028825,-1.2109054419258247,-0.40016971928796247,-1.0702033732555614,-1.2950957519380466,0.6857971869385904,1.2847110451913137,-0.4036877358091843,-2.3318384472019664,-1.2112267550230533,-1.181309437885317,0.369137721181617,0.00597256721972428,1.8162340269830792,-0.9205525579704696,-0.6506459613204525,-1.2274829470225568,-0.1765062018530334,1.0662631919333372,2.2131548479123806,0.5119158177834556,0.0517233649453369,-0.2037828116206242,-0.16093943795306032,-1.7660852296102931,-0.8296958237006457,-2.9032940977921107,0.013959839485623467,-0.5103814967361454,-2.500494461996385,-1.9250471968711889,-0.16154197998524253,-1.8806817687908521,0.3050751032358745,1.2018336512940646,0.8736794569761508
GSM1692206,0.7180443373780423,-0.04964554520377821,-1.2815487897350362,-0.20873169813631626,0.6064560140689927,0.48571058943629947,0.29750110332494173,-0.2878886304264711,-0.19225644848170578,-0.1995581564294082,-0.3740672286556068,0.013088178439026158,-0.2601082823479946,0.3935891743551995,0.21555239493428657,-0.18944082084431352,0.0012656303164744929,-0.7270924650125737,0.32042416231645826,-0.5943953489138385,0.04263154983127583,-0.056653806392189206,-0.3297193715355567,0.3533455242475122,0.4665422276288975,0.6193163249401946,0.6168432644355772,0.2583583339998326,-0.12993991545274766,-0.6653169491582386,-0.5314357260607684,0.10250915015536406,0.3983663948291564,0.959931824933765,0.7022521399178829,0.8214505043531902,0.801734448229055,0.19026499717704087,-0.21874318193125536,0.35683039026418034,-0.918726343536094,0.5423441541142696,-1.0658363144672125,-0.8365878447051479,-0.13305441539936422,0.4552308185066235,-0.6488853766153877,1.1054324898580428,0.8752342823844292,0.6680999224773064
GSM1692207,-0.20853310703197747,-1.1013873750203045,-0.5223366569841968,0.13323250948232057,0.44591617040156695,1.6515709157746508,1.4795872057688906,-0.8558716585619399,1.3991878716669421,0.8505114653221966,0.6757606105169838,-1.5161346960487692,-0.0468340715314211,0.3286239541179689,1.070888244285701,1.8928656465119202,0.2984005618623098,0.7285214222957582,0.8816014760423507,1.410981332951077,1.6462545593354039,2.0152813329617825,0.7348470664201038,1.867104034144147,1.8166024092639639,0.6086332049569017,0.7352215737579127,0.3274603195985528,1.6600186069459413,1.0101323033054688,0.07109830267738564,-1.0211962558779708,-0.7044938950665466,0.41976860404920924,0.9667757887775326,-1.748672423758399,0.008780582799830076,-0.6773551832735086,-1.2447995946303907,1.4120231983022098,-0.3001977781489333,-0.14635176533566369,0.34311756543653305,-0.0847818653663941,2.2983310506986427,-0.8584880835141612,-0.16203293734990187,2.0064966060222456,-0.7008351432867518,0.4014023956760612
GSM1692208,-1.4782725826936227,-0.08310970985107266,-1.0846724558900513,-0.5759731070354943,1.4839398631557081,0.841730141977332,1.7393701804263844,0.7276803489412035,0.6176226904318973,0.47552531496260125,0.39594887856206556,-1.32693092789752,-1.0013349728882264,0.4854799571679766,-0.44574531139880796,-0.14447801548949887,-1.472471628405626,-0.5360818914647763,-0.9867571952730279,-0.3718897783954575,1.2666726446615355,-0.21961160384700154,-0.20429197072266136,1.0103963076868632,2.197970273274531,1.1039228036917712,1.1777467590349262,0.6917004022408855,1.5124277916410827,-0.6997117640072982,0.13156194556859643,-0.6674511626675834,-0.25811496392424543,1.1322782645327552,-0.5299765078954384,-1.1090069588300226,-0.14344904895024305,-0.8362170650096897,-1.231733658817651,0.725643543373576,-0.2958633356533747,0.48466930851549295,0.08723763317105834,-1.185252304106769,1.3528962364831731,-0.03188431373445433,-1.04909523521331,1.789319333279203,-0.3021733271395947,0.42274448454308416
GSM1692209,0.5000788464228489,0.5915563243940217,-0.8762065237957145,-0.9488508934178135,-0.3205367941185662,0.6376338484335016,-0.17469666873795667,-0.8109862726203748,-0.5242460777700576,-0.5776982506506468,0.7226132392890755,0.7727598932587051,-0.14886608711654103,-0.1016058916342141,-0.021797281331522735,0.36937104139854277,0.8064101204463767,-0.3037655439162634,-0.598151391454341,-0.25880959089375855,0.6147334050886734,-0.31421821036186753,-0.3072477896338237,-0.4432342050581577,0.20479817751359905,1.099312558843483,1.1225343791787534,0.0815961390765437,-0.06555682583017758,-0.915421113330662,-0.08352000230075528,0.5850993895694163,0.3303403860868136,-0.1701957530395537,0.294954775520852,0.9162030244358877,-0.37032032010467336,0.36224191190373856,-0.03488490395200103,-0.35230136813023,-0.121997249866284,0.04597542442557247,0.2576624573513653,0.37115507928503344,-0.37142506659927044,0.6995513823509347,-0.16313682293673637,-0.06584058619352975,0.4153992535011604,0.7766717658328958
GSM1692210,-0.5215994813786049,1.6616391464646212,-1.1661818377554132,-0.6535279394118679,-0.15786039354883966,0.2748872269751565,-0.5397151617539753,0.04895332435662422,-0.8100593477123604,-1.102670946265903,0.17768782548157108,1.262605296894707,0.5666813156237251,-1.0081182359452243,0.050647243456749855,-0.6360345162824521,0.5888531151194614,-0.03073042619013762,-0.8798529787497094,-0.29886521472166006,-0.8426541552608713,-1.2796981834232586,0.01831670424899287,-1.1097238194713368,-0.6570551132205658,0.3147797842802582,0.2752487773644982,-1.2616096168983886,-1.141859810882366,-0.644942383135641,-0.04432320091013066,1.5905549233620566,1.9909148128782335,-0.8934887935195188,0.29769218840945594,0.9752360626183796,-1.256252418434244,0.6029092586112382,0.5401713121256501,-1.00615959033891,-0.6418603721890712,-1.0721988258247817,-0.834219908645068,0.0022974436600653888,-0.6240004657797555,1.2462352605124256,0.513707156065167,-1.129066202880715,1.1564140484827525,-1.2983185195421936
GSM1692211,-1.17612255193423,0.7283880076102799,-0.5817268209285419,0.3491181966804267,-1.1393108845326823,0.1398397311721302,0.37644263294537,-0.8008049986399771,-0.48612972049556047,-0.3641032595041552,0.7481969821833211,0.21938232075950045,0.07375099334654733,-0.24362972258221352,0.05295091699072633,-0.8337138331004824,-0.341850041040777,-0.3123672931150271,0.5355341309640639,0.3922596703233456,-0.42387050500197926,0.10672097362132105,-0.3365085263697861,-0.5371172251388683,-0.11687579231174113,-0.2605426328320631,-0.14927467806746125,0.568527754506221,0.9963290397844854,-0.04477479399685742,-0.4239975347042085,-0.026250928629175534,-0.40037929754183893,-0.842823187138248,-0.665435415075743,-0.48341694152449,0.6423439286320316,2.1023731744391374,-0.06382001638164114,-0.6328272236854586,-0.023200618542981277,-0.00748617277864721,-1.263433507152773,0.5657283136483006,0.6360678985192544,0.04430567163246205,-0.20129118752736805,-0.2552851135584137,0.03615847016784602,-1.4440835166705126
GSM1692212,1.6760720013480803,-0.9437596140044583,1.1518875770173984,0.0988372334639944,-1.1830668402997861,-1.604982584625559,-0.660278535545301,2.4219208020890974,1.2680754838922197,0.0036553887641873925,0.06259070854037452,-0.1634430957837046,1.1332051475886777,0.03595068060675379,-0.8704488768782717,1.1255838669479001,2.374314530416729,1.1815126252681996,1.5469223688454297,0.31847435222575415,-0.9468294580716572,-0.7194847503308535,0.7017927267579486,1.3640124238322697,-0.4123149618935869,0.31625747144682104,0.3545364259682489,-0.9730754198780014,-0.762359681659597,0.32102698639552896,1.7645806018087493,0.6884343686627354,-0.33696023258710994,-1.4572707968394643,-0.2662357671852364,1.7479000033207663,0.012649344056774486,0.5013682978462035,2.3572001844041,-0.07932254995166321,2.227933066369861,0.09850211342394057,2.0997658480951538,0.42492034272655493,-0.15553076479722364,0.9667723851490921,0.3275625622263259,0.24394885218226237,-1.305908354673106,0.27039315404670683
GSM1692213,-0.34637969898347226,-0.7156913149974952,0.7589342348430355,0.28237541004208677,0.8449321312069445,-0.5466843390044083,1.5860104882837343,-0.23489611118097414,0.16288951413258582,1.340158043165395,0.6817520384360146,-1.5351653365013451,-0.7892909976174368,0.6162815115705192,1.4520278829908422,1.7986360963014794,-0.1332062465509066,-0.312574534696996,0.16860963989524422,1.0700814958343012,1.0465608226887129,1.2974161512198308,1.384306303288878,0.9834174330031066,1.544880581397362,-0.6941124491986917,-0.4444395929556893,0.5313572165604992,2.155187499798497,0.6317344846665178,0.7171979004610413,-1.175590832023495,-0.9679070713678737,0.9062834161971057,-0.26195358500102545,-1.4594836147265384,0.34783964502763404,-0.30144990136565053,-0.07778794287465715,1.1734717960512482,0.6075927360305887,0.6320367547885062,-0.5170073339040714,1.1704441973380375,1.166243088229468,-0.17556984477775908,0.9703635581794889,0.22566223137513708,-0.08924045969465133,0.9633564892553617
GSM1692214,0.4365961968956185,-0.6109211145264055,0.5539433851051331,0.4635425268197086,-0.6107054933109958,0.35764574931998977,0.0015447559438764996,0.8648581654904586,-0.08893733998667692,-0.12045779322048843,-0.37980218277918776,0.8544294098058598,1.0524668003088546,-0.049642465220330854,0.6827994760002107,1.1215157759303451,0.9400755891281758,0.9424192622488283,0.9020402912977816,0.7075837300005525,0.892947732324731,1.472089612463993,0.038532890966394895,0.2850268296613299,-0.24630220430009325,0.5641008387462124,0.45872817212243977,-0.2532207187858813,0.59196230405477,0.5402656005048267,1.0782622942404063,0.43866066857587355,-0.0347897363701325,-0.25920637480420383,0.11138236156855556,0.2075016616714376,1.396672774408189,0.4651135960793599,1.0452386381533305,0.7139061598680261,1.2914297712659961,0.4217474140547033,0.5412299503270448,0.6391376819426684,0.7735406757956131,0.7643289430974267,-0.7651250944013623,1.660533335610254,-0.27409322340516845,0.925933729578842
GSM1692215,-1.914193236702729,1.3935396994053217,0.32155340093900936,0.8124035590122842,-0.8633711216619769,1.6074188404954293,4.046886093824039,-0.6075067998654482,0.6931890147751394,0.15670370121017643,0.9188239661099489,0.5734463105147264,0.4900343817543486,0.30288337505898927,4.614454037457358,3.627890836792803,-0.9916051590778893,0.22529359977679517,-0.3172364034162783,-0.19935027175978307,-0.18620233570584943,1.7416406540589713,4.7224511139451435,1.1230163092312433,2.461059478945242,1.0513827751571343,1.492714765129782,0.824089578997367,1.6714576568597967,0.06434663205875779,1.630980315073702,0.851166502348527,1.593737269164524,-0.37234851123023943,-0.08410290820339086,-0.9468176596891144,2.1524533084226833,-0.30576949369805134,-0.9732626040025316,-0.7841070966928699,-0.49632066795737234,0.33890894921142445,0.025031795737440996,1.4741378910634229,4.317171072643742,2.3527164624537473,0.7360284226838548,2.4959220782475264,1.0477144219896768,-0.900873869975571
GSM1692216,-0.3272085142511932,1.4456955879781672,-0.2252789128276812,-0.7232752255459141,-0.18247307848434005,1.1106200742513908,-0.10301712048993653,0.4975473280805689,-0.654341584976096,-0.3565600358056859,0.8665288544482471,0.7487674058894928,0.17625887586826983,-0.2711366292357303,-0.5050151911301562,-0.4785589544652374,-0.3991790596436962,-0.35522275952725685,-0.09990219245582664,-0.6532939841605272,-0.25875766338763884,-0.2829676325251225,-0.36359780049888074,-0.13146749615306066,0.11465302621863062,0.5676742525527927,0.8265538193921267,-0.36731794061715584,0.6551726920457213,-0.8618534735492145,-0.4261893619105156,0.49378844666422794,0.21776067276455474,-0.5451632754905076,0.07339072821680041,0.42817484971428466,-0.30349275642740786,0.10634507180755894,0.14000807960486933,-0.9877928719109366,0.12213755742379685,-0.5540042359463544,-0.5003668992546658,-0.7162069329312384,0.29996854800060124,0.6100233742194956,-0.25814614054102286,-0.6605128008626349,-0.4044611477583612,0.19639562090550064
GSM1692217,0.09473077924890193,-0.4177187817052215,1.5923224873741573,0.18008067686933074,-1.6868096554945777,-1.1897382898063151,-0.333243758478553,1.6994425890107492,0.7721224845231265,-0.4168172875070628,0.1226608326524945,-0.5332621013175637,0.9991228206220466,-0.6530414722014433,-1.0851827568616748,0.07296582604772872,1.0028487253608211,1.3644275970873196,1.4608228751766497,0.11076459441749215,-1.7605913199035785,-0.31757435358903,-0.19618271973917348,1.2157853004639079,0.02569007848738067,0.1733001111357638,0.1716324177280049,-0.3246305516592523,-0.7489171981020046,0.8571927912356306,0.7840933233569789,0.3294338147378317,-0.5673740530723115,-2.02663423738354,-0.028574808518824817,0.3167504020117066,0.3515646221907862,-0.43916454814906314,1.431969667169859,0.136563599269994,2.0092866401190834,-0.4993307937382522,1.6799047845490431,0.6657158883720972,0.11326841515361535,0.581348432373982,0.6001326220643699,-1.671167883253373,-0.8429188777253432,-0.834981578221875
GSM1692218,1.1301596566890444,-0.00738722729340901,1.207402257642711,0.1242671064454765,-0.7930675511839255,-1.1246037045266841,-0.595633119421706,0.7770734841045298,-0.5305517574452683,0.1950628091339074,0.7334350923515224,-0.6400936799145764,-0.11684523434340938,-0.27989316582819523,0.06786184546442275,0.03361316248032862,1.1382520083388454,-0.26420621475456835,0.4816342843206061,1.5748648143950965,0.5391313910271865,1.011078969553381,0.4878868253896992,0.6000937449259374,-0.006198689600345018,-0.701534137594941,-0.6702044581291645,-0.32988506402711065,0.9525055297651794,-0.03295949083718579,0.41186023807925864,0.09921308502415922,-0.5414602070604201,-0.3727727244669957,-0.2794664877804395,0.35598099908566916,1.5662057215701892,0.4882529608924232,1.161435310842531,0.8322566293391976,1.0084034605097998,0.943444555081045,-0.07248583633185322,1.5141000163272236,0.1503076447690031,-0.18046179821469574,0.8527984004258181,0.0006660566600678282,-0.5053678532793118,1.3529150779970034
GSM1692219,-1.2558345730058282,0.5735380643620056,-0.11588454604292238,0.09832106232643323,-0.7873654589825861,0.14125315699032845,0.2699692048136666,-0.6029180764485949,-0.947962935209223,-0.19457923663197016,0.12654183795043514,-0.5807152997545035,-0.664274569476905,-0.4085801920715367,-0.5838156846760417,-1.2855843416145627,-1.4388756348512113,-0.5583744972265657,-0.8879521314287848,0.8588867267367752,-0.27540675250328345,0.32263034780912975,-0.5868495551744627,0.11337770819423892,0.3550119518540648,-0.7064586463615595,-0.37090513304375383,-0.24386863135332837,0.5163772666533846,0.34489937522041236,-1.1407611930356985,-0.4655308152463621,-0.3352215522492849,-0.24582634935087447,0.1705660063111103,-0.939412264440444,0.313367743121337,-0.9437209268257697,-1.574526668787583,0.5884411038544118,-0.3381304124940116,-0.1896764846436483,-0.5675660537606128,0.3141630263376906,0.4484445950927576,-0.7645100998793044,0.18844419415855693,-0.8797412448962627,0.319464118823088,-0.8060240539522018
GSM1692220,-0.1706934376286747,-0.5298860273803925,-1.7617217872016213,-0.6009303588093896,0.4400571990009809,0.18369404322867666,-0.8004653910467343,-1.7184827389269453,-0.006863039975623428,-0.18968102869434908,-1.4419840123085437,0.2872120360781139,-1.0311105313974942,-0.6918834180682036,-2.0849341591576644,-2.242152884871429,-1.6972997754589498,-1.2642359507896004,-0.8798675424021964,-1.0949874765582488,-1.1463609566159254,-0.8401884840372019,-2.1701828576316946,-0.6996802163630065,-0.25163236953686574,-0.24049151618640927,-0.4944477710129282,-0.02873068635824919,-1.8239223298165155,0.03983795973815655,-1.8209095797134764,-1.0982271011030444,-0.7421568494456598,-0.03383298519407132,0.923820578317813,-0.3234039923280617,-0.09976263105642166,-1.2254159449267898,-1.2792127804398246,-1.387641648272474,-1.299748670061544,0.6382944645937987,-0.7578542024732982,-1.2563614195207236,-0.42397342995118126,-1.333967742882095,-0.5065316808524054,-0.6864176958040296,-0.48205484326199755,-1.406151068789748
GSM1692221,0.41344625857697914,-0.44937231435338637,0.01087024037065086,1.806285975163348,0.05818367180612602,0.7142137908593021,0.046020806801794246,-0.6973955375129419,0.08091215262795773,0.3014732115218334,-1.0508774083382333,1.838166595704923,1.9876684598206884,0.6381782728988777,-1.090531423183193,-0.5285311350249557,-0.9087244250508902,1.8315370363549663,0.7241324196405496,-0.6416140878696579,-0.9230978940497185,-0.8336636920618501,-1.7947082185717445,-0.38602176694758117,-0.4368278976096739,-0.754499238210028,-0.7899288472551663,0.04935525047743491,-0.6732654427900961,0.5347667311937551,0.44682747582247617,0.8814751967634549,0.37551737005323244,-0.29049057994600835,0.01599113859288824,0.3407525803794604,-0.4328041305382439,0.9670312730667487,-0.7797770710384215,-0.6622477488051893,-0.580768952772625,1.7084060793473024,1.664544051666996,-1.6268039411429485,-0.48251020166333414,0.3439521751351121,-1.2949523948459833,0.26460641241283017,0.5077494791218584,-0.9688349399594721
GSM1692222,0.7580861132509724,-0.08554023374523269,-1.0553575642679147,-0.8638499254713227,-0.10856165319561789,-0.45672552774981884,0.1000890870500952,-0.7944059062824964,-0.28575898091655283,0.3319749872417924,0.7577595921523503,-0.22776565605021468,-0.8919601681217568,-0.10678761026631808,-1.118292748250543,-0.6448095369381476,0.10028922794973612,-0.7336812198497937,-0.5600504407401526,0.7419302779177638,-0.027359857795488083,-0.34445200172864415,-0.004046439400831145,0.49770695550598026,-0.15152736887365342,0.5886644778701622,0.6455503000774564,1.0110644642045932,-0.32700574390372616,0.35643349395796553,-0.9270463218319601,-0.3388956371520946,-0.19392147461527715,0.17848602458103427,0.7956967934341345,0.2870781472121626,-0.43149639026884523,-0.7249785673012007,-0.5801659501668706,-0.20563467315165476,-0.5411058167665002,0.11209974889797658,0.13171251010416318,-0.6169832106703529,-0.21460335221961618,-0.20732750971421882,-0.49847777576578706,0.002004048299300369,-0.3375392246463398,0.7073871698017387
GSM1692223,-0.3044749173666515,-0.3302387680833374,1.2261552723876583,0.30131977872881877,-0.49290989119868206,0.5960521504503018,0.6094234767998821,1.083854321529928,0.006052259844412455,0.10240226878427941,0.5754018973698629,-0.8527611097980882,-0.1029349288399788,0.0666054125374818,0.6160101806892708,0.4266556930885514,-0.9144040357296341,0.24942430093436102,0.3776231575122203,1.637282816190202,-0.3798067759259027,0.9267625107606746,0.06197604809135894,1.4125076952348492,0.2999847679955616,-0.36096994907705277,-0.1984567689209341,-0.11243863494092318,0.48953554740763117,1.3721706742186706,0.17445008569042028,-0.7292018183582278,-0.5430326124720601,-0.23700671123925834,1.2093912108004063,-1.0704021465900733,2.075261298208974,0.33645361340312097,0.32862458312269976,1.7561523937109675,0.8065367861677699,0.15182616166307003,-0.3787787529641344,2.2890903323075342,1.3345733285446733,-1.1558268339179723,-0.3317595297788347,0.7908313896747057,-0.030229786177749882,0.47887280423647816
GSM1692224,-0.8935683620118975,0.49195753227380623,1.6245179590138115,-0.3428793384341183,-1.0768472070181985,-1.2410318394579787,-0.8744138596118386,-0.6064128479446589,-1.8675826903826942,-1.2366360982565838,0.3919361059324787,-0.5172063420879454,0.3683074535211503,-1.1335804555664861,0.16796503570135196,-1.2246858740060453,-0.5600299157500991,0.120399761389108,0.22052282532149392,0.3503421903787461,0.05938006843052263,1.0796244330376494,0.9473512485625654,0.7227820784418922,0.49171668610557856,-0.6609101951861611,-0.37725341556323,-1.0568620559024786,1.120756760805116,0.09425429654444192,0.5032671880542948,0.5235433097757702,0.5822030195494068,-1.0155194529616483,-1.606637694491707,-0.8072139840091037,-0.6477445296793884,0.8743144713373976,-0.9920124446359254,0.399275902026712,1.0556983629126895,-0.6763948333676014,0.1673474009116318,-0.04643438432577629,0.12256562176053448,1.0309687968477501,0.962006834859277,-0.7898192743845671,0.5573406321265842,-0.6389684530529234
GSM1692225,0.3211862519611855,-0.039427263896697116,0.13673211679754524,1.9589139177300812,1.101025747918576,0.3685528891482242,0.6083471920712951,1.165473379519239,0.4117332988310242,0.8300627628363931,-0.3255814970059749,1.2689222075462634,1.1330461278396293,1.6925934488882688,0.2775520815032203,1.5102138684201898,0.6135923424205106,1.2754272862285203,1.0750063218573096,-0.13775234225108035,0.09040368699253756,0.3601905077485442,0.24365017589510016,-0.4917871191512471,0.053380222679683884,-0.05532299289201762,-0.3087491919453708,0.49584473210779423,-0.5369466843083068,1.1266133322693477,0.1812948220720443,0.3609875415404179,0.582825434518534,0.8092778292795721,0.7189939332390597,0.44806921372420067,0.9145119848667332,-1.8136215497162516,0.015541732855388311,-0.20384957325149294,-1.1354724055625327,1.3896632848970858,1.9631708036141213,-1.767340994286454,-0.7937700107234679,0.11212049437517177,1.1885806810742603,0.9979962885522187,0.6697495311494752,1.2558322801684259
GSM1692226,-0.05900660828925783,-0.8744851647962244,0.23250881478009464,0.3494325585795014,0.5508623898450757,0.4584014956086117,0.9684336328386031,-0.7970216264815473,0.1992884699698535,1.3788019890161745,0.9354104754245599,-1.2802759699305726,-0.8252948231629021,1.041056280976191,-0.5846114881204192,0.3790714261451862,-0.8013084482591654,-0.6413520995935335,0.10194756572872864,1.4135372223961893,-0.9451510343564836,0.08158952947719063,-0.34245442436204304,1.652700120667431,1.4929627248855422,0.9531326971642597,1.0067329293289313,0.4869608372890805,0.8731292816582835,0.4653915841407467,-0.0666725787956585,-1.6118195653028744,-1.5275139038064407,0.4341641099476377,0.4656662205641933,-1.2561977632375236,-0.05174125447663922,-2.217626439814662,-0.3679684890908015,1.260879568606811,0.2589847727095202,-0.5554389919884916,0.09383339547947855,0.8730429092420974,1.690946581471046,-1.5801548661948646,1.6724483564499617,0.5172730506023857,-1.4632573537681595,-0.5083179474001545
GSM1692227,1.028819215024524,-0.028776499586797046,2.3066071174998948,2.3288739299631986,-0.14325287857289115,1.234521676425561,0.20568231127377226,1.083908303924067,0.44923185611363425,0.8824184259505232,0.910855703584468,0.38285922247317433,1.4779948870194466,0.6593897905914156,1.2292879371001295,1.3096399058325456,0.36999004501038,1.5417109223542609,0.3127572604505266,0.17163720948087693,0.09150667704829485,-0.11796186547045828,0.16901192792293002,0.3844439817622121,0.1427780375822035,-0.6069114795178336,-0.44408195892347585,-1.313781141249419,0.3695712794457823,1.5906298372438346,1.4588524445732516,0.8528248445576292,-0.013947708468411863,0.0394638169153317,1.0849793730486457,0.17210626815362354,-0.6608008282655563,0.9230082740954151,0.7973853623110602,0.43378968700969445,1.425716972590186,0.8331759474391967,0.04323868417805805,0.3981451070570162,0.260286007754504,0.5314893539991747,0.6346768967176138,-0.3412914476030467,0.2417267237581749,0.31914171400024743
GSM1692228,0.3489956289681483,0.7574780566568134,-0.06520476689090307,-0.9572834838449221,-0.8555210184649028,0.08158405950907076,0.24527545121076666,1.5241028442487499,0.16437216849082611,-0.6664304389049884,0.6683037445001679,0.8226877853185617,0.4109138346712855,-0.479028900309913,-1.7631179525484908,-0.5262729048935001,0.5034009130024635,-0.3447020949710868,-0.08901534767752335,-0.7180964848284653,0.018106605741761504,-1.9146249682819947,-0.39982496949879676,0.3512936031113629,0.3777585676894362,1.4598575010993278,1.5957608615004253,0.7596490712470988,-0.996665607602909,-1.4276849082260872,-0.15999730985145713,0.425387738613181,0.24333774855889703,-0.11767390955801954,0.1520712653809533,1.2724914590365033,-0.39044857029730196,-0.22334365215709986,0.24466808641904336,-0.7062331065789069,-0.582921170291726,-0.2835549207049194,0.007682008179473445,-1.332213230792449,-0.4442789637475517,-0.14582435363728516,-0.20825884516088902,-0.12348774377150686,-0.8024041413120867,-0.262196682114068
GSM1692229,1.8411000901402872,0.0011086600250992038,1.67393005597892,0.1987064559035824,-0.40868442742855926,0.2168615135457441,0.18970741742879477,1.2843694062462183,1.1662399765638647,-0.2854472496755267,0.8180643319911011,-0.0969928025476193,0.13296685085534832,0.32817782449857413,0.2332797728608766,0.7182252248835709,2.0607897938175834,-0.11655018701745994,1.4605145654915275,2.2238953117981066,0.6311394449380278,1.83052932147969,1.6080011299528578,0.6886652051765844,0.26615388599469303,-0.7173858845064283,-0.6462824868380306,-0.9229694433239364,0.7947269919499278,-0.6011399123300607,1.4061346584972994,0.5894712888200883,0.32684802950813957,-0.39996734059921957,-0.19938346520254518,0.7572214530699702,1.0680878746201816,0.6572150807946151,1.407316301208054,0.754997382239888,0.9649560768306228,1.6655497085936624,0.5911382177972861,0.8738384516703916,0.5180744583329253,0.6229297305589505,1.259477859533037,0.5686801124992689,0.3273910673619883,1.2967871415570078
GSM1692230,0.7517822924422538,-0.29298168410543907,-0.9503209831318031,0.45168275892599824,1.2742720770078204,1.0510346168791522,0.4335026872870903,-0.47691710214858424,0.7681665897568806,0.6908500426133336,-0.16990584702521525,0.09385322961174979,-0.8943804847767415,0.5116645957613415,0.12635447310035974,0.30109064728570567,0.8743265656605577,-0.3683300198589998,0.36294512413083774,-0.8855511532160837,1.1068360650247933,1.1794398293804862,-0.04414571266257283,-0.2851126707427944,0.37566739150389983,0.6358275687086317,0.5474958132861582,1.5737787935549312,0.4953044210471432,-0.6212958771603591,-0.272956419304132,-0.2997674745513074,0.039206199558914454,1.6268481236951646,1.096535759615966,-0.029356501483944926,1.3346067144488216,-0.4152709417663894,-0.5670027472930042,-0.06274661431918024,-1.2274670066316586,0.6657321113677389,-0.18314184993565222,0.48039237618135155,-0.3558863273616836,-0.07388309732810663,-0.047825861252495216,0.34681164879212084,0.5674646275365138,1.1500420067057422
GSM1692231,0.6833511942885493,0.5299959564565382,0.5532121863470945,-0.08893241812456698,-0.40963549852857184,-0.5341212875612386,0.19272116495110936,0.7273818212201862,-0.18441109209986747,0.17712134730244464,1.5211365135933337,-0.5951332787111375,-0.17177325458783052,-0.31255879354066546,-0.2992711614150987,-0.3715129570829476,0.3965821458524032,0.03642527902406968,0.4723537976929412,0.7861577319964008,-1.1539101147700672,0.4234796392012482,0.3250079875387701,0.7338923637377105,0.9989586373574412,0.5141079790792381,0.5589418561074511,-0.4066279296956542,0.07663081880887707,0.1496210009190685,0.12219571009165399,0.1944704426152211,0.013408027855055954,-0.8877687807766234,0.4689492691800758,-0.31205576302971616,0.3906908591881892,0.886684894294406,1.1252546309678837,0.6941419402403975,0.8466001096384524,-0.5110341749158777,-0.41371008331505893,0.7417726774864213,0.9448176148109012,0.3647147072503334,0.6474318456138575,-0.9575311000610506,0.08875033520293457,-0.8493937360754439
GSM1692232,1.0467618179930223,-1.420963284279765,-0.2490240931137102,-0.8906478997362771,-0.05641485026771143,0.8923608432079554,-0.6888644827908376,1.6157080977250415,0.4310364766446762,0.5200911824814328,-0.04833235271705585,-0.622096998529885,-1.2888726206233738,0.33203023616276645,-0.09401867177527536,-0.19410039822102795,0.26943077732974813,-1.3846396896230406,0.5011679414343807,0.19959516230860094,-0.870338033033806,0.13712605743283726,-0.23367732226605217,0.37897875403942544,0.24932828605171434,-0.16617358871425078,-0.4314447662042089,1.0610402478430612,-0.8549795701785075,-0.1685343855918811,-0.9277272802241737,-1.115615475260583,-0.9844884161008713,0.09632653894905374,1.922002912466036,0.3529694695650192,0.8524366981945629,0.953170330548067,1.3798176737603796,-1.0041917186538514,0.03125006550980139,-0.35969453442339344,-0.35386318740179884,1.1739618513690684,0.1219842050925671,-0.6315048467324916,1.1090679914208361,0.19753386446077345,-1.0869344900982003,0.5302137484029987
GSM1692233,0.26524358171606865,0.3101821174104538,0.2074241834370036,0.570521007990047,0.050721431131964506,0.586723033189723,-0.9713641221887817,0.20559952570760565,-0.6302159265189581,0.14875151869278797,0.05308044341662777,-0.044316604867988114,-0.913027544573505,0.13891138966349367,-0.8864464503870408,-1.7344630843092674,-0.14124036808098334,-0.5701434279547174,-0.3632849633664102,0.22971342337190903,0.08109199947700295,0.125821192624987,-0.7303046653494312,-0.24455366446544216,0.08001418412771273,-0.17150963740847133,-0.2108877720618885,0.3043868200496368,0.5902027145644045,-0.46877761170927024,-1.2199624505546884,-0.43432504348140843,-0.24030775408582092,0.7324981283274657,0.09424510929383369,-0.24402278235721023,0.369300567658463,-0.38488640511053257,0.11529220680327086,0.7723780485674987,-0.5657483891033365,0.032914427514649534,-1.5122314885235104,-0.8655217288287603,-0.11884582162977979,-0.9969079150916993,-0.37990103652963597,-1.2056112622858788,0.06683088434032654,0.6685773445695846
GSM1692234,-0.031856410542759894,-1.7582214066952064,-1.5215441720041254,0.27661665257861817,2.5431054049334,0.3335729212703957,-1.0232217985821344,-1.466389861257247,-0.250444330112046,0.9842758018702885,-2.0568923192968476,-0.9006000561925687,-1.461231653873184,1.5359754379506192,-0.051124754726180714,-0.8841373112418055,0.8863351650612667,-0.718057659653499,-0.6614534808607972,-1.8214939872801614,2.532139060383916,-0.4543108603859867,-2.4702414275509335,-1.3360092209918848,-1.4729405236354054,-0.7085152689534696,-1.1288874264531545,2.4275269677090603,-0.27893052871589974,-0.16083540787229536,-1.404700531266229,-1.4757132500214027,-0.737683484892566,2.015066180498927,0.7622736964259207,-0.2926264567950998,-0.46426909776630876,-0.8017988610653004,-2.5317052701585334,-0.8293735820925073,-1.4358061424218944,1.6413899319230068,0.7244157989968547,-2.0538458052523625,-1.7663485020244993,-1.4666258537585959,-1.8680903528448256,1.3949992467542571,-0.5370134368946738,1.6768994088524891
GSM1692235,-0.08945424459409637,-1.4789174868453048,-1.198542956725731,-0.4960473772133534,2.4352326306386614,2.0293229950475307,1.1605551498400557,-1.9325315262679166,0.9834349811471856,1.8887210689361749,-2.481774055776912,0.16751862755684147,-0.02981951578919463,2.0935184177284403,1.1753275995396848,2.2632101963520235,1.468136680039194,0.1744850920807343,-1.1444852059736632,-0.9228826376993302,3.128095091213994,0.9815543616801601,0.24786868140110746,-0.43046180896587094,-0.31931381728107106,-0.8755975812432695,-1.3974407791929746,3.920694444954425,2.795260946574718,0.12009867154455697,-0.45277803687896884,-1.032099851755439,-0.3914100944514805,2.285307784986758,-1.2533974155070293,-0.2961058442377575,2.30955588826318,-2.5397776426540095,-1.477114086302167,-2.446202412682455,-2.2260082156910057,1.250566632427862,1.379019057050645,-0.6938971214797119,1.1040197672739867,-1.178738252765614,-2.7068759382015375,1.9098543784275293,-0.47901070145831554,2.1011387221914704
GSM1692237,1.7836452447445563,-0.029818352206153878,1.389664282798122,0.6648162870489742,-0.04048493504565424,-0.4939265146630106,-0.7602194855182354,2.647487099525633,0.2361390922937226,0.03945211884073609,-0.15973352174726088,1.5875448660441758,0.9057209495198654,0.8014663098668056,-0.5016240404325665,0.2508484041323597,1.8480489468667478,0.07288152314109325,2.0053209052497953,-1.536992899282748,-0.5135633133937468,-0.55600503179629,-0.24845532749550972,-0.6076008130266028,-0.6620370019521665,-0.606365900749076,-0.6831755148168525,-0.8169428426001238,-0.872099177363164,-0.5596971930560071,1.4814981799412403,1.150451503317494,0.5871693976709224,0.16678186119514665,0.42147408870304803,2.025812754544916,1.1189555501018504,0.20972819887966776,1.09486007794921,-0.7960291803796024,0.0989246117351624,0.31828406803414766,0.45336661112085924,-0.5570764822395645,-0.913361066273023,1.2525857304573829,0.4125193474386353,1.747649986956916,-0.5576353838213983,0.9036320833809434
GSM1692238,1.0880579027090942,-2.1598921506652458,-0.2679081898063763,-0.1014115291866027,0.5763141411944054,0.2844824325693237,-1.0267943387570897,1.1871398927171208,0.8741171020257955,0.34616471478611543,-1.798472216605733,-1.4946878352704578,-0.8781111644406356,0.5812793823668952,-0.9949227605052062,0.05443390148998477,0.7295716052039538,-0.9823578532835082,-0.09366636233676945,-0.5818618768887676,1.595439005984415,0.4267002630092512,-0.6544993171330022,-0.1421204225587598,-1.6480634067664672,-1.0791906759992982,-1.2989840783102955,0.4007835431285746,-0.9700374486136307,-0.6294120686917297,-0.07235505574604979,-1.421219262572431,-1.6024272380846105,0.525479865562164,-1.3490202756765615,0.005307107413092418,-0.9039177265519756,-0.5969862462506743,0.3983327828887719,0.9512103974850149,0.19801210586649717,1.1021079364175757,1.2123639105929134,-0.8841845404645431,-1.2224718210277632,-0.7988611662390733,-1.909535524721303,1.1237808168639378,-1.6460791683079044,1.702016631078519
GSM1692239,-1.2066042057727868,-0.4628142063853796,-1.4897665603393206,1.602128735412397,0.6336135145294893,0.5214410482207766,-0.6645183176658825,-1.3970016036039898,-0.512483236946434,0.20536516683134065,-1.4671383984653878,-0.9929287194775575,-1.3626596431475981,0.9687923620398794,-0.43730237515568265,-1.767007335440569,-1.1895241862302772,-0.612097311621243,-0.4735936548343926,-0.3441505164469877,0.039496627270792665,0.7106828018638253,-1.1227572407573763,-0.06624954495078691,0.8026663744482762,-0.2689497672806592,-0.5429686273183427,1.413065984209125,-0.016058931907505267,-0.5178842218026086,-2.0539503694075925,-1.0737175494588178,0.2759208789114332,0.9286149533028281,1.4222844828914931,-1.0801397478756165,0.7159433921585775,-0.380431284009753,-1.414779955757491,-0.2921193240172156,-2.0666926641047016,-0.8016513215914807,-0.8431313800898889,-0.5515558809435602,-0.5357921505739361,-0.3878232603612868,-0.37786765146955986,-0.9252580783849926,1.8617303978826214,0.17584627920558132
GSM1692240,0.7977291800985991,-0.01892569847516074,-0.6414749379278507,-1.3880893425500096,-0.8112628075071092,-0.8438055975977016,-1.1407506473767675,1.0002639189017752,-0.6235389189421516,-0.13675922320260292,-0.08025417917563532,0.6833667681641818,0.6901410577394544,-0.7165169859531445,-1.3730864741879125,-1.140786810515978,0.01652344127222094,0.06273011743829307,-0.11922483863394018,-2.551127923339278,-0.8014805220476561,-1.2034047007346678,-0.9982278246227348,-0.28373679144411984,-0.6873122469710953,-0.7256522167018149,-0.671125206802746,-1.482518806989519,-1.4889614102265794,-0.8318886012338846,-0.2908620993548232,0.44833797139589027,0.24981733621666743,-0.7914998012170698,-0.8769932618708884,1.1321077057031097,-0.5448146624000517,0.66805338464196,0.2759103155013395,-0.7876817206030682,0.572072984010935,0.4310639737013076,-0.23676298026801787,-0.6661362327705063,-1.4250586387527902,0.17614873583415444,-1.1003773369350776,-0.7566500279511579,-0.411767829698832,-0.6448394359650708
GSM1692241,0.5945440687649702,-0.4077898369312219,0.12936539723152965,0.478085642635522,-0.4017697251726037,-0.2505065535925894,0.005254852659081774,-0.08298557868294783,0.24956491176232828,0.5056898453202499,-0.10191919805140343,-0.3977469921331914,-0.6292631074282371,0.6981572103224114,-0.47174821365720465,-1.909739056421906,-0.3116137313916553,-0.8373257783154626,-0.35412463249411413,-0.31488253105468544,-0.697985591259842,-0.2023482585671678,-1.0932662038592,0.253285001814163,-0.18602362382179488,-0.6514707150671745,-0.6262799791313723,-0.6162366560702311,0.04288495077152329,-1.1519255355360116,-0.5237416720072331,-0.3148476944896058,-0.5345706130901955,0.41032684929367064,0.6949292683711266,0.14890851422217188,-0.5993309892116297,1.7219933777661252,0.4274958614097446,-0.6532360447713954,-0.18019844828923068,0.5384261235181221,-0.5376553537317904,-0.39997378041795556,-0.4207941458020987,-0.7438629219700562,0.8946666023416314,-0.31105602565753343,-0.7630740349438214,0.24474026142178873
GSM1692242,0.03567765353772355,0.07698126461054042,-2.38579116220876,0.19284757456346946,1.6058179581608079,0.5180517781040959,-0.35076498071737333,-2.680594312920692,0.44014273613003546,0.7143907842942587,0.07486992284311361,-0.2686072051010954,-1.2475777023782924,1.0403471023739848,0.06655586257500551,0.24349074313043836,0.4694832880637028,-0.9733078544285355,1.1222036116090868,-0.29776675823865856,0.47129637983937767,1.224218552160444,0.012843048929057273,-0.30324806262851295,0.5898151983287402,0.9165643499202742,0.6879324182919697,2.4190622108858864,0.47610432666367286,-0.9311926887972806,-0.7554124788990252,-0.3956380117476555,0.3284308637861639,1.1711278342940235,0.6225780065907185,0.29527194651898336,0.6315831367882737,0.04948885025631317,-1.4133046875001134,-0.3030859212952189,-2.152977140043304,-0.14195041994005642,-0.5758363884200941,-0.3976902788744249,-0.36728605614722865,0.6198730716417143,-2.493218267302512,0.8917358233388054,0.6819844234251212,0.5340973019743075
GSM1692243,0.4648074680129361,-1.4687377014473697,-1.3742949263610182,-0.8797493167027798,0.43292431570785284,0.3822834370316271,-0.42005119079264785,-0.04525156790541626,0.5119099228417345,0.6623897163714326,-0.9962725912309501,-0.6362364603332047,-1.4096733747826737,0.16096801185144827,0.942484093943881,0.2491399562890733,0.08177686877655811,-1.2693042393781566,0.747853232876501,0.6788873812724455,-0.2995601894368807,0.8138502583101208,-0.414831249415627,0.8984684436493101,0.4142532291588717,0.6275099840050208,0.4569463965993774,1.3912981265797957,-1.1166716607581106,-0.3874719402008001,-1.0033589320681071,-1.6187544574569306,-1.4203293366198375,0.6524463846933803,1.3361836636425863,0.12207307660214653,0.543290560301549,-1.0982839294392808,0.07684121812009682,1.2732141324394102,-0.797222873745192,-0.1769005126702848,-0.08927760176333585,-0.6679332426066581,-0.36265856113248013,-0.287779097585898,-1.070319227888934,0.42170285026252036,-0.3239006487438891,0.3595833672287329
GSM1692244,0.2566650979112374,0.721345145963098,-0.06822088443948571,-0.8661747462085183,0.4585635593426598,1.4496778883111454,0.7702632037343422,0.39844483523028956,-0.5580728115584942,-0.10864614771099546,0.15006549622758153,0.35404222649690864,-0.3657652891886215,0.3496581490768752,-0.2650504850404687,0.010063863892409399,-1.0753579698394198,-0.04860221902497034,-0.9577611158701099,-1.275068228118202,1.3283839602839616,-0.5154520306551331,-0.3672976574767459,-0.3783492062000157,-0.921931247439678,0.16889692058932745,0.2559988587329714,-0.10960727065520506,0.42750711104129446,-0.5805668035336168,-0.3646148838171056,0.10605070179680261,-0.0576422588740556,0.7542793283193049,-1.2881186327030794,0.2302205586381377,-1.678085578129163,-1.2772146833345743,-0.9253758514841466,0.040846252567791494,-0.376778500688113,0.4671986896028353,-0.5148356601935702,-1.0926749295477078,-0.4029335277556888,-1.0937510544476803,-0.8401808051760661,0.1557715836971675,-0.8179011204290615,0.8888119844568967
GSM1692245,-0.5251933756140769,0.4751707037633756,0.5422991813069387,1.5090496663292756,0.8549964164362455,2.042613709264009,1.3674145647094886,0.14456527370859482,0.46320760249848714,1.0234890666811047,1.1296921638978508,-0.5201856323966605,-0.6004750872188006,1.1423660085412104,1.0200426297404799,0.3365490314771928,-0.3467229079083968,-0.23313448764710382,-0.26904217008074927,-0.47596878235945717,0.7066028636147099,0.4220166301025916,0.7618061242142471,0.9777312216370921,1.1175564980445596,0.9779931972403383,1.241799607316429,0.8135898291601299,0.6401111870539,0.5661041451412261,0.04343415838893352,-0.5903985017683042,-0.2551831827430204,0.7267492480355249,1.526509714714837,-1.0959543442363253,0.5452202554133719,-0.39132649891668947,0.886526867542594,1.7684620628199652,-0.003910228562423497,0.4856211218388544,-1.2321459674753532,0.6396560812855819,0.9122842847431185,-0.7906281952290682,1.215556477170268,0.8686127076776711,0.9547345470610694,0.4942075006323078
GSM1692246,-0.48723641804527945,1.7856462237402961,0.5232484808132206,-1.9892769136980817,-1.3204370905537164,-0.9020749944900922,-1.9373157050397434,-0.9391166980445138,-2.023994419992211,-2.885414830276215,0.07188054692695914,1.933773226264511,1.0750835352998622,-2.7817634434390754,-1.6225426161924699,-1.8219712535134145,0.3352937338729112,-0.4690273107469033,-2.584710554716523,-1.63417766983304,-2.0616468642854495,-3.382448840649189,-0.23561927502544414,-2.1913683910398096,-0.846706951879681,-0.10769107309529136,0.08280911016424665,-2.375950388571034,-0.913655374198715,-2.3781593516736557,0.08570380646112762,2.3623044222530383,1.9414006951043394,-2.3205245368079828,-0.7735226646298355,2.1516473919151324,-2.202639779842435,2.1698575091323176,0.8187241005065559,-1.8945274292507197,0.45714152679217,-2.002769415992305,-1.1514144259737384,-1.5668520989480117,-1.4265847768658095,0.8447653807062835,-0.819638229241251,-2.937653019753946,0.3453155415708749,-1.907025468194525
GSM1692247,0.47421385088692886,0.7970694629857165,-0.49169611566270177,1.007090732408213,0.9469338248521679,0.5316914907719679,1.1253376523197578,-0.4216614411249133,0.1257050780289049,0.8509722895524818,0.7993890391644739,0.4749117008868682,-0.22601253291276188,1.1903174741544276,0.07104018032505599,0.15504370857854038,1.4489286547819973,-0.47962049792763645,-0.36485131360915096,-0.8055922435432502,0.5112718037256668,-0.5912854831358414,0.4559631650275766,-0.6391727775457627,-0.030210116384563786,0.29773415202089126,0.24523996720853142,-0.3121476225697718,0.8796288794101018,-0.9370972510006438,0.15009656576854014,0.4997149392887502,0.38511158197490253,1.306260959160365,-0.21879943753035447,0.7394312272747027,0.2041301918873633,0.7602519543883104,0.6491371878120001,0.1430644270177566,-0.40572598675325294,0.25455255299193535,-1.178093947301416,0.3377864652524918,0.04642992442551481,-0.005574969122460273,0.32622979241123323,-0.26838961796852745,0.15884553832742568,0.600099220929755
GSM1692248,-0.14680518423446465,-0.019103811714629527,0.1284551560546533,0.3820687189243848,0.1556095444332699,0.2478628114335936,0.7806475635496836,-0.05585003582401135,-0.2505078121948916,0.5155402847657583,1.4753865196983633,-0.9402467907177952,-0.10433632639298901,0.6105966753786801,0.4131199108820434,0.43419944959422224,-0.25349004603893854,0.11812418445037899,0.2864257783810769,0.4175868088943738,0.5718027680208266,1.0005785813314494,0.9410326690628337,0.6966834395254055,0.9034108270372301,0.2603878931534549,0.3094212284106934,-0.12797059888506115,0.999223247690355,0.9403322659905922,0.6326182370566584,-0.13040431131975666,-0.644332714486878,0.29661805869295543,-0.11371282737676904,-0.5952940246536702,0.5605110780975334,0.36521755664851363,-0.6202393935822391,1.0257291395096233,0.6329683356215464,0.025619740409949774,-0.611386946537154,1.4530614249521616,0.5498326558195821,0.32625509559130633,0.25775863843721436,-0.5543090420950963,0.5490797890244404,-0.07939023115683264
GSM1692249,-0.3912752292104916,-0.311842631875049,-0.09924982520691161,-0.5702851726879603,-1.275583747532018,-0.714742738827059,0.01335335198015452,0.037275906441932904,-0.3852389343993349,-0.1629328444463269,0.24440629116113943,-0.7900085585532323,-0.7436862111529077,-0.5423249296200833,-0.2852865068035137,-0.301639860886529,-1.4030149551018507,-0.5018088472472382,-0.1770101348404512,0.7854149255792792,-0.41131492263301217,0.15958587413675207,-0.0661486298010252,0.6854939237294695,0.7255343531685343,-0.275849470688029,-0.26235402436987426,-0.3473569205219768,-0.07031414608948328,0.13524466567530102,-0.5843385864811385,-0.6891969935434428,-0.5038385839212491,-0.4899592453195451,-1.0249675429366034,-0.8694286819920755,0.18020959546311952,-1.1697800867072965,0.4294648310918106,0.3551947187623571,0.3208305820748198,-0.37619706564041683,-0.49321465674537834,0.6570276578596543,0.9292984430566569,-0.7351005031171872,-0.06744142297996844,0.6928203276263283,-0.28745725998180954,-0.4987617982831837
GSM1692250,-2.6356878148946707,-0.6706428815116136,-3.1403480526084344,-5.1109231042294825,-2.5043470315725678,-5.158803725350655,-6.805805436485104,-0.8183055732216972,-2.8953261919698083,-5.613276116312705,-7.6382991667325,3.4493026842956467,2.1233838664942484,-4.945882979231211,-5.466173293157205,-3.3777102086672453,-0.31095768677095337,0.11661637649237792,-4.106018123606504,-4.874988076941522,-0.49829995280612677,-6.860491826104774,-4.579465821507741,-7.930351939415914,-9.435160824566635,-0.37588851466352785,-0.771753718112945,-0.5107373088260094,-6.402814880253994,-2.841965660937208,-0.9627143021838768,2.992615225959643,3.398831726082138,-2.2014415383303603,1.810765978713013,1.7856531475594626,-5.409923335061507,-3.9537253989736145,-1.8063053641591846,-5.675787497658821,-1.3950724041582778,-6.434439973364684,0.4144449261619653,-2.7386632683844296,-5.178896046967502,2.343245942629135,-0.3104447228409942,-2.545624289964214,0.4527852543680332,-5.656188378291599
GSM1692251,0.2707665843082285,-1.2507358208417627,-0.7436432804916002,-0.42979654971799575,0.17766889492985893,-1.2003163325610149,0.2891321282024695,0.8819598076219897,1.8876603974062052,-1.055581876063544,-2.404491465251639,0.5470026005726536,1.0762403322429546,-0.36395970884124956,-0.9204966686950309,0.07777958568401551,0.15616898576782917,1.0239108881421994,1.0465387182082646,-0.6784779079002696,2.203934315513922,0.3765195893163224,0.7717960869061469,-1.5054051932979493,-1.7128483708913813,-0.6499265952571562,-0.8019821630170063,0.7164728342708526,-0.20256196013248468,0.0777850908089452,0.5944071885581385,0.30205814617967885,0.10525518176839767,0.1370594840340467,-1.1430439222256528,-0.05635503276468303,0.36735911089310175,-1.758722979320554,-0.5163833335491522,-0.9778683770684484,-0.7120173210953264,0.6496644768930717,0.847165373684741,-0.3113178051799847,-1.0654184999582947,0.4999527909117175,-0.3359892054391642,1.3050759435956727,-0.05280711409428502,0.5693727798997886
GSM1692252,1.6670088682346411,-0.2031910178186822,0.5796999975922933,0.625055487957116,0.8616587132329956,-0.7025044441608866,-0.564782923456143,0.8371711793921663,-0.4172174487457032,1.4204448285928832,0.8428286590120492,-0.3573991141205236,-0.15834521065035076,1.107280663067143,0.7307728962946558,0.5631190282065653,1.5090017192066314,-0.4259803419927158,0.049721190405422944,0.9840762551908497,0.8021046095013699,0.017529256016384807,0.8155494134704466,0.17369124199633373,-0.07878098567107478,-0.5048163230686062,-0.44373562387649373,-0.3577188408038153,0.1811208293462598,0.5699785667320594,0.39237983685832367,0.4179540000925772,-0.06355319283876237,0.5017921121064104,0.3432294618738223,0.5689724512429117,-0.20643355839704694,0.7292080228943428,1.1318233546914267,-0.03818861416816497,0.6432811680797498,0.9399917874394567,-0.3821318589732331,0.9822596085222278,-0.6180613874838727,0.503977984646652,1.0461772191983465,-0.48916848955625153,-0.37922359150011853,1.6901841680050453
GSM1692253,0.7017905783878682,-0.34128322654915527,0.8300798931220538,1.5156391143522308,1.2915226714207555,-0.6581149461964064,0.9052881187376124,0.47378453015438676,-0.38595795972493935,1.203279432180011,-0.15086759798284805,-0.25973940199123574,-0.30476756630082297,1.5784667020731198,0.6988597954856873,0.6313181161218198,0.8723718612719187,0.013224020055860968,0.1558745495319694,0.5419193127471122,1.2637373233668419,0.3640845068957784,0.9332082081014493,0.47401610562719304,-0.049407019574282535,-0.2800510431255116,-0.2935874488888103,-0.03164051552570961,0.804823909101676,0.5076379381603174,0.41065386154112515,-0.08093441262030765,-0.47196041190882976,0.966954025852649,0.44414677689780235,0.06350193487562682,0.18596895217769147,0.4273708786222156,0.8468556040966135,0.5523864952881354,0.06050726788912367,1.2957489747668771,0.08189640453439608,0.3763920784169375,0.12029121936011643,-0.9210469126406104,2.5374806149989944,-0.4850993362136272,0.2848213572693275,1.3864592975678922
GSM1692254,-0.04893667943936638,-0.5228977708430168,1.5865605845959547,0.15731121747509147,-0.1726476364253627,0.669453232024796,2.242788897792054,-0.3856971371817551,0.6031508031132944,0.4008963627743229,-0.7004796809956712,-0.33417248874559974,0.1514326208831254,0.15547183845479406,1.7651136552267161,1.1668013803047725,-0.2177602682159902,0.8872074652546982,1.133033402331446,0.8742430708239627,1.66107096198944,2.3724055973858107,1.4715385720755159,0.43648944199884093,0.07749267772294072,-0.5854402008423918,-0.6140359656498523,0.8291592583276688,2.363441371456625,0.4223070424263172,1.3079933002466988,-0.0969178532090218,-0.21231634185123424,0.37437683481564543,0.09518609038033687,-1.481103454464117,1.4515854222122155,0.8167588779890368,-1.2363878872387377,0.7208319074109029,0.07109517885455613,0.26650121555305684,0.25031208307094416,1.7785114398288888,2.033393540133559,0.5502572848839605,0.664570277691,1.5358461092697917,1.0362685379329788,1.0733625496214856
GSM1692255,-0.1242964631673482,0.17829881289451996,0.18507821360620247,-0.12990678643505954,-1.2760924975542889,1.168899824126636,0.5500397476779321,0.9430811921885781,-0.6496135874963529,-0.2692426705977681,0.9820845270666888,-0.12449157772670004,0.006283914158744731,-0.3858883032944576,1.2567493181744096,0.007257695645013854,-0.12519532488744117,-0.03467014314127548,-0.29913590366995035,0.04331905907850665,1.0680296395966191,0.28086698788248904,1.4058113661157234,0.5271113215296765,-0.6685575013294827,-0.5092299150614957,-0.39729028833557933,-0.3606255629203254,0.997678592763302,-0.4969148829111832,0.78973415918996,0.36987216974887094,0.21326899324572962,-0.6389738135727073,-0.5594385737192087,0.04375504090866144,0.36213533322275493,1.3835634595380852,0.2807615899165083,1.1642941392715,1.1109643678308443,0.9129433249553774,0.009323165868240967,-0.3309861318627134,-0.0161060717540178,0.3990715836893069,-1.1700173668994447,0.6308198591719454,0.14215681640585656,0.5334105884975161
GSM1692256,-0.4149667813738051,0.36300827450599665,-0.5404152436887919,1.2146551379836181,-0.14209244186043007,0.9573876870558777,1.2793032228411876,-0.21290032978114057,0.5745246844331167,0.1662582184804601,0.5909714562364778,0.06074659654605347,-0.4933365050727583,0.14951269396068628,1.2531997918485227,0.5943750398024514,-0.615111965854959,-0.25964267341651087,-0.07359477805968055,1.0955413404068064,-0.45465051617268953,1.2275512778030093,0.5319072743599359,0.4561867830747657,1.7738000486229564,1.480596867307309,1.2227424742803332,0.7805897472088578,0.7015761754907651,-0.25239400628686426,-0.4251810544916388,-0.9848207899921954,-0.3335789996827833,0.06941430842434657,1.0450753993321709,-1.0921474687414545,1.507084761423676,-0.6455042755193594,-0.4095244682702314,-0.30901240351496156,-0.5012270310697439,0.4289613914187469,-0.08405969615114457,1.8921005666114246,2.1764155341670954,-0.8447811450805907,-0.05161391387923628,0.40167655286848786,0.453926009723499,-0.7201800973551956
GSM1692257,0.6648392054878424,-0.35881042613220604,0.7099702713199615,0.10951828681921542,-0.36218490462914077,-0.8554927149092426,0.4232996081640851,0.5680641570998463,0.03272890937809055,-0.17979595506677734,0.9172545406477204,-0.9869986810098226,-0.4213267545339427,-0.2351074179910237,0.20232979813355007,0.9807719480364343,0.8582181513452062,-0.47511475161050126,1.1819838561291505,2.1211482055082906,-0.7789458974906552,0.7204725812558076,0.4684493587272376,1.5574037050321081,1.078641563995259,0.7494866135492086,0.9997272265085295,0.04408609653352257,0.7087481474780684,0.1651268448505193,0.6289294334558967,-0.35960264677260706,-0.19633235360633136,-0.8496657242506621,-1.3387481466645605,-0.0900052408704587,0.5990556053975292,-0.13547322279709553,1.3445667723709416,0.4788975078778315,1.0713783231392413,-0.4163875515238789,0.09011189686739278,0.7825923562207966,0.8222352583717866,0.5040956310785853,-0.10137887257088957,-0.597681549156037,-0.27684490947035423,0.39708002704048057
GSM1692258,0.4929104399467459,1.0662607710937815,2.1550885403673385,0.18636359880625772,-1.7002862041302116,-1.1551216424443635,0.030079859938654467,-0.041170137033359186,-1.0101936757459373,-1.4980478269156947,0.5528351943082493,1.8335161210799515,1.8270909454454471,-1.282713823748748,-0.02582036116721134,0.6904639982521501,1.3093269859985484,1.2178321827502308,-0.22226528393291295,-1.373012051204479,1.2292603809890232,-1.408755099701025,0.20346186743950975,-1.198658897623013,-1.455383206435492,-0.17192960673570704,0.19847707698174538,-1.3240063183190867,0.5354795936436116,-0.8729271022176683,2.074038731591584,2.1966330731996817,1.577584520383115,-1.1201220399626834,-2.7402574006450306,1.6417911760457395,-2.5519264768763965,1.8396338323096595,-0.12010945413512819,-1.3463965363893309,1.4441656485685934,0.29340553144768317,0.9451077191980736,-1.8682213322134447,-0.9681396236436199,2.6900847773928755,-1.540073661278831,1.48074991070877,-0.5771119828181019,0.24540301433491113
GSM1692259,0.2564448855573974,0.7597418956839106,1.5046614132632745,-0.42838300970693427,-0.7771306466862161,1.1023699109283431,0.8681519861219449,1.2965568807547054,0.7385227304961214,-0.35967494039111053,1.4158343655987093,0.45434150267075335,1.765595895859105,-0.2156784218209564,0.4991905784546402,0.37774705333105246,0.6929017761200628,2.031453506172975,0.2941014958908857,0.5822552984806683,-0.48941998568655654,0.2069940961359711,0.3820951741045035,0.8793125714091963,0.7619032380549735,-0.019017899542207402,0.12662865962667402,-1.1312769580880437,0.9303548627212264,2.0178637927074674,1.0770471051150075,0.8004740451903086,-0.5191748380166433,-0.861145629812627,1.6306262571917973,0.669535404073175,-0.514788236214605,1.4445351500197432,1.1070228261554802,0.5915098001695822,1.869082147762631,-0.02234646529037334,0.5313085393003815,1.421986159405844,1.1128847727530544,0.3451546320569766,0.8360645091710519,0.00014945253614566555,0.10756581537742686,0.1339901189440016
GSM1692260,1.3122172310929647,-0.3505029962993728,1.2417371147332719,0.19361385738850853,0.6570437361580225,0.7949869063644214,0.43899193442476064,0.8313294086609548,-0.03671221580769935,0.23868495750817498,-0.2619118005773179,-0.24480862551660515,-0.08399028860957808,0.2759677097506897,0.25862764586134596,0.4470830905696151,0.8097526066312064,-0.2459894221647682,1.0401502612896731,0.9870354997149806,-1.2312068840194321,0.1226755290980986,-0.38898412420354805,1.1466379425399464,1.0858148349556016,-0.6511120296429311,-0.5726252371169293,0.07678303288554106,-0.008504138706699166,0.21669849279936382,0.3115057907284845,-0.057948236927071815,0.3161115452745306,-0.17363550102377268,1.0310267360628829,0.027191291298672652,2.7336429692766626,-0.5024879842958448,1.959922361811657,1.5658049590100098,0.5479043051310383,0.22306735768785838,0.8241353555302711,0.9397249077184738,1.0845673467597887,0.23012488418878624,1.5460143922965275,0.6076078077739314,0.37491300861886706,1.1723009477362087
GSM1692261,-0.930234856892283,-0.592701806702115,0.2861202153403007,-0.15261164451008769,-0.90911567691288,-0.4040350753651371,-0.582156848352014,1.2054860537830598,0.11130134556942768,-0.038914785638024404,0.1074610733566321,-1.370546182184879,-0.8848146502236997,0.10533316734432989,-1.1356976616154746,-2.272248434844093,-1.5150611263136111,-0.974554709278576,-1.2324206304503824,-0.5042164277854233,-0.5656002456831937,-1.1340983706018375,-2.104517405050405,-0.002410957629956959,-0.9946806638926391,-0.6893297837404673,-0.7759579755256818,-0.8904698320472204,-0.6907632471275845,0.305659632057212,-1.2528345239137206,-1.5837622779785592,-1.5693733655722741,-0.4737744170901368,0.2799505334203238,-0.8131191813175476,-1.0866712150570956,0.35967733389479034,-0.9570549105895138,1.4491685072368112,0.3389527826861533,-0.22147971116405302,-0.7815517112768574,-0.39423441948465476,-0.898030593884322,-1.9395340432662682,1.0778664680722976,-1.738758762818282,-1.4547443832481373,-0.4257998040394566
GSM1692262,0.38545047269252486,-0.2717045868882044,0.5261754854211397,1.358266422621241,1.345784260958508,1.591665632393109,0.8181255309007909,-0.13260600756488566,-0.32284999721328234,1.1815409701471786,0.6542572297901228,-0.2767391098789744,-1.0323892028034647,1.779616321350419,1.068214893827108,0.7855431145708704,0.03373728120077998,-0.46544270531374277,-0.5132585158813394,1.0417583244016302,0.15913481186142062,0.46746949254403025,0.5037093404273858,0.36533201941609433,0.761589864672403,0.6518117257008467,0.5332994859629009,1.0336711262983294,0.7374010215829674,1.4736571519452208,-0.3673915442310834,-0.5172007027803399,-0.3383885979066256,1.3266431515525199,2.4899129195383103,-0.5986259010617867,1.0368516483234909,-0.6157596082824415,0.80376452266615,1.2811828706607589,0.49700755632390037,0.09676475959993541,-0.5123810108245627,1.594956061111663,0.5772055001864264,-0.4596061412394466,1.6691941529681187,0.5773688428373073,0.5953402116971888,1.1100183193467792
GSM1692263,0.20013212060049385,0.2038308519919269,0.08473992640596928,-0.7833473960492837,-0.9756537436617352,-1.2477416550519762,-0.14690414442593244,0.35079115340273687,-0.8241011458857399,-0.7237487770201116,-0.6696864277143875,0.1951741694157659,-0.6674047916058126,-0.6806987025926283,-0.3879394725972977,-0.8968225007613896,0.6031782570976914,-0.5546647936668918,-0.2626809448213437,-0.15494944228323576,-0.3038442716339718,-0.36949416399521534,-0.30016326155491474,0.1024857992034788,0.19839346677906522,-0.5236637936251612,-0.5030979550936551,-0.4756898603712954,0.19250364975644965,-0.18990050947503265,-0.805141744373047,0.08823217868574364,0.17837099358664063,-0.24243571393713048,-0.20612966017029113,0.5905868204312208,1.1117745124020717,-0.5029167924365587,0.41582385162277335,-0.010073098598330808,-0.18084777814724104,-0.12925568105894417,-0.205850251131524,-0.3386034606309862,-0.3573424919816269,-1.0308089076476774,0.22502448148536933,-1.6211874102554351,0.41272764119346406,0.4919383425013384
GSM1692264,-0.940218393760851,0.2616570309046296,0.8282852091346187,-1.5949626980530411,-1.5995061063452465,-1.8006059651483144,-0.9592924021294151,-1.6031644428215959,-1.216942948861374,-1.631220736639169,0.33109434803185195,0.42285720985496816,0.09927843190377514,-1.6961396412150465,-1.4137120852676561,-1.3201857969893263,-1.3649581954698384,-0.48564733326484166,-1.3264203887013701,-0.02148945626547609,-1.36097953533043,-0.8683988903973409,-0.7329860844202446,0.48482764559750563,0.299849003727866,-0.5583330300997376,-0.3949781883313277,-1.687046692215971,-0.904092615052343,-1.419879019248138,-0.436733769137325,0.681781584140798,0.9725937074383806,-1.471326301734401,-0.3637911181740075,0.2598155253300501,0.018326702502922673,-0.07475193693435941,-0.41389518731063535,-0.007689886774821062,0.2217901002060199,-1.3168640711598159,-0.35753757055913854,0.29575328840231,0.0686420942300353,-0.4179674760656363,-0.567523791036133,-0.8653105399422462,-0.16883611722421174,-0.9627008092651111
GSM1692265,0.8702833975021983,0.546757672400022,1.2395499984460856,0.08498861559988784,-0.4761030336301456,-0.9512857226068648,-0.11654948034770961,0.40505433844139777,-1.0075183466624822,-0.27220603102183466,1.2594969728186403,-0.8745767902823539,-0.26831763941993164,-0.34420765402896064,0.2919395750456243,-0.10424999977893269,0.42721144778070913,-0.4194955255190701,0.5717476666216148,1.8290517579992858,-0.8423551208414867,1.07043175510673,0.8371730453500406,0.9123287829407146,0.999539628864349,-0.34808466224092016,-0.3052152622668145,-1.0228915048844671,0.6721352023794881,0.6148296856028167,0.046361923781990964,0.07389064966717766,0.19668030401303632,-0.7627358604073058,0.8218771842412445,-0.16899378483740934,1.2832984803736558,-0.5969320211642192,1.4434255860682295,1.3950895478442848,0.8993325546196523,0.4897991849554563,0.24752834381811684,0.8759999120575989,0.9618597080910521,0.01516770124863252,0.8200496284445145,-0.36509534496256285,1.3137853935841193,0.7714186204477101
GSM1692266,-0.10419148512257913,0.15815173140489866,-0.07925995976918487,0.774635774717684,0.28158603392153075,1.0157050028070873,0.16600329506543074,-0.33312153934548117,-0.06274045007001317,-0.005155447950471597,-0.7798974793963583,-0.7054829060120418,-1.2252208581889246,-0.32924283082311134,1.5213300463707355,-0.6096255793178901,-0.3334144248862739,-0.9520732023062033,-0.4531762998592364,0.7030548454321758,-0.8386688196783327,0.20102052912337107,-0.8019092305647669,0.748382723925708,0.8516772247983382,1.0198082318838861,0.7842652521028594,0.8087549699671339,-0.660137001211662,0.21678625037543395,-1.0211915031656602,-0.9080640091939995,0.14296107435114763,0.5725186487779472,0.5527716537524746,-0.6141803265460926,0.3277384707871653,-0.6934537650757836,0.5870762478475641,1.289879443575715,-0.9060794414749745,0.48040604535445036,-0.6828750409892687,-0.7727959965201389,0.7717583990182004,-0.4378507587543956,0.1406082519995595,-0.10744725536684244,1.510677746733305,-0.3166600156882948
GSM1692267,-0.5860491933279754,0.9393877115082528,1.8157089552004055,0.07307608477452829,-0.42971408802897915,1.4017780945718483,1.3097718681064472,1.7323048926789697,0.1470632715556225,-0.5452301202408293,1.2080869838657802,-1.3370408065551216,-0.4491958620671646,-0.5954165717433746,0.3988614984587313,-0.7089281434830692,-0.20261819198517753,-0.36965259117146854,-0.2522835900181851,1.443967401368488,-1.086273602218968,0.3575785885817149,0.724525677235677,1.9429698393548245,2.0931177003111836,0.2970557125878358,0.6811792896832527,-0.9317407801440533,0.41400730641519506,0.6884077300295596,-0.23770577638798757,-0.5756427352913209,-0.3890892539203518,-0.5248120262072924,0.9012153147545151,-1.176314681234669,1.2974371233400606,0.5208350798259376,0.7864329809280489,1.8278215257020325,1.2826470411964905,-0.7158572262097415,-0.5965022057510864,1.3488960692218355,1.4723750236704105,-0.7581645733441942,1.0530103616312083,-0.008518704593448738,0.6469254296979259,-0.5714860811814778
GSM1692268,0.17617963315550314,0.6454108322553485,-1.483889050397535,2.0900447915530425,0.3635991981617561,-1.3275902499116101,-0.21582614755054252,-3.9446033123716298,1.4062382899988184,0.9728925330730174,0.35433443511183516,0.17604771186809082,0.7305701558075273,-0.014058093570695327,0.3803031938481997,0.748860822438033,0.05761643672241288,0.3972177347011502,0.23145344671919976,-0.43501275777930554,-1.2842935213884363,-0.4566177670518089,0.31775366556897705,-0.9726439712334731,-0.05800533678762238,-0.9235841942880614,-0.5558853350781109,-0.22386877725976256,-0.4817545787034491,0.5375537937605489,0.6997553248699592,0.9811287972825846,1.0289094290705398,-0.22793507063600074,-0.9372302353289915,0.571268487774532,-0.15328099387346172,-0.9063145451077028,-2.127875348379005,-0.49042203766522713,-0.3822663433562569,1.159987736533833,1.4146278546611006,0.06304278833097088,0.4932448526451857,0.9678853888052859,-0.027268339281857252,0.7896242461462603,-0.06453251599391178,-1.5925001181121095
GSM1692269,-1.1455447162252188,1.003386092475131,0.5696470450533399,-0.6735488873503653,-1.5607783554499504,0.03187164408004072,0.12993462452533303,0.08641237133851302,-0.817701324663868,-0.8774911574372057,-0.02766061132950424,0.006196847808469745,-0.6293052220469458,-0.7433044126578697,-0.2141255953394354,-1.3633932573706384,-1.644891790781502,-0.7493068614313474,-0.4382046530809193,0.9920338173638004,-1.370163428880949,-1.0414227620481213,-1.0455072859045405,0.9739393337036668,0.35254016514097447,1.849412983812396,1.6184665347881044,0.47471819066115156,-1.1409159500581783,-1.4916843370822206,-1.4822129277714389,-0.7434188508972812,-0.3476690436238646,-0.9124836099856776,1.360196206926138,-0.4287707019607568,1.0663946219613134,0.24411036296020827,-0.3229295788092555,0.1224797303197191,-0.2845294104280161,-1.7857190361603645,-0.17028348950027042,0.6026854563834653,1.103573047665307,-0.5975986274983319,-0.5346568736885496,-0.7242673275676729,0.11105509020344992,-0.6554299923746166
GSM1692270,-0.8624486687140626,0.9940462289432406,-0.38733743212817384,-0.07573797833214314,-0.5942346936394275,0.8378329999186188,0.6643594868918506,-0.50048105123331,-1.2878462462988074,-0.6331744819404391,0.24779108425498597,0.16768104769041672,-0.5216786252049257,-0.8500879855123651,1.0345191679727668,-0.4339156952734064,-1.146483277049425,-0.47866637146865193,-1.0763163375125806,-0.6140539301106352,-0.6846364077311853,0.1488569057950481,1.2765770060052248,0.40168485038468105,0.6033630690700479,-0.21494454403767183,0.02342068075915049,-0.21309363200138626,0.2356144067937993,-0.46752366335511697,-0.6634017113506853,-0.013136194459200988,0.18073904191602977,-0.2602473899909524,-0.42246920580537317,-0.5501695187858603,0.2631812287011951,-0.8361343204989307,-0.8272082665011795,0.3135237007955279,-1.0846863266888782,0.004371404623396633,-0.8809641000494621,0.025197977818641606,0.977167062646793,-0.18486418289737513,-0.5289663796405649,0.6007604230536686,0.564517603553067,-1.2551421428838623
GSM1692271,-0.5859369694537487,-0.023865590911133047,-2.1989664919506127,0.31983257288452155,2.2746917956472363,0.9277952428626478,-0.885630718283305,0.22568465986644234,0.08012646680345015,0.8500636483362563,-0.4121764356168078,-0.549965667691683,-0.9485754402560609,0.8707654347699588,0.9161439784353484,0.6911187618084819,-0.3072307721001806,-0.6051335245414707,-0.05772065465864597,-0.09945109050862946,1.6255325871845328,0.5659382315168056,-0.8090060259317814,-0.588062551561849,-0.7522430308851257,-0.3425287613091569,-0.5194616847433202,1.5992730651943305,1.0729698535948837,-0.5528852421711391,-1.7718455278618699,-1.351582672603627,0.36950380212053335,2.0571814239877018,-0.12041815887965496,-1.255991148611307,0.7750423843922473,-1.3324113240721056,-1.9813104844049605,0.1094209893537692,-1.9539168360383452,0.4588146186237872,0.238806175209332,-0.4946742364187877,-0.7877642546497914,-1.8493164372874393,-2.1554289448857347,0.6245095297153214,0.049623482341078044,1.1918593990910704
GSM1692272,-1.802436812299317,2.661929190509989,1.2540048715923955,-0.2068975851453432,-1.210406936591977,0.46125197566560117,2.8477625275348153,0.3990398385252416,-0.2679341914022742,-1.3325905397989293,3.2301836788031504,1.6468831943815128,3.0037896273681026,-0.6195382913836806,2.158602878153478,2.818229871184111,0.42826447579655824,3.2288520958906286,-0.13352919787618614,-0.23456183355383148,0.3858356330061938,-1.022538779431178,1.407034186528438,0.5587589078334249,1.7055333610357162,2.5215457308099465,3.1304233134164554,-0.57290518819753,0.6075168385004689,1.3551241283518933,1.7859803792503783,2.037281898771126,1.0950296902844951,-0.984812555433346,-1.7686264541701766,0.7098383780364973,0.022607510216644283,0.3039317800133687,-0.23528144537880114,0.19190715518339907,0.5329046457797874,-1.1691785387257656,1.5158506930775688,0.22819304073274793,1.6129612475122865,1.6342777043412913,0.04926648161358431,1.0753982570901561,0.008989910953957226,-1.2118290676293595
GSM1692273,1.068570429343279,-0.644334018735912,-1.2415421973573162,-0.3478155799106767,-0.1771799181404803,-0.15085469912167998,-0.2920413499801143,-1.0682464746229325,0.5289284778409518,0.1545888170557662,0.27571042875313395,-0.6279339807561162,-0.8391199980467832,0.43138505484120326,-0.48812668997278214,0.013470894605660855,0.05753036987326941,-0.5801274696519669,0.7778005084360367,0.6264631662859056,0.40028651848215624,1.7722647494437598,-0.08755352570022201,0.40161357545083,0.5799127077725988,-0.32530763632928633,-0.38248202435100326,-0.06240399478712199,0.05175304779166624,0.32131163624497816,-0.1171745159253034,-0.570711598689505,-0.612501004102293,0.1470664150413542,0.6748885449333671,-0.13336245426393228,0.5928260076669629,-0.6175859468637019,0.10802679880437908,0.024558573976088127,-0.27091244139421056,-0.2801655335365175,-1.4310359391734282,0.5960401048457594,0.3545011541915871,-0.07075586734204564,0.24885988997215278,1.1005959930234317,-0.372396229659707,1.1277415243531121
GSM1692274,0.05593103113184052,-0.10878764399532731,-0.7739288665669942,-0.367353179528841,0.2895084171217806,-0.08480689844980058,-0.2786098837911352,0.5981943423738668,-0.17232333402960529,0.25250696932146915,0.14386522901495186,-0.42005298736310825,-0.700192289711647,0.23053057456361975,-2.355108554674036,-1.3784010432799427,0.6123163140696888,-0.8018373355610126,-0.08282238771219179,-0.8200291724583557,0.5291765497801434,0.0202932288070247,-1.1255885496862212,-0.027135391432842913,-0.1858323089830294,0.9943514111452655,0.8049304399486742,0.16291081647976094,0.7532076576134105,-0.3946729734786186,-0.6404885692915894,-0.5118228894815827,-1.065176896448027,0.46247600911823145,0.7463260390500166,0.3944492385711048,-0.5633677595623205,-0.2618055832602949,0.45174514617225286,-0.8329448792304309,-0.42018005463886177,-0.39011154893490163,-0.14898703383803458,0.1122293206461813,-0.08181964577838374,-0.6015768921210615,-0.49601433240594967,-0.27512883683745515,-0.6062778373803871,0.5070560827558225
GSM1692275,-1.249489440212172,0.45518202395620955,-0.05118099548693646,-0.41464874553414927,-0.3184526489588192,1.2120632672321714,1.1308178052584636,1.2556846097089915,-0.8904656509880697,-0.37606762407594096,0.8846170303974363,-0.8421937632743243,-0.3645716145067666,-0.35564460220912086,1.4485963653705012,0.04066847093245401,-0.7707081134002868,-0.0563164217943329,-0.43850211673471784,-0.0702075765002532,-0.8305651069585082,0.7088171416056501,0.19051731659804866,-0.054489644958153255,0.7035424369568668,-0.2955334924199094,-0.2353256795002247,-0.017505071602346198,0.38485924657092296,0.7192856466482552,-0.8936088557528891,-0.36803427939717254,-0.26445576592310405,-0.037986033959913526,0.44596693231016593,-1.611401386822489,0.6819223984977503,0.5597397742902378,0.5815236608462874,0.083093225199611,-0.0340319661000633,-0.3048994703813719,-0.5660498301655534,1.8365089996760846,1.4550512165976581,-0.5680116950627145,0.48210417065096145,-0.9231270237683148,1.4375683180183114,-1.2628980688682043
GSM1692276,-0.031575960304873765,-0.27034756926264414,-0.16522485443307014,-0.047205651329261425,0.6820698239592307,0.7140670108607379,1.1895755924445552,-0.32457178325972497,0.9485354037937007,1.1990071605250021,0.5583034993920317,-1.6596583367883018,-1.0065060238345598,0.8901319925318266,0.951970080245951,0.8156243887769619,0.3440092406695651,-0.24839316008877768,0.7685812217262321,1.0345874563826643,0.16602415788283856,1.340546721764064,1.1797471833680837,1.0812328866070793,1.7238897314053634,0.9973755118470028,1.0237085194522262,0.969358072306938,1.1259771788845836,0.05012863555110721,0.4439772309543018,-1.0223895666715148,-0.9083105035174476,0.7174309497084984,0.6962089590804938,-0.80365224070976,1.3732906683358983,-0.2549696505594934,0.33588680783894814,1.0152655434629156,0.005392526351931637,-0.7254700311007511,-1.0859412017317576,0.49059173534329037,1.8123210300197783,0.44328465931957295,0.8557707221446947,0.9070104668547645,0.17380655318422317,0.8487938734494646
GSM1692277,0.10036199730998317,0.7082850215424641,0.45264475731277753,0.06249170175633701,-0.44967065680592183,0.4063047667360847,0.7588567307217372,-0.7692842947321512,-0.9832838899443309,-0.3174645560955242,0.6937784450815072,0.4123937950358975,0.1337383796641908,0.1669794521660864,1.2197067619029747,0.6827372462508714,-0.31908132980317244,0.011133989699446992,0.0013762189096050914,-0.6149837904454746,1.0900198854845695,0.396918759265846,0.9564305108454936,-0.5055642486459498,-0.07817731656190362,-0.5043590788216192,-0.5069018411806243,-0.6138772991875814,1.1981921604709265,-0.09480809935614555,0.19148690635068483,0.3916245506064408,-0.14004705891834582,-0.2002191362302491,0.5136533850780062,0.16349689935274028,1.3027336124765518,0.7443192589257952,-0.7917388597194198,-0.06281004836399877,0.006803604288320704,0.7236560286707342,-0.18112668894577172,0.2744798811202565,0.3064892371317769,-0.43004772886778947,0.38993848515268087,0.03434852903901689,0.3502194008829796,0.8555675859755383
GSM1692278,1.5876192482185627,-0.797277541900644,-0.7626385333056109,0.27283482381854923,0.2930995457050461,-0.6640655449166477,-0.7519453149223664,1.3833947246926375,0.3539574509515248,1.114496409601683,-0.24272376014672653,0.27193786472185305,0.6331255867814056,1.0673700357158127,-1.6196165407689465,0.3336417546656065,0.5896100889437683,0.44855494927996664,-0.5054479275019189,-2.067640504440502,-0.24594949187118806,-1.1233474673053592,0.11910558759270126,-0.2018640117154469,-0.45119134651868736,-1.141135397465135,-1.2193769455991768,-0.8402226958034945,-0.6277734563157299,-0.284390089733153,0.2725942946723105,-0.1558747080040162,-1.0490620140260263,0.1609143853637762,-0.8725160136366995,1.3214543026121595,-0.37635342001067434,-0.04776913775336978,1.35549109685368,0.5463517225056904,0.7450076680224421,1.0526371769216305,0.08080380276829058,-0.9784344224533111,-0.5984085343236953,-0.4950341500573291,-0.8460467492077207,-0.15130291861427894,-1.5442505302795044,-0.22243432954451392
GSM1692279,-0.18172553008761894,0.43384864668798295,-1.2452066448859715,0.1845376222691877,1.3664140000677805,1.1263090331765906,1.0034697673237274,-1.1479623003112802,0.5936752845507444,1.0934421390558957,1.0009095584515655,-0.894465420704321,-0.9770572207557391,1.218107786386762,0.8468640329107382,0.1110524139286414,-0.6893988462905093,-0.4621274955452787,-0.5423986547543246,0.11395572218623456,0.6958551240100588,1.1365517624830859,1.645230780611564,0.4918540819643659,2.0571404364929,1.455310338824495,1.5996399243325707,1.2817968468495733,1.7472965055381173,0.049383918077826494,-0.7253847984463734,-0.9394215075781607,-0.8029342280286967,1.3295372921763366,0.7838262257986974,-0.8716616328837152,0.30284709427007395,-1.6352736492046827,-0.8576970088315109,0.6542666088984669,-1.2059102241491355,0.41806680992179995,0.11052486137212901,-0.620328775496662,1.5133609504945205,-0.9012123447120363,-0.5117580957703447,0.6602883850609553,0.18345808468655855,0.5870743693823651
GSM1692280,1.4852761764110858,0.1925998760628257,-0.10679769088387234,0.6306952824404627,0.20843316924769212,-0.6486104424676096,-1.1201003640996339,0.7138378163971568,-0.00918813977882383,-0.025046071155117384,-0.5630839833422655,0.9925692206269204,-0.4254712404294644,0.045709591861671596,-0.47472082181244624,-1.6237192657612793,0.777795493255102,-0.8092592879899555,0.45340227798293486,-0.3032642366965596,-0.6407254498517952,0.03574918886829978,-0.08539567302995206,0.15460234992858227,0.467886328895498,-0.5542705002021386,-0.5820083389361674,-0.6646757115418795,-0.525949044041185,-0.43055418979171267,-0.12529307189654995,0.46741686256097836,0.8973687219060131,0.0320476310214998,-0.24787525617126593,1.3137177555644168,0.5026453517467565,0.7502094147614363,0.7081210918291029,0.05953518865522507,-0.2429542133042459,0.6429016449284761,-0.6948929422567168,-0.9566621480062336,-0.9526199827127358,0.034524002083974596,0.4045959704075362,-0.4017085955914423,-0.25074000653849354,0.9391876669666199
GSM1692281,-1.1960792133330531,1.7356596106459468,-1.607127623949777,0.28047525617113883,0.8329925856414154,1.3486230493782996,-0.09372913178343428,-2.1042338360074684,-0.8817552030135224,-0.5588825405787855,-0.4026658769535437,0.4044136326926807,-0.7467696372265499,-0.16756319770688788,0.8041348762085133,-0.6750273378248834,-0.8232075695342801,-0.5208753809098631,-1.6504992153394653,-0.38047018578428143,0.024902351011662396,-0.8386255393170462,0.4638968918366916,-1.0260247212334994,-0.36728241005164,-0.2624426540383311,-0.10020806400016279,0.5275628431505858,-0.6064041267389941,-0.9463463967821436,-1.2278655844599369,0.3314568778658744,1.6972366690461982,0.8303443259961422,1.319804024191709,-0.22941453669428466,0.48512969422574836,0.7653810300492748,-1.6636054308679258,-1.2117594323872132,-2.122247479802497,-0.48994768527795646,-1.1522035166582534,-0.4863729451615697,-0.6015108003552184,-0.34713434844039714,-0.6620467833669776,0.343501513683206,1.2015582052331628,-1.2568807075549195
GSM1692282,-0.4696782522180186,1.2986444866056175,-0.44812130948733836,-0.34465826723353443,-0.010013219933197245,0.5156655985072245,-0.1930540069194343,-0.3770071215339532,-0.8535484753469578,-0.3635030098497066,0.054981196245225177,0.8101926941042485,0.055230989492830354,-0.6012245784146562,-0.06168427067928499,-0.8334955182545218,-0.16683855505142908,-0.20425159064743503,-0.9808333662108897,-0.4111500167656876,0.043279886651683794,-0.5082234513226587,0.6655478199368822,-0.8421050047597157,-0.39644834609694213,0.2083684811624808,0.3239262636129661,-0.20212791503883767,0.46794760241062855,-1.0039833271176426,-0.42275931517483817,0.8593201702709319,1.582689889383569,0.22680397620339898,1.002596368977296,0.5963306371628991,-0.8462964484275822,1.230542736294222,-0.2434574932815697,-0.13136791700417574,-0.6155872030425704,-0.3687584982128426,-0.7309838104223619,-0.2570591587532127,-0.2877463168467621,0.5803133873324249,-0.7601799929931053,0.0885768266103535,1.210216298381576,-0.4877095675278702
GSM1692283,-0.13544550490432183,0.23340454596302534,-1.0019228004741056,-0.6771651571322623,0.35906703790105937,0.6035224892609997,-0.4234106549521185,-0.2535936380528716,-0.1986782647696739,0.27617962555491365,0.15689501646829565,-0.34365994487545304,-0.9926308372410244,0.11462822114388883,-0.15294672470973356,-0.5830078666910248,0.642821712062191,-0.8076187431384476,-0.5133299603027055,-0.6467733557005726,-0.2647776427748849,0.5290174906188224,0.2640654420203367,0.4709094801776331,0.19259007599959965,0.095184987357554,0.053753975169019926,0.936165213938291,-0.5952868223272808,-0.12987758546096775,-1.028424485338123,-0.5945370611969014,-0.21425675062376215,0.9132123676538426,0.012085135541662578,0.1142672102218529,-0.08332748186195704,-1.4924904908132581,0.337153574755515,-0.09172688450834633,-1.1595842387790474,0.4496753023580198,-1.1795034168523584,-1.039842949845381,-0.42086487468591965,-0.9004928653255279,-1.0075982746094054,-0.06413974663848218,0.054959113749134765,-0.3632077905201503
GSM1692284,0.9212222470634004,-1.275768483830059,0.5699347255561269,-0.6352061264331957,-0.6729267937691856,0.6763843492824247,-0.50124434691135,-0.003789230491778214,1.8521718940345648,-0.2323117236262924,-0.27957201889771266,-0.3672745250809796,-0.389629606738633,-0.6123936986796016,-0.6320238711216297,-0.09206618667865575,0.10717509362840733,-0.29602394141418725,1.2770774455032297,0.5211955190061588,-1.6923516078428407,0.7135959393230124,-0.5134488299151683,1.2164150465726322,-0.13930096437850434,-0.9343004810640164,-1.0384222954078641,-0.8182554027560864,-0.9418723000584143,1.0853162892688089,1.1532156676094807,-0.7082350502448782,-1.237605889011724,-0.9512183826983321,0.5833074128398654,0.6135428390811821,1.0280257163458788,0.8789815499719572,0.6754559336910202,1.046751231321196,1.4567633925765882,0.8098899687497281,0.07197412365554604,0.42309178915261086,0.4092710193444404,-0.02466380646877367,0.1920174560545679,0.2787389802852388,-0.665070222606511,-0.07223509093586188
GSM1692286,0.3262176095737118,0.3341144688518743,-1.1605257523376467,1.2885472310987203,0.06909266802487639,-1.4681172712125932,-0.21496611745411157,-0.31361513973179495,-0.9200086767375703,0.13752931609705255,0.10908293163425432,1.6492802609203592,0.49890519349965173,-0.1504343020986261,-0.9800480761316793,-0.7553429768311382,0.33612707493775235,-0.06512747319578552,-0.4861145504947896,-0.7619827082227667,0.6906973348958386,-1.4232426956204527,-0.4301277213371973,-1.1068032265094623,-0.760511378743015,0.8214494141565056,0.7651236832516886,-0.2739176246029902,0.05801129234383617,-1.0818060729334578,-0.6682755289284713,0.9321439024714301,0.6355111602511375,-0.18388761723473396,-0.18396488171030234,1.0964804720776573,-2.2809529155788764,-0.30406554870201513,-0.15248909336455901,-1.4233044335763423,-0.44158662089034395,1.019031112748922,-0.2741442783792511,-1.4984449546016123,-0.7879796145110771,0.29200777613513274,-1.0674765647000792,-0.371605034957935,0.5110598211049008,-0.47255598200022425
GSM1692287,2.030106475097699,-0.6228976029266634,0.17064238543045043,-1.3399832111060803,-0.7064613876078836,-2.567374560033257,-1.7267900573977462,0.6676547137036044,-0.007305509198805672,0.10684054410270657,0.27209158922998516,0.7418215202434342,0.33045316911163364,0.15669854369486166,-2.0547116808200228,-0.23429719953743325,1.811391447948282,-0.23948725800243284,0.8255761592854315,-0.5612148406177021,-0.5639001218347592,-0.5166728655466223,-0.7361697832441153,0.23968191676080156,-0.29868685786891974,-0.44605286959289075,-0.5499988045190028,-1.2437107301082126,-0.7725728027289513,-0.6150782928575097,0.6477433212540205,1.0286719283411625,-0.21640175708452933,-0.6777218642583245,0.8285839605451916,1.9477442707161625,-0.018416621063071566,1.0118082635655932,1.7694546386139691,-0.8294059689832463,1.0968469316293925,-0.858815700609612,-0.9435417623376895,1.3983957425101745,-0.2994523548186193,1.0799624126115477,0.6425591690199436,-0.24387450121751425,-0.10966352768628253,0.5657172278541936
GSM1692288,0.7206399464440191,-0.8157017790286406,0.6243567604828214,-0.09632350359893355,-1.0552968129118132,-0.8533803977068933,-0.962517176154844,0.3034421745154567,1.0973498720055543,-0.2307319510853983,-0.009865914345801682,-0.7617928573841507,-0.3621990099479205,-0.40535450443178933,-0.38735855285669196,-0.3711116857555094,-0.05889666158855076,-0.5544434187877078,0.8640989804407917,-0.035939404464195336,-1.1117832680995179,-0.44592265374273027,-0.293157680261438,1.6408568490232462,0.2622728364471554,0.15974136052373739,0.19149082243470303,-0.7483999397086485,-1.1162244145064022,-0.17053139768641995,0.5891304840210184,-0.679489072450185,-1.3186414472230663,-1.3533970866978233,-0.9038533390440733,0.7308453546366089,0.06437351173562637,-0.3821356032599072,0.7833912734543761,0.34406320685707953,1.434395865433233,-0.4952176364912633,-0.20098613659263584,-0.1604335866622429,0.04804812208408419,0.09707070639708627,0.01900430899669064,-0.010364043563789225,-1.876692939393887,-0.4213968049309582
GSM1692289,0.5655054240493618,-1.510922867833458,0.37258505806982517,0.6209361557651029,1.1482009091798537,-0.5021412127681054,-0.8651740345288437,0.5847932344707764,1.6114085325736514,1.0887043919243335,-0.9218168848793852,-1.3259127491465021,-1.3322581343568995,1.16773615676606,0.5047559209623671,-0.28173625329556606,0.5083808079226019,-1.0565119364899072,0.08663735081271802,1.620222473769761,-0.17194637187968542,0.622542679601543,-0.37472749392728405,0.4967221435419604,0.017793282091280376,-0.6830877104017079,-0.9924299938328289,0.9207239537523026,-0.2618398528953652,0.5353472001675164,-0.38584554054370307,-1.3750880634626532,-0.5492423932371687,1.4816334903263093,-0.8139291837480958,-0.6721778264314165,0.9546314900518652,-0.6611899723848973,0.9501560816120139,0.9370368873770261,-1.1728114251808077,0.6123738089702722,-0.8864684764678373,-0.7754455439370511,-0.7236314972448615,-1.4542627540741826,1.2774575954581668,0.05299742227821507,0.35012025204741054,0.6746090849028976
GSM1692290,0.4294995313710048,0.1419938287099418,-0.9781623041466787,1.280512254367676,0.589183409782263,0.2999370746657489,0.39137703952470687,-0.7089973129194949,0.5806792000628069,1.1919408958449484,0.7306501597053807,0.5129008366493873,-0.5186669931682641,0.7932483016731123,-0.5807308212018443,-0.41132449148226197,-0.1402358859536422,-0.44067232897854214,0.36886763176646536,0.1291630765723346,0.33714061365540665,0.6002076227890741,-0.8250919572621567,0.08366739001613392,0.9051746644301474,2.2011459233186175,1.8379861286183747,1.0388217779159543,-0.21464229274432203,-0.06384941899963438,-0.8998858538371213,-0.8612828253835484,-0.9431818737722008,0.6689615420610847,0.3534931888899951,-0.10176821716564549,0.13995778669981956,-0.5449900867903001,-0.3194547724647508,-0.07599088718275293,-1.1106482158319502,0.3368326959762729,-0.8332345402115426,-1.1969177108359048,0.11604180835943977,-0.4548398149757847,-0.11694229270952526,0.22981068363492052,-1.0811440263105798,0.69930958321924
GSM1692291,0.7624964214518833,-0.03713791442808808,-1.262251527684016,1.6686344789867535,1.537301682212,0.4064458304728731,-0.22848373436249464,0.37539805446754043,-0.37696089447729314,1.1750280150516315,-0.20358410024493406,0.1867061679847128,-0.35852219629566834,1.2676795014027447,0.09280085783908126,-0.03266786011960567,-0.1336008818829385,-0.6270070257159198,-0.05722317791312376,-0.7382110033377107,-0.21901309518071518,-0.1399234901053578,-0.4992238358674407,-0.37380416587601595,-0.20868193700343085,-0.4661233892729525,-0.5434666156698823,0.6460872183943696,-0.392186585262079,-1.5891134102317315,-0.27032247246697355,0.216943030078574,0.5125608152252811,1.2540419007593362,1.8171063336132978,0.5322218904111204,0.4137293162519959,2.338722732431522,0.33072801387799594,-0.5620436499484333,-0.8321667123912784,0.7272821797152756,-0.4429974231564402,-0.9262563004605885,-0.856214672985197,-0.06747198119816311,0.34588536371721174,-0.5853768991855031,0.930400141996613,0.256333140985177
GSM1692292,0.5369097540012945,-0.3972966906121801,-1.3590161107599958,0.1400626200163036,1.0388590878865032,0.570930875440566,-0.0382576186153763,-0.4360945737865776,0.42782329103184297,0.16547951305611594,-1.2302395667512638,-0.5520079210876215,-0.7091808354038394,0.707282265448906,-0.6857646721061048,-0.5670421713739577,0.12809446879859943,-0.5498762624526224,0.69764873881458,-0.5856420660490946,0.15066597220764216,0.4460060894648985,-0.5454859625609547,-0.36634351327657044,-0.21288506473832683,-0.004094455670517776,-0.25401651739998665,1.3710112644090884,-0.615017375122844,-1.2580695164202003,-0.5811932775284818,-0.2974607150680107,0.32589291567483125,0.9631947409647047,1.5421401607187621,0.2895545957408572,0.9015955518627948,0.22477506532915548,-0.4874913587478384,-0.13904370258629012,-1.3184414416204537,-0.4079634929517008,-0.26309387473762824,-0.4429330813330804,-0.6465721436541322,0.4261412937090391,-0.01877522411204815,-0.07923122558196219,1.0975810020260917,1.0516184714418857
GSM1692293,1.0124782886461798,0.2611830630712265,-0.034430301079295365,1.9545674857026958,0.8499763724604565,-0.9651817272033161,-1.19721865796366,-0.06396471845270531,-0.3859727807040257,0.9383494160929564,0.21152688789697466,0.958416850888781,0.0978218882710712,0.47909596834806284,-1.337465225470622,-0.5480201117891125,0.11760105376701536,-0.35469634192932514,-1.5433016045323666,-1.5658869586351374,0.6429532696393119,-1.3208975371964555,0.420480603473352,-1.3030997952141266,-0.3586189391344822,-0.7599113632220816,-0.7447364504019997,0.0104132529835146,0.3901642164031496,-0.8681085965631206,-0.10083000065436136,0.8135294071520902,0.5120133631361982,0.7932731038575506,-0.2037321705390273,0.7265420908741,-0.648157420672744,0.6809285756890093,-1.1768834853182546,-1.2031425743834132,-0.2690039579401941,0.2640840167627551,-0.22735213428175627,0.09165538403088758,-0.9766643561521947,-0.7939773143191952,0.8051588691568564,-0.44695884037304906,-0.1586882971565256,0.5504954157410307
GSM1692294,1.0720030874458366,-0.22613175734457644,-0.793814534429756,-0.48886891942245136,0.3115025074507162,-0.4899420477083528,-0.6932451582294846,0.4189906619207595,0.025558027648149267,-0.39943376233653055,-0.2765466048944053,0.07488721989874406,-0.6373817280467022,-0.23422118712270565,-1.2049207526127366,-0.9667862635822434,0.027500106576560497,-1.2273853900136946,-0.9315698404330137,-0.5739070300160464,0.360433276328318,-0.8267455079834686,0.06289743286623183,-0.7959232095333807,-1.2060719840497216,-0.527333033347709,-0.6076139095466182,-0.28777962595219303,-0.037511423893503995,-0.5868323644207019,-0.783011320304577,-0.33077568655762485,0.01680538797104716,0.5805552897637921,-0.12953537419850264,0.7935449316040194,-1.123150537609217,-1.8636912122723084,0.01634325103051733,-1.2465095959882027,-0.5096969916365754,-0.14343487567278515,-0.35486904460287994,0.3383969476396304,-1.0273049192907446,-0.9301317115084737,-0.7381045670432871,-0.35244065521505713,-0.8118788391753103,0.7094802746805963
GSM1692295,0.15765124578985953,-0.21216917955794165,-1.1559930990297707,-0.45395080211833494,0.07737779864073668,0.05454485725369951,1.446759741955765,-1.7646472516438085,0.4534012032009774,0.7705575779161444,0.1989515681416685,0.00669817619147993,-0.17214335008525478,0.44866407566742383,2.119683244231573,1.9962478837158852,0.4110702256205793,0.5182111754091464,0.7423252712480571,-0.13246252657196012,1.568624704440078,2.0789721843462505,1.6964735149520243,0.3429438719906578,1.5779887135064183,1.963366849978516,1.9273838421399878,1.3919963798504045,1.8990142960885248,0.5276319473623153,0.5884973846162251,-0.2000355931185731,-0.21577444042023794,0.28200526957546485,0.6589911968641338,-0.9383508231459105,1.585705791081048,-0.48906961746647126,-1.767461000643533,-0.23008075196571562,-0.8645562897050725,0.24416998979963975,-0.391374068812134,1.3143932252825439,1.6864227648245171,1.0009635238830559,1.6051681249833867,1.4116378619206507,-0.5018612074470905,1.5125991173209388
GSM1692296,-0.2919765054647271,0.8472313791004197,2.005296199707739,-0.5698059271860794,-0.7988841717996306,0.38238687555545725,0.3723716608903695,-0.015020421476686046,-0.24424884186336618,-1.3755657401194934,1.4787786126305862,-0.5806628728199584,0.18462358821675692,-1.2927098948586726,-0.0784359947960022,-1.2584467474489818,-0.6284457934738228,-0.3010198542671687,-1.280679787661911,1.1084385711234797,-1.9829182433147234,-0.6669216882894882,-0.4316242180417723,1.7160778679291064,1.6243258456084886,0.41214156414002695,0.6026469888733101,-1.9426158038348018,0.546306328851421,0.814977531062042,0.16326306549191988,0.44760719570084806,0.17802629287701274,-1.516458664423606,1.622918838503047,-0.06591173221074983,0.4696815060337896,1.2530849361127867,-0.18629116112169655,0.6936642088235508,2.238966953605974,-1.5206366631414978,-0.7880308094852722,1.3347757095033979,1.7793534899555645,-0.19516530395268758,1.3058395696967342,-1.6409095546783163,0.859047034738972,-0.7157309650635034
GSM1692297,1.115931079040772,0.7475399863345619,0.7794555856388579,0.501003777014898,0.3910607386334634,-0.09828610484280682,0.02695504748620226,1.1628122590883943,0.20305896064231918,0.5913502202240604,0.7047593623516824,0.7720354116571297,0.12638718409067937,0.5385734863829672,0.5380101401433947,0.6865259393477845,1.2375259159190195,-0.20559292309103244,0.8017524974831794,-0.06026203182386479,-0.10042132429000114,0.02715502720733146,1.4206959140033146,0.4392965601000683,0.5075877555508429,-0.5189780799614502,-0.38751290466272575,-1.465097070590967,0.6350255171239982,-0.28039899953289477,1.040095627907621,1.1264471336161346,0.9324639671649927,-0.029456561820105007,1.0911586998148248,1.1045665371145157,0.7487687057717834,0.370657353037198,1.2300731452768996,0.8141233561172462,0.7979440322385244,0.6895650683547896,-0.6294926527033009,0.6965963995614513,0.17164745884982116,1.0627678841498884,0.1598176945660598,0.5825142536667567,0.0038357427427416473,0.8816214359047063
GSM1692298,0.7752398654212929,0.5255582744949314,0.7082054503639374,-1.151222361950516,-1.2365072193272935,-1.8946735003732589,0.08816848536516522,-0.7726939364051363,-0.42904514802460075,-0.7703790748017404,0.43005432512118913,0.35158082289902315,0.19312163586377465,-0.8472705164848278,-0.12428833337084408,0.30662048210500276,0.7288449421079702,-0.15034864619471186,0.6996252877668384,-0.6423640401681838,0.14795746418819183,0.08383740087700908,1.025951103584302,0.6948624698137413,0.7958190741669966,0.7615702175337463,0.8296192670513906,-0.8015646259356987,-0.7144458008817742,-2.5688831958119653,0.696682228455085,1.2238512110219717,1.6381973152709497,-0.5646442010621148,-0.9517950405746399,1.0261131478201853,-0.7294898295046076,0.173846676263185,0.42049006703218955,-0.08355755090949234,0.9942205008129824,0.15701731068526498,-0.8080879116831448,-0.10890313016531054,0.12303664694798634,2.1749453664901677,-1.314336016230762,0.2697056994808063,-0.7014777672679456,0.004274208298665747
GSM1692299,0.13162513377205048,-1.623671611549393,0.9695188990870409,0.6061530673498452,1.1650816142406575,-0.23428052643382705,0.06369049845528685,-0.39472354669082027,2.0523218486705974,0.6103438537300249,-0.9449349379052868,-1.831894412213474,-0.5939694914737633,0.7553826411364591,0.6046022118732567,0.9923302270626935,0.21703067106447502,-0.0888827872310573,1.3019075316078224,1.0630240752232205,1.5451383743270688,1.3548205936886808,0.8059437285802158,0.5891257716677379,-0.5506481759944758,-1.1011187490231165,-1.0762830173619728,1.0356042696582302,0.28136738632893843,1.1174098029327795,0.9706596029103638,-1.4272119185527703,-1.1468951740787647,1.0714576402154254,-1.7929778791129631,-1.6277142469293047,-1.2298187314198559,-1.1410872846736277,-0.040887670780482555,2.365037089391781,0.2264327745259175,1.1894905772277493,-0.0913725029941384,-0.07537562064753575,-0.549730339090806,-1.3087063757980795,0.6920703188374034,0.8937434639352805,-0.5404639401385832,0.2965115113114388
GSM1692300,0.6212172417202304,1.167998015493318,-0.6759343377292099,0.9252421640571697,0.8111722617480422,0.9543547297270387,-0.06704460189936391,1.1899093913513727,-0.4575688637713972,0.637551050802148,0.637823089818761,1.1753916906133695,0.22370887658446495,-0.03419174481706521,-0.29913685198842255,-0.8065690621746349,0.11997473528081326,-0.33351356249963804,-0.44562339306524923,-1.439502849561525,0.028934219356958925,-0.5014527610566791,0.9107916615302983,-0.3854761879561022,0.062185804721754355,0.009372630008472358,0.04444158876816447,-0.1628051499626518,0.04226727952800734,-0.4624409708901447,-0.31692455690415794,0.6959368377961749,0.252776109575718,0.3112055327143452,0.20630644230916323,0.5018242644981015,-0.5467901291143774,0.4585087300878768,-0.4306628218569771,-0.08984649504138029,-0.7773680742139586,0.7939197520943883,-0.015590244025667797,-0.6682481505473532,-0.4484726024376446,0.010910564430911724,-0.3796385851566691,-0.20836637234258434,1.1452806581638604,0.35369905739014984
GSM1692301,1.0636671242174847,-0.8604243106126533,0.23053190519787983,0.024564998313847116,1.0491125816902422,0.4626547287238412,-0.42651610359250586,1.048435413916806,0.6964398013906045,1.2686613444965433,-1.0103461070950048,-0.1964003306308849,0.5985539397109622,1.5553025113887624,-0.14035693629206503,1.1260453050785049,1.3236846512458815,0.18588001091891013,1.2284436668951981,-0.11733292344758386,1.9913062884878197,1.0165084256667332,0.674915079699397,-0.9418529592987901,-1.1009477587506606,-1.0848345565382334,-1.166020814335318,0.19469748126058123,1.4366784817431477,-0.42823028147124215,0.8161051905295383,0.30335283150475,0.22279698044826252,1.4810602211362058,-1.9370513965638971,0.28216150853285155,-0.9951144295778515,-1.4609901302900565,-0.9152144615057948,-1.4367751664588588,-0.10915666586472438,1.4501901083038207,0.1543280926684705,-0.42683770507789276,-1.0950502147863694,0.6686963043566481,-0.8910935118848904,1.5574621820788448,-0.31502876784753836,1.5406962232668318
GSM1692302,0.07240800503975715,-1.3679761897524014,0.9437641614518332,-0.25597610830952144,-1.1089762226822488,-0.6910438781591729,-0.5156314249580305,1.9969444835733012,0.7774731840536803,-0.2701876156011994,-0.6499115268728572,0.07123499509107772,1.4365229478489534,-0.536874299491391,0.4718185350157189,0.5462261011046965,-0.09226251009896669,2.133036232261103,1.6039413117706147,0.3135524281559314,-0.5860631919305973,0.3615087865447611,-0.19088876338439234,0.3397135489253043,-0.9604017530245719,-1.1023713120151886,-1.3324738381161827,-0.8518077667723953,-0.2368439066559232,2.5470495267425135,0.6166502911718766,0.019975918274826587,-0.9063656105658284,-1.067268434748099,-0.09712307778969481,-0.16051327170437432,0.6027940407255857,0.09681952899657477,0.6768090149256868,0.6455429962894678,1.1670040333748206,0.19174478576978907,1.5207851363687217,0.9504705287118417,-0.5989701150658314,-0.37875624687860165,1.1690032210750791,-0.48275509445156745,-0.2253257758800095,0.2656343382040581
GSM1692303,0.6326872847163598,-0.26151425092198355,1.317480020259103,-0.4432625764735696,-0.9108819189312662,-0.7495961188677489,-0.17966097809912826,0.6794951722330497,0.5267832277804726,-0.9493644098783424,-1.1745191160338513,1.0249940611908526,0.3364967017863513,-0.5758863752681866,-0.6431297679937578,-0.3662492708704623,0.49447396583455144,0.13868748973033582,0.0359586787020476,-0.05190204529220968,-1.1980460747784205,-0.6819827142500826,-1.4195879113881016,0.1466503255975601,-0.9351458796631823,-0.9774274652862186,-1.0047758765440316,-0.9084962510570445,-1.156407638726789,-0.24872278472945575,0.1347712650604568,0.1304214865477764,-0.1417107564807401,-1.069157670508727,1.212691557495279,0.49636365520705267,0.7332350872810188,0.32310844029710445,0.25851953636641656,0.6158213851843208,0.5033798723027344,0.4784713668511491,0.36826780463131753,0.4022980717705457,-0.21340469992745145,0.0671627262928507,0.40175148415273176,-0.237193021114015,-0.21830616322476887,0.06945460930003121
GSM1692304,1.2918815323921478,0.007283105272898786,1.425408596517292,1.4683187040683814,0.8365449350032097,0.8263143314653788,1.4888854627067456,0.5667468555984034,1.139688256413289,1.4602950565389095,0.9689835707207636,-0.5876096597779756,-0.30126953318529,1.7587814625510811,0.5307886750576423,0.9354432480498215,0.5644405907636142,-0.1754977435973999,0.4823377290846768,0.7053197957526379,0.33252946226291197,1.3295884725042948,1.220018611117711,1.7780204978899703,0.7050486112710199,0.1266720512165323,0.28795780108785707,0.2520604334348602,0.5530416215313366,0.563568828067849,0.5252500367261025,-0.49552825165595726,-1.1866736291840776,0.8891627120155529,-0.45480124851140025,-0.24257581268119505,0.9677407090734909,1.0753588987544624,1.079225862172461,1.604592008006619,0.5608971212422015,1.5910495480557558,-0.8494789104857475,1.2744649002189636,1.1070834282430762,-0.5713251316147172,1.3035987327284038,1.1698864772247717,-0.8534076468068782,0.6261337460427728
GSM1692305,0.11434285985359907,-1.359360629905046,0.971773684211412,0.47467716534908944,-0.23875290803428142,-1.0987499550708575,0.3814293176418061,1.4345709703099427,0.6234047881124566,0.20345089506553707,-0.11965136539830172,-1.1969680376206584,0.048669501568292826,0.5976528051602548,0.9689193508817027,1.814729395015248,0.37815384793329554,0.3205702101279532,0.05359077046372446,-0.08262604702546317,1.3037805581715347,0.38483255491058654,0.20552698294556726,1.168365463849198,-0.027117148562867097,-0.24853505828168343,-0.2941424426247343,0.2795992536812786,0.7965604596282836,-0.8200564017763871,1.4513337142587155,-0.48971157518231967,-0.902959829554695,0.15535559977468583,-1.3311836220566131,-0.2179205282527665,0.3908118505090441,-0.6360289247431881,0.7972615182799787,1.2964205402886506,0.9168336570728082,0.34840318273403276,0.17770162154607774,1.3154632974615768,0.9500008330753282,0.4670773618713186,-0.2731117630437639,1.4691019746999967,-1.9374233893504351,0.6984322949232663
GSM1692306,0.7704330381353576,-1.8006076983938633,-0.5732331390955364,-0.5868579047517274,0.8427387777351276,-1.8879457634481678,-1.4531831149842154,1.1901519258002502,0.5207870594714764,0.5119826208100118,-1.5215194385225983,-0.010335253614486757,-0.7030076436251987,0.04370340223635167,-0.47869285164242986,0.35736328707609444,0.9380052440017632,-0.6335916642954406,0.5534120752524431,-0.06564692935197194,0.8024581742427116,0.4378319688705427,-0.6931341317339719,-0.04310855958011769,-0.8585948105100888,-0.960805424960767,-1.234991459058488,0.31563591645887085,0.08090413295976868,-1.184321983512877,0.1428081821139286,-0.2728337828969981,-0.053431504893436364,1.0427327446487116,-0.3202441903530947,0.7071759790499134,-0.6384518661469258,-0.8891918077372722,0.9486009662036371,-0.03655567771185657,-0.7670520390249498,1.0917063149017046,-0.009979152429794667,-1.1528749672068037,-1.5171578743663467,0.047998439131719556,-0.59266017295342,0.6403673481130862,-0.4059418520184307,1.8133016800047554
GSM1692307,0.052599607326485345,-0.192360459225076,0.27094874533941665,0.005121312157977354,-0.536433997135934,-2.0026313370513757,-0.4168294995524365,-0.8157515892106902,0.47241088426322253,-0.46513619377372106,-0.1597772294598952,-0.7514250286920463,-0.2248637253091413,-0.35538088640721227,0.7293690444481358,1.0981104033103073,0.3886944616882719,-0.29377563021410763,0.40720240680353953,0.12068304492715767,0.5371902839014795,0.6656421200396379,0.623843472373397,-0.12405008952183119,-0.5343549433204742,-0.5323887822368727,-0.29694960039359763,-0.6782815263174621,-0.44809492226078634,-0.5787504454622018,0.6799642480387935,0.5001020510449309,0.10982122191015678,-0.08986324994381867,-1.2318379382329463,0.018379164635409447,-0.4780718185723359,-0.6415752653203965,-0.7489093771001705,-0.7582119811643635,0.41422459195496875,-0.3543175206622534,-0.3178314644776021,0.5428287418660028,-0.05412115942224029,1.1211935475009827,-0.38672309902026364,0.12186693322812182,-1.0103749552050525,-0.27452901930497225
GSM1692308,0.675979648571678,-1.7438393406375094,2.290888727415584,-0.6465970446389805,-1.523589057742952,-2.66681912038578,-0.5317297060987934,2.340444674751492,2.1291506441161436,-0.7064708003860051,-0.30196299463164145,0.4379623061885224,2.562692396836818,-1.042115535212533,-2.030868096927105,0.6026375035377255,0.9206810490973434,3.6122974461906687,2.1677179979132397,0.251314323311649,-2.31260897916035,-0.40526847880124833,-0.8114423655761034,0.4327894089044393,-1.0178657596014682,-1.0844650568657286,-0.933367973707016,-1.9371752507389366,-1.692243712449128,3.7460870778807815,2.0520171221574204,-0.0561170869423486,-1.7671973852919844,-2.0731812517365147,0.39200455768152204,1.029516413620713,0.1569720186955445,0.3553255273845535,2.4051972463244846,0.6112445437050269,2.6171435570258352,0.21751627218959158,3.5712136369819243,0.6987713579777232,0.04899048867954859,-0.3439563423290314,0.13924546325320955,-1.3242121273182244,-0.7725653964224233,-0.927220262492459
GSM1692309,0.3881333005566929,1.5848889494903151,2.3554356992118515,-1.1380377619904498,-0.2989735997150523,-0.9541787220956864,1.249833226600615,2.407424040578938,0.4485357015287705,-0.5504233756538575,2.0122406071622785,1.0037907250512805,1.4093787722994955,-0.9023367383858646,-0.06770638999888402,0.878894821408549,1.5749877765191693,1.4913223235611017,1.432705780920657,-0.008819693092874009,-1.8469497624962952,-0.7501219094490148,1.7718818225926198,0.8206603832765246,1.0228457672661315,0.48684322392826573,0.9230889653053036,-0.9865633746184336,-1.0900586054874557,0.3966399893187655,1.3822186991086156,1.365122415278833,1.6195565930467943,-1.7946915051532109,-0.7501115626503266,0.7899877153426227,0.9807440463907123,0.46973498722239876,1.85812969119822,0.5860422548408576,1.2052857725849084,-0.3464193013726667,1.7176522462319066,0.40230011697219104,0.6473734842225632,0.5816185006060465,0.9745901480124624,-1.075790517820028,0.4101305431348059,-0.1748654134893198
GSM1692310,0.7531631353408362,-0.6706233756882396,-0.7952651710517051,0.6001580732766545,0.19948493656563931,0.1319424328013901,-0.9011894305788518,-0.3824511518388146,0.20299436059470996,0.36576239519641507,-1.1487642605870096,0.5151661318484437,0.42615581283850584,0.24504230506913488,0.8530974673467739,0.14966474214329034,0.6524281637001622,0.9872525568628036,0.47051696578862523,-0.9806124043511625,2.195798080845679,0.8628804461305442,0.3371415042052374,-1.393572250037485,-0.3143496283049991,-0.5868242886514555,-0.855191767528883,0.6787417360990666,0.9319207073908327,0.46247871129392387,0.6207345470109134,0.6330401910051408,0.4242630504830428,0.17379013232910134,-0.5790173601223536,0.2678023512937379,-0.44738429167704313,-0.575291627252546,-1.3211867631976733,-1.1647375992711098,-0.8644541984150519,0.5692328385787294,-0.14936160545206145,-0.27419752294116717,-0.1694841850452322,0.8395522721982904,0.4515596927988503,0.4335400408384375,0.4003230767997629,1.2486777289765572
GSM1692311,0.5697186437185642,-0.10201936286806954,0.8117748271396329,0.6913301580736552,0.48013781362535013,-0.3135141720137638,-0.09543573331925123,0.03909835112077551,-0.005544209190506818,0.38304324999675055,-0.8286841315641773,-0.06700589395528532,-0.28680484483617247,0.08251109169376106,0.3922304061181424,-1.0475736323044424,0.2768643730603718,-0.34752989473231877,1.045468294881077,0.6018027163295717,-0.030554931534241457,0.909557382065608,-0.4579340435991461,0.3065800506620728,-0.6111903006998932,-0.5418138095037813,-0.4620507787530031,-0.3454417660764196,-0.31720334217027735,-0.2694344724396831,0.18262520164722593,-0.08945860263013426,0.5086751088540793,0.34642245167002617,0.20651845811457478,0.29957145317433964,1.5930901477489394,-0.019272094134801594,0.11983257023266553,0.6433548598252258,0.27648589754172775,-0.25861339275258677,-0.04488694586235604,0.4109917963698629,-0.12021258733104179,1.151114814378082,0.5060000221849937,0.6594165662147684,0.533468800447023,1.2714308461809005
GSM1692312,-0.5767747937850055,-2.1528335450234977,-1.1902171479765462,2.248771591574832,3.3738609578537346,0.012494971382182503,0.8245661747419191,-1.6237219757598336,1.073809594579719,2.4343570422230716,-1.1967872399531316,-1.5106722710295448,-1.2854559821738127,2.5086860947669223,0.6257986582420858,0.9700014681602838,0.8300373269573523,-0.7919371714471777,1.1437488784799166,0.6861138372713033,2.305406857720135,1.1542144113696142,-1.2926104917007575,-1.139206586963917,-0.59189510110561,-1.1820161069823718,-1.6019510820348166,2.241799537700111,0.01924246914651955,0.01839285234358351,0.8756940604615129,-1.2249895515615712,-0.05786852642212363,2.828444174330087,-2.450090061439763,-1.1779443728632633,-1.053002974934507,-2.4943649020022707,-1.350849242951922,0.8656592298650075,-1.5341193116586382,0.8568793559997342,1.2016673421078918,-1.0466853411206842,-0.34826079523460185,-0.9660584241122916,-0.05524927178837739,3.0915776649813673,-0.3085691950289076,2.204543101365837
GSM1692313,-1.3409870103027457,-0.7365568103758716,-3.7713690545047,-1.358167932767135,2.4886951262535106,0.789016305782877,-1.7269494367372575,-1.397142360193922,0.41852294975609833,0.35104332787728226,-2.5384939484422198,-0.17751681972082958,-1.7053795601941044,0.7016056713172893,-0.06338431322777782,-1.9472307747933089,-1.9592190918177972,-1.9033406889923885,-1.3541618986667365,0.8032298802351635,-0.8439751751659331,-0.08373735513127105,-2.463619593521525,-0.6619834813491824,0.27122984146983276,-0.25535155496942075,-0.5256694626141158,2.6440650585532244,-1.8841299193354548,0.225895399025713,-3.377607094710374,-2.1832366854517224,-0.0765766422965282,2.4138981028071496,0.34896880611831377,-0.8833690943151937,0.9978024391983253,-1.1467531344702206,-1.3716302234896987,-2.625941255713909,-4.129052200670056,-0.5548633757574917,-0.7160228604260249,-2.3304212183374093,-0.9983290962519991,-1.4555858569789533,-1.6982106449940602,0.12562086943500603,-0.3931456780916507,-1.2596245996063988
GSM1692314,1.4554730790412191,-0.21336659852724607,-0.10673377593079979,0.09972237561384749,0.2980898646412412,-0.6803246094204194,-0.5404331490508607,0.5995900689681783,-0.4612300472701105,0.28806226294242465,-0.20747213461458835,-0.2987360687454019,-0.706527129205724,0.355551392494908,-0.481088894322748,-0.06815000747836923,1.4362715208291053,-0.5112203339005408,-0.20575619504174522,-0.0965236852662032,0.10597403989765473,0.16886915469287975,0.07319781351756235,0.3823661505764194,-0.06005403963131009,-0.7924532028445465,-0.8610987530618384,-0.9648254838629648,0.514533503841372,-0.7091284392467193,-0.35660367700035384,0.19068368829594035,0.34487839098349105,0.3313270147797373,0.355447319149426,0.5559197938508684,0.8552683609737385,-0.0020833287862753276,1.0548880791537267,0.790794174627846,0.02979491677429136,0.7338739832336552,-0.9071692900421137,-0.41682590958729127,-0.8502876763314049,-0.2415102732910728,-0.5889400804436488,-0.02598323567740739,0.6661211947915419,1.1775788893586945
GSM1692315,-2.132826294707855,1.0501473333079798,-1.0646253633097593,-2.1817891829542297,0.44357274113546136,0.5599616921920834,0.5777550275812419,-0.2845614674504967,-1.2389015849775658,-1.5155433381443288,-0.8711058474817968,0.42386247688432377,-0.2150940840166908,-0.7531536047096029,0.3206671121247805,-1.4134488425574363,-1.6072721202386757,-0.27941591867268484,-1.8272969311065232,-1.8083797919647282,-0.004749695307408961,-0.40819817231191774,-0.6879177311160651,-1.1602683310793092,-0.3326800565157354,0.21977430231132813,0.36397370313033,0.09576953801742409,0.01221315525347405,0.770896229466798,-1.4576686477695027,0.008830467868841944,1.1523669609126077,0.3203871681599477,1.2581136751812874,-1.0169405151700195,1.8247454163656156,0.1171203177824052,-0.6615698633011757,-0.07632710178523312,-1.514632916732668,-0.9956628522966497,-1.6033342603352347,-0.3171834105109044,-0.5539889562630691,-0.396743647749677,-0.4355419939393026,-0.6695011555631499,2.261747325187354,-1.9143798975891575
GSM1692316,-0.6024952652829623,0.16918935510173563,0.28507477841669604,0.2808535830957472,-1.031994862300061,-0.8477888620627769,-0.13535934467509644,-2.5967783574405123,0.5248286130148095,-0.1748558894583827,1.091531919675925,-0.4693998366087281,0.15251342613445956,-0.7496906521313045,-0.62590625856464,-0.740272040348698,-0.9576295812407593,0.11366241149683633,0.3502961202284061,0.9447555863153619,-1.2935717325153662,1.1482627263606353,-0.0780191797669839,0.8309014664882528,1.2584255562670636,-0.8353524587592314,-0.6481698431492706,-1.3361846479949209,-0.6190607619233828,-0.11059052536893725,0.10547635426284481,0.5097167543448761,0.7018697675693698,-1.4737871160952754,0.712544040615669,-0.6308806201422799,0.13795705277846787,0.29213270665624935,-1.0400219199418315,0.2989375404975715,0.8334620952069177,-0.5985766492482559,-0.20762881931488356,0.9020475736601249,1.1698250997395256,0.5659550475730886,-0.4502993986150366,0.20201876491910484,0.9433359844779776,-0.6966591950927659
GSM1692317,-0.025924187769219082,0.3484690770186731,-1.2036456172232248,-0.3196286591914688,0.9981040192292294,1.0842839360585594,-0.12870732556426648,-0.19167434691281257,0.23498955815575637,0.025150244990537664,-0.6799816214299612,-0.7859934911279087,-1.2532596429135945,0.44203206986725574,-0.30320229455357495,-0.7675561453523567,-0.34494682054100523,-0.7272729064282218,0.35580352784413294,0.27647579367536057,-0.5592008584549139,0.7127953954771135,-0.04896408810777745,0.26748669297894495,0.514784809748525,-0.3010535574626239,-0.33987006352324234,0.08228986349297,0.002578839051957505,-0.23211128934318778,-1.0902734235555005,-0.5556312167146333,0.8685189370143636,1.2836486634419397,-0.3279487127574111,-0.09023477593806073,1.2114282612186935,-0.20618503945381284,0.14183015445356234,0.1267222706888163,-1.2739069313758549,0.08272851480780445,-0.7337216352615946,-0.6159326793207885,-0.21036276958922634,-0.508960379364127,-1.3068371752225643,0.46153189140699924,1.3969260073676333,0.4108755556406632
GSM1692318,1.339327151663092,-0.07692589922436152,0.3030796110423224,0.8097125497301655,-0.4099586773153194,-0.15769959740542616,0.5964043699807824,-0.42007200899592767,0.18836690915601767,0.34223340441676725,1.3936583272009466,-0.29584456843741785,0.629633344709945,0.8710429357392133,0.06876143105251838,1.0036754814320978,1.547250220559764,0.7650195080846192,0.9334550033905473,0.4079026643918704,-0.5213387129589251,0.34011884384297536,0.28875408646897927,0.5036468676302177,0.2020507010120355,-0.379406865039252,-0.2962892641824336,-0.8280746449976077,-0.1581684811354835,0.310004006483619,2.1659188316091638,0.8842030972274642,-0.170978767297808,-0.17191053818332871,-0.27195118187535927,1.0777399923891653,1.1210652422687215,0.7011665132269413,0.9235918938484678,0.23832111971469047,1.577820763806134,0.5811248399408255,-0.3848535943114775,0.8315465026620642,0.10121885883952154,1.9573693373165255,-0.06993712973167608,1.6276865704264571,-0.8312194915347685,0.9775438164545408
GSM1692319,0.7485251333586681,-0.9353618800794604,1.1702791373361794,1.9516458537642447,2.110626884217116,-0.7354857324549795,1.3667628036460948,0.21648535937631433,1.4880065393779907,1.8288049058716846,0.8666304333688593,-1.0294917133276023,-0.6250119110048022,1.8089177260297673,0.5817463458415021,1.5461439068527545,1.3671779048364125,-0.45121117853430753,1.0961919770438615,0.34160343147468647,-0.2962256708068223,0.33799405730740884,1.0063572293124454,0.5816895826593388,-0.09880105139700009,-0.916542116981469,-0.954945631392895,0.29545418842511534,0.006074756131592977,0.24729002584090937,0.9200686666346758,-0.6230887993789777,-0.7459081375590465,1.0051427769014296,-1.4094943293573778,0.1438253905746528,0.4345110164249896,-0.28389634845640216,1.8318813930616078,1.6114870274604958,1.3131028422717148,1.489047570784819,0.5393728900026565,0.5834527468558555,-0.5954677316904231,-0.3964178780653883,1.487832787098971,0.004197990991953601,-1.2386344943125729,0.4244250994517696
GSM1692320,-0.038348448890958405,1.1564761780340402,0.40685374641079,-1.4381694538265348,-1.2744690767040594,-1.2638939091591643,-0.1871674976983155,0.8870849600097905,-2.0223967579657836,-1.6358174829926455,0.051158817794659854,0.42387256118612404,0.14621162886122457,-1.7616287577181693,-0.21871600600103133,-0.5179407696177495,-0.8707607438899024,-0.1187591775380401,-1.254489532689017,-0.6936565208046366,-0.224743128383641,-0.31300932274882526,-0.022282237389928912,-0.02439097266752692,-0.08161148133396595,-0.42357462703771626,-0.03230167818831575,-1.380487330918736,1.087581593739358,-0.6108447111931221,-0.3647458208502888,1.0534938829139173,0.7916465533503677,-0.8886021509355133,-0.16023035242000142,0.21065389112642083,-0.6981506247198209,0.485248829458841,0.5081242708141215,0.3552496204022258,0.6508536960771018,-0.8653862751761642,-0.553844629850146,0.6137520116608587,0.5411227646683241,0.5204443272821146,-0.0719351921443799,-0.2945860566966567,0.6955411362641403,-1.4027250699026053
GSM1692321,-0.770165029503656,-0.5487132680048457,-0.696251265981389,-0.6920603656677466,0.6580258014721347,0.8401006027861625,0.2676841103998595,-0.6299481656614395,-0.25045374769113543,-0.12390843101295183,-0.9632449598892668,-1.7286608216755786,-1.2051445825425242,-0.37631478891396636,0.697886772313571,-0.6130496462481699,-1.184873446398069,-0.3183362275807206,-0.112486275335841,1.787648543728047,0.644727943746338,0.7985283987666315,-0.8243188871086996,-0.04526520434670826,-0.5186544363769943,-0.6771313825310732,-0.8201781772778239,0.8668225782493308,-1.076315726336378,0.49976038098127284,-1.4756923694831776,-1.6819832673768784,-0.8970598158906957,0.6581911551040209,-0.08315962557978501,-1.6977999824031527,0.5365064868736706,-1.786589679030537,-0.6185233085631289,-0.10328053593765932,-0.8032425504495189,-1.473521928975875,-0.9160129927129066,0.5588425768663727,-0.6757283657718596,-1.0881101995948947,-0.6818002025158649,-0.6174472932304859,1.5928575581417297,0.28305397544181304
GSM1692322,0.7093258866437305,-0.5219075393380618,0.35733068163476234,0.6662227815327357,0.43566551776537865,-0.9659106714994048,-0.17294259075273952,-0.3899145320984446,0.9447513190011158,0.8722082214093555,-0.982424033899576,-0.32281308106203493,-0.157455997213103,1.2198313270991334,0.7343661798088958,1.15045388459786,2.0775885324149783,-0.6760936972847597,0.6198527601801641,0.7226849553155051,0.9407346276407743,0.0953231392454593,3.0455823843645033,0.7406796009590725,-0.0680164031887198,-1.3065758451723182,-1.0737359737726428,-1.1581963739293153,0.6712475092687036,-2.204228744649514,1.7887033093952591,0.9136186476391931,0.8589139028203308,0.959152570675377,-2.3939476047797186,0.9849823513705946,1.0940581947941919,0.4010730395930319,0.619601530540199,-0.38238661580619215,-0.1374842568236005,0.31717503436981676,-0.5064613687116399,-0.12954154079196473,-0.19623299713964293,1.2851792491884786,-0.9615251993272493,0.9570845525369484,-0.9432922101822468,0.727703978966955
GSM1692323,0.7404511748677607,0.3607278203301875,0.4880443412401865,-0.8710102252421401,-1.3821151494147284,-1.1398298409504153,-1.0668281712610892,-0.3112541483261766,-0.2329847963117636,-1.0173081253669691,0.7550156977509584,0.2533037350865482,-0.1250727863295575,-0.9026439355366244,-1.2183312998748839,-0.06340872803606244,0.8958397042715669,-0.5288175021447954,-0.18715726414445127,-0.03382998677458562,-0.4924721863494067,-0.48440272561021136,-0.3276641489112967,0.4710228507372357,0.5230590905573975,0.44327717040461306,0.5448565666078291,-0.2504752029717056,0.6892009860811469,-1.5408225645231455,0.19227791716964532,0.5372659273020258,-0.10356006141793486,-1.0096062327065738,-0.5231049084411051,0.6075825880478071,-0.6346849899684841,-0.1349694581015177,1.7885474639574384,-0.36742817879448986,0.7234674328594622,-0.6419274293691302,-1.0428293390271226,0.08030460815654779,0.6345545355787688,0.8318453675042307,-0.9017472573312416,-0.748161979899354,-1.0394400222949378,0.33804322016041033
GSM1692324,1.6323876173794332,0.19926616506864503,0.4303700494172699,-0.07558877922565052,-0.2589995899919208,-0.36706549597414123,-0.6674260880331274,0.39926403553681356,-0.6777324623993609,-0.1717113984862452,0.21105137294781168,0.049124384755621545,-0.2806309679861589,0.05193072100481096,0.7877239507712934,0.8182127731883878,1.5490375459420989,-0.29008115248076494,0.1774230432757468,0.28694961847899125,-0.017911556013911856,0.2999331820118231,0.49852284856284884,0.36877712408075936,0.1893988681000814,-0.49147748045920636,-0.573864633772703,-0.9750254437322674,0.8264493470305639,0.12375268137575524,0.4344509120718148,0.5851496655539131,0.4694912511210378,-0.1538668275140601,-0.040799437998501546,0.761334609480137,0.8687463545833534,0.8953077505653092,1.7689728871572232,-0.10105057149320694,0.6912722693699734,0.054872731310334794,-0.7695736600728756,0.5023400086144182,-0.2611433663111884,0.3914104315351343,0.506761390405601,-0.7845686192560501,0.1813674012497546,1.0909671104552838
GSM1692326,-1.1793112352259116,1.8762352406275613,0.34005294252026724,-0.33385272072249694,-1.3631238610323793,0.8922222356146073,1.4358257557800487,1.2591477443769006,0.5978062136955423,-0.5267928989131377,1.8096176779884707,1.235577547946624,1.7497361923615737,-1.187042616268114,-1.9635176039687605,-0.17377929508871046,-1.5086097561380625,1.7145413823483147,-0.3183310366263077,-0.817669206673073,-0.840604811307165,-2.0137435448584124,-1.1720223543872217,0.8901906368075174,0.9111318462095246,2.893585219624121,2.886909731526557,-0.1826135449838668,-0.8556457399015989,0.33540427472166134,-0.0032994699482664096,0.5104509126944893,0.4062543328719851,-0.9471421682340034,-1.4162144736437507,-0.15920275409557536,0.25139190656417154,-1.073010119869555,-0.1836470303663198,0.7486277275757652,-0.4812055236977205,-0.4486952959750971,0.5426065104060818,-1.5462841220036982,0.8057552125287781,0.018331413090640826,-1.582387942022029,-0.42351192893624673,-0.13304794874781534,-1.9643905060042124
GSM1692327,-1.1593332377230825,-0.34565778231904254,0.14648533241405104,-0.6340826093285937,-0.7721232354628377,-1.1387168912397496,0.19596039524149164,-0.6613322873601198,-0.050005484505021784,-0.1840698002368265,1.4409695997766123,-1.3241579859672599,-1.0578136566218606,-1.0862258067243584,-1.2623853987294738,-0.3990779536009344,-1.2921225700844765,-1.2320361792343293,-0.24940627299874354,0.5522641204069036,-0.6289132790374335,-1.0173811200270693,-0.7098112924193599,1.7737865673490438,1.1788328123565146,2.2160910403241365,2.320532306850575,0.5710598807525655,-0.8323884529625221,-0.23344212482509977,-0.5129870641773026,-1.460227238335009,-1.6246765449261653,-1.2161367884342,-0.7478030563127815,-1.1693561064564926,-0.3141984144296597,-1.1781378969916685,-0.2856471191576586,0.4271022983485204,0.5900850921402794,-1.0304500881268315,0.020570592996138583,-0.2860824949986215,0.5387100790189634,-1.0942811569328341,-1.1458693598294676,-1.1434760797363852,-1.516991693425054,-1.201593709567778
GSM1692328,-0.9980987722402797,0.21934487602137778,-0.5827312983773885,0.18570464422088398,-1.2449139635988151,-0.8217835415051915,-0.2668294331586181,-0.76675746620047,-0.9843547200743062,-0.8334407793683674,0.24811598070212654,-0.2869315689823858,-0.4281406657867877,-0.8415719835719422,0.9934225475183039,0.7892262888144514,-1.4848627075110263,-0.4030856211933576,-0.6208868825242024,-0.11357254637272612,-0.6521434334827084,-0.5473050269719978,-0.17821687764565466,0.039283181375776945,0.40204739408397866,0.15597329954261974,0.205139852070597,-0.2297758511704677,0.20220283566772632,-0.521984459406095,-0.5981195207738083,-0.03609302057224443,-0.46078797797021864,-0.7420842607985454,-0.570429320380304,-0.1138409642836425,-0.14702475427138667,-0.018433959298832868,-0.7100344910403384,0.09003847286892713,-0.2282360465191163,-0.9987709493039014,-0.4872679351949483,0.13715849111108477,0.5077372739152114,0.28114060972529986,0.04250423444368944,-0.8892082357892597,-0.13634936271812415,-0.9091646010655802
GSM1692329,0.32863609951559203,-2.595582202787689,-1.2144780725670659,-0.019203824015475168,0.18903920934849222,-1.6247761111226848,-1.78588727062373,0.9794271101891102,1.0091064462531134,0.3343661126255714,-2.0256235776683233,-1.6757787916462457,-0.4662980880286352,0.4441550227870499,0.5743139570579316,0.12143660032323703,-1.1164368893785728,0.2291281705995136,0.9783729557148854,-0.7323119302664811,0.4912198796643082,-0.11762388497309333,-1.3429438805764011,-0.6449480701611005,-1.4397779191744906,-1.2284865758032464,-1.5698936388658538,1.1024161650349942,-0.4910639627922672,1.2257128119577256,-0.7128848849157219,-2.121389071942459,-2.3574571093870342,0.38864314526790494,-0.4361733485078833,-0.4726319143548731,-2.354841794966527,-1.7318580218125614,-0.19418420307615045,-0.6764258915733581,-0.3430880413931517,0.6522441702777848,0.872387278344144,-0.27135536531888965,-1.3445362940086079,-1.7158242516674274,0.802441675842489,-0.16919443621251548,-1.8910380801154898,-0.027221966834932675
GSM1692330,1.2857870380472216,-0.31839668756263223,0.25431816854123446,0.6202998893665826,0.655586006232622,-0.1502292866936752,-0.1951300850696685,1.7479126139253716,0.006238694948789087,1.0878307676467034,0.5672250392356235,-0.18567905940678925,-0.5983831205209549,1.0874220246730293,0.05724490542773779,0.7690102996431717,0.9248504752161014,-0.9271682490784944,-0.08351348703079044,-0.8794834168405399,0.8447461837840542,0.26276666580361285,-0.18479448513574248,-0.189833939237809,-0.7899052939746382,-0.7588142364935186,-0.6920809959083932,0.07843795554899997,1.1929844957924463,-1.1660643573060208,-0.2513482401120821,-0.15560477851307136,-0.623750771050332,1.2613504217976792,-0.08617043295878571,0.13641031987070235,-0.021520187959073296,0.6994625681205856,0.730490739062079,0.9426826451240435,0.3852380025762711,1.1516653665661705,0.4857206775989209,-0.18732471895665323,-0.226056615901236,-1.5014994061881006,-0.10283543105914741,-0.4041978094291662,-0.93483558430784,1.082336997283214
GSM1692331,1.0300299299670927,-0.061670109040208344,0.9519292490581978,1.4866724046120237,-0.4006787876928478,0.7076320045409339,0.4047445680270674,1.278020562899133,0.7081740642702173,1.0948677706816845,1.7177487660190716,1.4175373108785576,1.7115116284757677,0.7607233871492359,-0.06564725971016595,1.4456114950935375,1.688289876358941,1.81557178087203,1.9412491239395087,0.5178509058455346,-0.07352900873307042,0.5331052835946116,-0.0714022786513445,0.6838151708994561,0.7122318139370563,1.7776863297844914,1.8898654808867332,-0.5687460617774797,0.8801139120965489,1.120217358358584,1.4928874575777862,0.5788794220721069,-0.3047043341572716,-0.3047890367834343,-0.008407519229510142,1.3737557053197336,1.5637696462959407,0.9991087161978759,0.9825664862975294,-0.14835769285631695,0.6490818533178818,0.920835260920072,2.2031779959459894,-0.3114392015292384,0.4561562335607716,0.2742323352435285,0.1732510205683876,0.9855778651273406,-0.540901924289541,1.4592792860361716
GSM1692332,1.2705391383573374,-1.725661432764071,0.5050255443714782,-0.7108854999972183,-0.9090136545717318,-1.5174442551650233,-1.099004733074974,1.3119138929621397,0.3392746177496785,0.2601917850448222,-0.24153209820530885,0.5416498004013435,1.5044768386663163,0.7419463435940103,-1.5895120580141184,0.44569839121051247,0.33493594954578937,2.0731495073725372,2.0118797524510175,-0.9618993679424833,-0.7090726246294088,-0.38851855307139627,0.11668403423719359,0.19793692249888517,-0.5813637495462558,0.20334896614079223,-0.14144634183964566,-0.08854347332516876,-1.5643419404669299,2.697568672975479,0.3641288104470875,-0.4598055813827186,-1.5982970703698463,-0.9442383821823255,0.525330289564243,1.2527923304872324,-1.1573034398942248,-0.6890410546292653,0.5576068212247338,-1.2282531450939371,0.9154218469427514,0.28349217760419415,3.0488200071422256,-0.25084314522834017,-0.7551398384100686,-0.19877376436894023,0.5469225246747089,-0.03113961854074288,-2.0933573951691926,0.5898557927749225
GSM1692333,-1.396005457201317,0.32288805140149696,0.8033349400588098,-0.2105317280097318,-0.34895616363118886,0.5479179584183403,0.49136058695657625,-1.6854337676705655,-0.337276422320025,-0.3107807590032403,1.1495692454478754,-1.2150834875124543,-0.8285967188926724,-0.6671249032878376,0.5110165021592474,-0.6847562012544602,-2.0078051639489285,-0.2769999901872248,-1.006463522454804,1.5194516748398723,-1.2871734812872024,0.5787038765512545,-0.22602488405883425,1.2571750088290206,1.309131306114274,0.2036347521284272,0.24488384853719433,-0.719148325124079,0.3346184875820948,1.2435660566671183,-0.6419076380987421,-0.9879998496837572,-0.5583105462579715,-0.7234406903381744,1.0785933341395686,-2.149345047933289,0.7612317624585535,-1.2682954130279287,0.013450393804041434,0.9725554539281159,0.5315147594583384,-1.079833764485396,-0.46449198646899026,2.6244540996677355,1.2991304003524629,-0.8139507297483931,1.4367934412584074,-0.4630884483398677,0.6954137773775054,-0.7381208227609677
GSM1692334,-0.2496910107060307,1.1410736901175746,1.2638717366076468,-0.1614436196710014,0.5680283838976817,0.5288875885618454,0.37085229752888643,0.6647647077725717,-0.658986819605374,-0.059153750862453544,1.097885865463943,-0.733469153659067,-0.33086253369769847,-0.025328147214304063,1.15773288367445,0.35148277882438755,-0.03633851348867414,0.16517412826925096,0.34835651655178523,1.174799883016041,-0.28838003398405143,0.4409647193828524,1.0249717242868963,0.6158583357417572,1.3189070990549614,-0.14653684555845603,0.12915562645369247,-0.4840418197064865,1.1493367633675675,1.247888957659203,0.07886523450802967,0.06580126301385977,0.20181779376014644,-0.38471430392657296,0.8355897006590389,-0.9442798926753327,0.6346595898018385,1.2204332800221642,1.1533171512442189,1.029959722186349,1.0582202071500293,0.10531880862993498,-0.6177230805578643,1.6245150129710493,0.5106388918795544,0.12328618392217665,1.5530375282666382,-0.969981945194368,1.2051910763007805,0.3942843022833719
GSM1692335,1.5325890468807017,-0.8372372325514629,0.06974478187662171,-0.2971650095504292,-0.9951470541658145,-0.4435085074133857,2.0228437787164597,2.3745577130013675,1.0972292836897557,-0.24186518004929813,-1.2050136632320398,1.632814261985395,1.710936709322111,0.28166104261409214,-0.18955375050688195,1.089929575278981,1.8178095798390177,1.7537530483008903,0.6393441588806076,-1.4057429620330801,1.2851569173199284,-0.95855004631799,0.8074479480809502,0.2158919354004696,-1.3992620951199684,0.403287031201252,0.2589390431007008,0.10750848279461873,-1.1402892685328592,-0.6430362457844516,2.3033452492849187,0.6006026177924185,-0.16132146342618464,0.2018074339252732,-0.47836701804907855,2.119422836617047,-0.03748944845256097,0.31533705933348827,1.0606073357879517,0.006583767016586642,0.6928559112019453,2.2132533111817696,1.7673636882310149,-1.281654210880448,-0.5600027281516649,1.9782140520998999,-3.509786737357542,1.2233014263241728,-2.397094520428413,1.656585808939595
GSM1692336,-1.000711458620608,0.8055638517735343,0.17851420188801276,-1.0827771565857374,-0.7214976711127661,0.9060894766064597,0.7993069462584618,-0.9355029951799916,-1.096884943151644,-1.6813963129388523,-0.22918664293352603,0.1640403622803281,-0.15719427042081147,-0.5196940348459357,0.6692422667245664,-0.7263470687166772,-1.1014706739672089,0.2191149728109249,-1.7121299901036868,-0.2835239822314873,1.239654714598182,-0.5871713235651088,-0.4266902034386004,-0.19873631630318667,-0.4208605637491861,0.576496163006759,0.4753423839406653,-0.06866310323143164,0.7124224672303276,-0.5309415549079249,-1.1213734781361213,0.11587939935030575,0.41520210729108475,-0.3089338587693855,-1.3445925337999103,-1.3132664208210012,-1.6596245914963033,-0.6891129023031862,-1.3656493008558168,-0.4628143017642481,-0.33268384919018246,-0.5737210773763752,-0.16800673220251378,-0.5391851947841567,0.20950322542395716,-0.29283242354166233,-0.012298460285999478,0.06126826446877813,0.5925568993616184,-1.0412630053106515
GSM1692337,1.256843605461215,-1.443536406686485,0.0007860017973294398,-0.33520983672706667,-0.20974987235404272,-1.3913872092843758,-0.843903879535094,0.5034269754133947,0.7389166167979836,0.8819066283428086,0.13445158943034297,-0.7662734044358614,0.9464496232977035,0.3288535917538846,-0.686185017767971,0.4307269629203729,0.9599357843787711,1.5985373963007459,1.5697234094007064,-0.5980306691555094,-0.1023507493055727,0.2531959733253723,0.23941005079487987,-0.3030118150940509,-0.7748707292460078,-1.2049859430272272,-1.2310003342148046,-0.6334462666364331,0.43756058577861606,2.8167939557487296,0.19412638053299672,-0.5297900675790581,-1.9771726636606235,-0.6169429162040394,-1.1333126401517897,0.3867422309950741,0.06400150949684202,0.09094144571179685,0.6239398719814148,-0.8126737387859589,1.0728225973066878,0.17103587407299484,2.2280190647963294,1.2023694578485509,-0.8700463109720081,-0.8067428898780932,0.7341228573728923,-0.09153273902223122,-1.767626567637444,0.5817317662841718
GSM1692338,0.08621263931376613,2.1330711031761105,-0.5824782532299886,-2.474957670711637,-1.8159435372796748,-1.4713451074576127,-2.016958974813754,-0.20769646582692589,-1.3105105142595987,-3.007431570992904,0.20375757922370655,4.325566370791875,3.33206075925194,-2.886951131550024,-2.0564514789665562,0.2453053132853571,1.366281712774081,2.1219648646215923,-0.4082844913291041,-3.0826231556907024,-2.8336186762157918,-4.124783731716101,-0.1281600627031672,-2.355461585748673,-2.233559496101454,0.578959879292347,0.8570000142716149,-2.7575394336873567,-4.218958897052793,-1.5568621204066801,1.3338839670222702,3.533807347461902,3.448691901504155,-2.8269254527248777,-1.525855397344103,3.7586542574009782,-2.2988650294084607,1.9657737685055154,1.6444209038597848,-2.357815243950656,-0.12026409743879721,-1.4011831707582285,0.5505260994067589,-1.9901823074608054,-2.647997539645105,2.5713407722558066,-1.5181460835359752,-1.6250082026626493,-0.16592686507885082,-1.8033778603470205
GSM1692339,-2.4321530006295484,0.5209053862208469,0.2798129585209893,-0.7438022869172652,-0.0391006494166713,0.17470376801436177,2.0817755320801985,-2.602916271967531,0.013610327378249045,-0.1928340458381563,1.6036737390192246,-0.6714896146362949,-0.5436748238175987,-0.4691587583192477,1.340240490667903,0.3486575197830416,-1.9424936732032418,-0.08285297306212565,-1.080061431065541,1.5685390089376037,0.14183512145169358,0.8245402558358151,1.0953117546478839,1.6380806167032158,2.335001440219569,2.698875488775345,2.928251958454586,1.3932038244017884,0.7188793965504485,0.13088684284092209,-0.28802388978768545,-0.7674496993565181,-0.29279574965920346,0.15355324068865783,1.326953493965494,-2.5076145681017965,0.4889367229415087,-1.8566096562753813,-2.0603857168450364,1.5631115607086423,0.12120377901605074,-0.9138193784600717,-0.839856025944074,1.2893556271095343,2.3805122169943385,-0.5369274669573628,-0.30226963101990123,0.3417645897965719,0.33890287886586484,-1.4422976064140864
GSM1692340,0.3961304190679019,0.26480315444122815,0.6096747980306196,0.7326009511690776,-0.9339384103172506,0.02167724666669307,0.16142071257300428,-0.02434461300905956,-0.9206841088069057,-0.3167448646801993,0.46817319940802127,-0.06501077067325116,0.004546102771963321,-0.7408439607717855,1.604679776338912,0.05602267796685869,-0.6116870769289846,0.1347505440649247,-0.041687438607794856,1.1948746101075718,-0.829220020013701,1.0649676633742342,0.5945355969632976,0.8999496651068443,0.8708858118001369,-0.7047691896091295,-0.5966194306930572,-1.0778850399617563,0.3572591725119537,-0.34253470818452786,0.549495873922309,0.8183715478917718,1.1762318205700322,-0.5229687337452877,1.2961603581206402,0.04961563414007193,1.1192051366059972,1.011785025134939,0.07886515978653047,0.7347464802572758,0.7890495447753737,0.6450619028172826,-0.42423599148785973,0.8255253974873367,1.4026043252170373,0.9122764355234204,0.5168513543522013,-0.7376892261304238,1.52998903933389,-0.24876685274164853
GSM1692341,-0.4959270572070371,0.3446140516244894,0.9121052269086651,1.3179277513363565,0.35702648204820736,1.7272298152061898,1.130726506300031,-0.06745249495802406,0.35316028479891404,0.6693578186810557,0.939063089312559,-0.1772678922745826,-0.09295593568172786,0.5324520694071811,0.5381417809130199,-0.0521265043111917,-1.7354222964908974,0.16870420383739015,-1.0747437062095275,-0.3240199093255384,-0.49183426754372234,-0.10335591359000786,-0.40153437383883495,0.6578397286954657,0.6750496187450465,-0.18910046906249478,-0.1455182024424004,-0.7188403491870824,0.7274348943493193,0.9667359979114449,-0.6482397818876204,-0.429831334643553,-0.10894071684645666,0.47492809413228876,0.8416374606968002,-1.1706675887645825,0.07503478209460344,0.17929808753800955,-0.4196931188169483,1.3284808890300004,-0.15779307337989773,0.5093167201572855,0.1605022561917592,0.03791118492975565,0.8995896436051105,-0.8163209372284702,0.052991250773021054,0.32269951644766265,0.6348266427984528,-1.0689149656135484
GSM1692342,-0.09894190661875463,0.14505491509967514,-0.019889700212685865,1.1925168282227119,-0.5740426478446649,-0.07706456325122119,0.07450508841517134,-0.7480168085799958,-0.20865874830038256,0.30450343247679906,0.4554483460254256,-0.5331606529415123,-0.9098109181424836,0.277791029243012,0.44716999803309065,-0.17465346533749382,-0.5030255317679436,-0.41072769241711066,-0.8108650801787591,1.3994094163237738,-0.5384013578223167,-0.016954862546334586,-0.2301001155583417,0.6237410688932302,0.7097176267933399,-0.6632583505168616,-0.7068161150028861,-0.40451874578268743,1.0065699410084612,-0.7062090174465437,-0.5979608945094644,-0.3099799501192012,-0.4495516422707156,0.015994398003105207,0.14743583321996914,-0.5024845701709287,0.9382727726961156,1.9779166027802324,0.6861264151787168,0.5063740027484043,0.11699983430552163,-0.16297113378394498,-0.6431161865055729,0.18816451547193164,0.8806277487681266,-1.0753239501931031,0.019555199838208873,-0.5530333619128469,0.6091666839655271,-0.13715779083017848
GSM1692343,-0.1909384841594443,-0.4276222777148073,2.234479074349306,0.815846756770959,-0.9439039717967193,0.6198263032762791,0.6216110183100153,0.5937884097200247,0.22800365523739474,0.045688199724632714,0.06695402965776706,-0.8518973055900401,0.1750539209490824,0.40587862667560826,1.562859052987243,0.8703851392573639,-0.983075226017026,0.594723007873502,0.1912334885338102,1.0948753973309144,-0.05824199141548277,1.1062774688224195,0.7595318698743557,1.3989878477364135,0.3981144892973741,-0.6739369799748464,-0.5929410085565917,-0.3864588556353938,0.45565213024899864,1.3115919978276334,0.15300308505107926,-0.5893610981068117,-0.7047639902146381,-0.18188344061403905,1.9813893674500973,-1.2573442652505507,0.754064184483739,0.6109619302036119,0.1458533205756641,1.4151001331175137,0.9667058880785963,0.7773274367841879,0.478953475440618,2.1444492822347865,1.2176176711998343,-0.03539056340082365,1.6677702945864477,0.4870311654525426,0.8412750381945421,0.4620741945543813
GSM1692344,-0.020440326455407526,0.3966943005980951,-0.5677554647666854,0.44325120373414817,0.7712480431956236,1.6089686077293153,0.8860008143320699,-1.0161687176658822,-0.8101089655326787,-0.15601206823214886,-0.3298510615675078,0.026644128164189658,-0.46415893111588113,0.35898083157930544,0.47552712633073096,-1.3214847546258766,-0.9043248478609931,-0.16596776509063496,-0.345311478765082,0.933412539277587,0.05105007641247939,0.08324874679242808,0.6603981992861329,0.3316292071692202,0.09678510759150677,-0.2847845127572609,-0.2550829091543047,0.03047552225605048,-0.32361151498029095,-0.051959776331914315,-0.6899507103430071,-0.2065551056202454,0.679049807294159,0.4396215794643344,0.18063776781907323,-0.3839034979875352,1.170974960237748,-0.027827718151939063,-0.6802509394191368,0.7036691760192585,-0.24337547875451132,0.6000832009963454,-0.8745734429169699,0.27598212950739986,0.03459205730893957,-0.39942111968021693,-0.5058435986066201,0.28247394614645877,1.4581650136396245,0.10220279894164795
GSM1692345,-0.8768148500246189,0.6273937204034961,-0.17853993056377113,-0.5327241188539177,-0.30436457325656774,-0.5456470010046959,-0.614611810514728,0.6614407435775478,-1.6923501438908477,-1.0708658558715713,-0.6951469527105799,0.1529119562704188,-0.12371327686319716,-1.1058747306433458,0.4752403080558045,-0.962108934785594,-1.1130774814662012,-0.33805791191190715,-1.222198046595689,-1.2068570576328796,-0.10831425155809361,-0.614074014198179,-0.03829281554325662,-0.4561595365964039,-0.5286968422929869,-0.7220566963255796,-0.6001992928279133,-0.48744690903771015,0.37091594055797517,-0.942156584615427,-0.9884221592395075,0.4090282687928131,0.33051402385645967,-0.8728757446225609,-0.42010078075501334,-0.0442975909024163,-1.1113852252692387,0.030415406581581133,-0.9254806939559728,-0.60127680160111,-0.6528034174932438,-0.8365149387678011,-0.43048896224414646,0.45319190886556066,-0.45921379940801244,-0.05697383838406439,0.2902630329363798,-1.0669799052803668,0.30525536565505157,-1.5687840316062798
GSM1692346,-0.2639711381623715,0.41758087615094264,-0.7404447112226489,0.6589049874367665,0.5268482305029081,1.3417500315545121,-0.08083930379343982,-0.6620712184253071,-0.2979875139721364,-0.19259438709797605,-0.7438829599527083,0.6601406598975764,-0.6944367547123382,0.0508666924857587,0.38618873970834294,-0.8747269508021338,-0.3637275898140471,-0.8546896968083572,-0.19573200101342783,0.21916584897552188,-0.45072293651730183,-0.09622703125102677,-0.7298954946282132,-0.29707464238591536,0.19115452998806012,0.29519729766670644,0.14349428647384455,-0.45765963879211213,-0.5408853457681113,-0.34280001575012803,-0.9217344660839135,-0.26402252418983696,0.08535334268611315,0.25955846845380415,1.6036094239450347,0.11498720573032374,1.1488482601777301,-0.3718338563142748,0.15540249933311673,-0.22150007639506436,-0.9220159142834409,0.4350990937538239,-1.3169009228050474,-0.8139540386629561,0.36003350975210363,-0.48673581988748243,-0.2989398286745125,-0.22569699167676063,1.2964962949985153,0.024699947896925634
GSM1692347,0.35391915211249986,-1.4212763824844918,-0.19124171519563823,-0.679084237875326,-0.3451053884175677,-1.418798578078031,-1.505223148244605,-0.2685250820681056,0.8753032920794753,-0.03552525718863653,-1.0888033341928811,0.026565098717094417,0.046746250655855894,0.24304927446562555,-0.9440961709676127,-0.7849539867239677,-0.29358948627174597,-0.17592178011276807,0.09885822152182551,-0.9820447094189325,1.3089372331548477,-0.010436562849804303,0.2437859787026825,-0.45618315235383566,-0.560505932562321,-1.2183877512728345,-1.1831608309774826,0.14053802468958634,0.18194094300293584,-1.2529757675956634,0.3470544503659774,-0.03455920937283525,-0.8695425820088181,-0.0707432729106263,-0.20652729529445857,0.25043097394531366,-0.8240365335664395,-0.5092640200351666,-0.9653902707678739,-0.1460338225931953,0.29152572170666763,0.8668016307379853,0.682351208827471,-1.0839380623237405,-0.8999924705516008,-0.2010411358310933,-0.3350734530097437,0.029145685187129254,-1.0850072318117245,0.6129300088189922
GSM1692348,0.2744344405168633,-0.5129453143934793,-1.0381416530184566,0.37649892371873034,-0.1406027887984556,0.27562564476061885,-0.7361141914936713,0.5116290491829933,-0.14134096403495874,-0.002111246193764014,-1.3340721685366916,0.6045331055799968,0.8644648502390636,-0.05627250957474251,-0.6173309721821297,-0.17873666133248775,-1.1226376025928995,0.8690545384276079,-0.4066393988439808,-2.2791748854331177,1.2635401769655645,-0.08098446629506767,-1.9755882788595756,-0.9234492524689364,-1.07999810431564,-0.7840626617081943,-0.9414956219014435,0.9271204631605572,0.12836781337096329,-0.2764066179433906,-0.4572129976447155,-0.20319393460747878,-0.1586108169660732,0.6992363097391512,-0.26531346807593503,-0.43815648030474286,-1.2102699788656992,-0.17647153094459372,-2.069968751572063,0.07334096707338604,-1.026941830854519,1.3352675927264301,-0.1122137140928713,-0.16910502698146615,-0.3061436987079998,-1.3742714213420242,-1.9210682941822645,0.1696388539256235,-0.5780173081905264,0.09305812292017736
GSM1692349,-0.9780194334934789,1.3441248379384618,0.20653192876529283,1.235911436748396,-0.8017779520724014,1.1759687151776295,3.6529641727453455,-2.7098811389760424,1.051410974993778,0.19193592121841477,1.3417420695832671,0.2698635757310462,0.47565375985320124,-0.027478400961031255,3.079697895427321,2.2572421175719595,-0.9269760046767386,0.3703819408830829,-0.26477137013238317,0.19494226314356333,-0.1852447677925706,2.4035794106567634,4.025459678550343,0.8350716484771685,3.5784084173570667,0.47095548212816374,1.0115934845751884,-0.022982011629098863,2.6874005614367045,0.043812828233976385,2.063411683803326,0.7524222953815207,1.2220212909640797,-0.6488288120162173,0.48157484116974975,-0.41154073355065346,2.791872851036234,-2.0684441644307734,-2.928284635142556,0.17010893612163028,-0.06546958505876659,0.7419406349834722,0.004195583000499271,2.7379719988459352,5.005882939490811,2.4081562074155376,0.5576604118735922,3.5006264859046476,-0.21089155430293763,-1.56152294329383
GSM1692350,0.8743810375749549,-1.4660873489285304,0.5454517263539018,1.45947849667205,1.2533972124274644,-1.096296091575535,-0.36111616201627966,-0.3923027899770191,1.4774797518850362,1.23913659946661,-1.4691649238742386,0.12630502313602177,0.14872101926963155,1.5151896224747374,-0.21415322802619677,-0.04937240119824713,0.058256002605826716,0.02710441740605763,0.44495984558922613,0.1666932314675642,2.3651731978609893,0.169757258531379,-0.472175804518679,-0.14905878875699693,-0.9670462731296098,-1.2320219571068496,-1.2626071671122727,0.5610774435891226,1.3241878262681495,-0.4530360747532885,1.1741525633372687,-0.2186086100307989,-0.41896710658476105,1.1546657866014371,-1.248352536133214,-0.4214469646932421,-0.25966474366189707,-1.4264591094965389,-0.921140277460891,-0.3563786592733959,-0.26275833921645564,2.180541578325056,0.5666864106973348,-2.0619581028979113,-0.7954575430016909,-0.9181852991411785,0.7149100583061249,0.8471907238301215,-1.3984100227008138,1.312460447682589
GSM1692352,1.7775861860540403,-1.7171847828821145,-0.8009616208499525,1.287796339003043,0.06616353974868862,-1.6958979462650225,-1.4926072112392743,0.013084061159023714,0.5240221546054329,0.38142622113188723,-2.5653772858312913,3.9445058585697836,2.732217170832735,-0.36805325174454195,-1.2761620660853248,2.4220472106143838,2.109832931585419,1.3984988847543312,0.9241303294538654,-1.0302550972894589,-0.46182908449739574,-2.562119353847873,-0.9889858097099532,-2.302007752631266,-2.0540846771633965,0.019567616220426673,-0.6822406450235453,-0.5755225697744532,-1.875091510534105,-2.0122421972616387,1.534528917655815,3.1149811276267907,3.076293860589674,-0.6598021116041374,0.8375539181558647,3.2315351997876616,-1.495437358846985,1.8981721240707912,-0.07251177750006779,-2.785031451888099,-0.35863556082676734,0.26112667856708355,1.6926224695202894,-1.5455978309388219,-2.1820909470924366,2.176163530856403,0.2670856704399487,1.2382770016302624,-0.7471411927715478,-0.10195449348154995
GSM1692353,0.2588570349033543,-1.5109132599330917,-0.5484797415756993,-1.4607527849921687,1.4470502191946417,-1.0323124256373954,-1.8845352518147018,-0.5808314074292652,0.9712342626175186,-0.6380474760190581,-2.364390451929815,0.7574707925993367,1.2878181274808087,-0.22834310198616498,-0.2686790102265424,-0.3044075550497802,1.0264747536315761,1.7233401958166736,0.018767099272738067,-1.8549042471834325,3.2779624856610514,-0.25584967481108467,-1.4853881857890512,-2.728234280320829,-2.731113737385013,-0.03615430030379747,-0.6287858688930444,1.1155425768864806,0.10773538119642134,0.9673639866514328,0.8310618329398246,0.7164670565316302,0.2867039340353415,0.30432543235951737,-3.2703443055511805,0.3236668747003009,-0.5135539120035146,-0.7019589232839475,-0.46409068304051515,-1.3649292991924924,-0.42742908508917504,0.8836160177323732,1.792259509404246,-0.4231393837117308,-1.6680785267967884,1.136272782646952,-2.5927823055682313,0.7472063026801866,-0.2778424703427736,0.4462147816098926
GSM1692354,-1.1702476435935723,1.4933669101730342,0.6157359074221541,-0.8223000855213736,-1.8407548447112925,-1.5701046939904022,1.8060295257513423,-0.44121033538940696,-0.19265026483648864,-1.3050853333901402,-0.312090907406004,2.662704531884498,3.2678277810365435,-0.09598462211565867,0.13880262063742518,1.478754420387988,-0.49155088649775064,2.9341840276412032,-0.5031181710640649,-1.4922947439614933,-1.6581635348886201,-0.7916902103689876,3.9554675723159405,-2.1337745600330553,0.9291590258853084,-0.7808505123356682,-0.05024229052374079,-1.766315803343483,-0.074588419934004,0.9214045668534872,2.229484148508605,2.5799685500367504,2.529413567299301,-2.3680458714324617,-2.9990842972973044,1.5247431091025618,2.629340810613562,-2.006642774823953,-1.5759701717340482,-2.636311540092589,-0.9498003338546269,-1.037654096748778,2.150129484106676,1.629756530084835,4.352490600414676,3.505324252157926,0.3199934722665782,1.6016415090692782,-1.382239259152208,-2.4406020044329333
GSM1692355,-0.38352734785731823,-0.164045884475576,-0.969731397984515,-0.16562879235356262,0.35792906945445707,0.6154930596741606,0.029144148279709046,-1.6062725190626115,-0.2779801952247488,0.23434429406622767,-0.8821784721609808,0.2517459732544443,-1.07561554223193,0.7460279357009436,-1.0109722081117516,-0.3646282050500676,-0.5296713896376066,-1.0851352301369972,0.08158021740995433,-0.3988240533297283,0.5215893533667362,-0.30351378806502416,-2.199501910509458,-0.5605469339721493,-0.5001676289545867,-0.21021872497426083,-0.39115761615832784,0.8690147901061889,0.04355579321003345,-1.0461690804787076,-1.547647198724584,-0.9327118925530842,-0.6234947593851506,0.9410752524738693,1.1748661171893213,-0.45986147707202085,-1.4216130685690036,-0.7441517334571455,-1.3869939423069872,-0.34395637156926934,-0.9235003121882835,-0.041100788317592285,-0.405875772090146,-0.5378098596520917,0.0038493043415490733,-1.140533680627958,-1.880432547081957,-0.697264903472353,0.33328001848530786,0.2945084823330943
GSM1692356,-0.7163676647932176,-0.05829965104353692,0.35708219319762696,1.264001113828585,-0.11577142433335051,-0.07428017994432934,-0.01980405162427951,0.4672174891816491,-0.41572768415230493,0.725486381030306,1.237907006563323,-1.0366127103919045,-0.6742374938367998,0.40947854041759774,-1.0171139820712611,-0.30839818897252014,-1.0049486843192028,-0.5112031983327291,0.23048532089427154,0.6545198775106855,-0.38022323728691154,0.24958048702150476,-0.7336158748180024,1.120212968263164,0.3441856549614198,-0.3028771831442647,-0.22516910459950096,0.5692977152440427,0.49776198860235815,-0.12150188421886277,-0.5844674657048657,-0.7954572805302758,-1.1878818972464853,0.3311634312302472,-0.8495656216214436,-0.9680830344088653,-0.7089712758206507,-0.1477818990769807,-0.471424267311853,0.8748747850566335,0.1460883965934171,0.11488490455041787,0.4873540942819399,0.4609656513165165,0.34338669516392656,-0.8433683287867462,-0.4323795279766994,-0.21167497589216916,-0.11456717111098481,-0.5486304175252952
GSM1692357,-0.40312949275129417,-0.37957270399340626,0.2532963196730021,-1.4486681325977246,-1.0620482017609087,-1.2521350453078153,-1.62838952255152,-0.0608568296972296,0.8804163823758416,-1.2021376170959586,-0.8440225391766348,-0.35691846825512286,-0.5211352362676298,-0.5231654882207697,-1.4495789474825764,-1.4612361384343726,-1.065228205498341,-1.009910272226441,-0.30913657947140516,-0.8879512602872587,-0.721131229441314,-1.2276808865116111,-1.3068769208584659,0.24955949042608616,-0.41954565383666415,0.06280854212476455,-0.12391533250829366,-0.8832450158544218,-1.406238337221861,-1.1934041931330592,-0.23080570602072692,-0.5283626518650419,-1.2063017868036146,-0.993942545193933,0.08839280180713928,0.6491781000440904,-0.49783876869661153,1.333439121453051,0.1862876669038346,-1.274216752696543,0.5785217255947805,-0.8911712465712134,-1.477457770662762,-1.095849928912281,-0.5908808700305133,-0.6864134394025647,-0.6169245274015914,-0.3471000545553544,-1.9410309444979432,-0.8923561906904893
GSM1692358,0.19148579744407143,-0.600272624001174,-1.234104785996381,1.6337539007110558,1.1333721900039335,1.1260341883812872,-0.38989034637310394,-0.08979906864616456,-0.1492498566458214,1.1034568654605763,-0.569786766311768,0.14228875061766635,-0.8611306598630231,1.8659743369014306,-0.052663980358392336,-0.7222107825318081,-0.08215171226256783,-1.0557446224938882,-0.498672246257992,0.030761676544946933,1.012168752942147,-0.6091493883351896,-0.9001337547726372,-0.6563965974233293,-0.4543781360002216,-0.4572248577610054,-0.6015196141969776,1.5592548917705447,0.8714714549316568,-1.844174272273501,-0.9309989672935998,-0.6385493479986039,-0.1296065236718428,2.096936249083463,0.4676579707809531,-0.2924182420267221,-0.9810239271861807,2.659454059698041,-1.0365224003722828,-1.6255032308072983,-1.7199450722987737,0.9566670405059712,-0.5968816645254046,-1.7301290433364611,-0.6796468034374958,-1.8301173842601715,-1.075631816166088,-0.538206904440189,-1.106619393387367,0.5539945970907875
GSM1692359,1.850275239055361,-0.7413863159670866,-0.07779800283446829,1.5358089088925215,-0.2150873526188272,0.27759537296691467,-0.6428876506213194,1.5566957133204051,0.962929855730505,0.4602508051371158,-0.9238742311236071,1.07180239915864,1.5510924251912401,0.5485833862291245,-0.7207542140085936,0.2658670166111878,0.8036714268464291,1.4545321993901363,1.47928207851924,-0.9558179011063115,0.42636317613054003,0.03857739124426044,-0.9207716589564789,-0.7562779984432166,-0.8543362934917629,-0.9296616159403213,-0.9530609065815959,-1.00216895188503,-0.39453604972702144,0.8226494366021858,1.4308260524955243,1.0279023230591664,0.6120724870773696,0.3902226552824807,-0.8825472861079133,1.0682115880757295,-0.649081854298267,0.3475714128166795,0.4173965451477789,-0.8045485317178275,0.34067635135978863,1.8552641753298809,1.3325511144262658,-1.7396948135711685,-1.053433425621396,1.3611166638705614,-0.9210607056220085,0.7874428716461774,0.13651484805648426,0.8847250622701144
GSM1692360,-1.8836887706442127,0.5515455170486661,-0.6599928500264697,-1.4406439027577091,-0.785648828972639,0.23964210498840913,0.8623356177588047,-0.8956382981946477,-0.4146087846543795,-0.6874596922069031,1.5166743027912752,-0.6763052058127664,-0.7663855526162627,-0.6658945984785652,-0.7008196150766616,-0.8102677552965757,-0.7842940109335217,-0.38042624527900404,-1.0828754612260831,1.6138801702815149,-1.1122944208270513,-1.1954102517281913,-0.3024032059081257,1.779043985608726,1.4208542317168842,2.075832950907585,2.370833967854718,0.12430360910872668,-0.4938759676275077,-0.581762667266606,-0.33433330355989394,-0.4714921741923273,-0.7328566557214289,-0.40576024292013585,0.6522104689257754,-0.6389462148847084,-0.7033354116218535,1.884804370774531,0.12299061621133521,0.26084987470569815,0.49924023338197426,-1.1313349878205392,-1.4317513135688336,0.25445842763253407,0.8002127691681954,0.10781321109571332,-1.4463823971529255,0.7924218016587662,-0.584872009086936,-0.7745339670010227
GSM1692361,0.9599370445564694,-1.0785270008535361,0.33729680721242467,-0.6934007506693133,-1.0263383571481182,-0.5579646408845765,-0.2091268912060792,1.5769595092986648,0.5329819330268804,-0.3508705117860876,0.44379214980936466,-0.7910947831711083,-0.20377990666642234,-0.16521647905899206,-1.4368878220110297,-0.46675067562857714,0.18338766064403683,-0.32644602431922315,0.6618948680117611,-0.5557172737402603,-0.9254621410428636,-0.19650707975389378,-1.3350093814913937,1.2051326672734637,-0.09630654333812655,0.19316000588299445,0.08336467230238202,-0.4901094826757439,-0.5324393383902614,0.4116424410538412,-0.21687740736879554,-1.1780340147917598,-1.958866634627832,-1.39175054835671,-0.2844373592274006,0.4766535353000591,-0.40617900369600496,-0.659769878795194,1.9855287078220307,0.24161036121066873,1.6272938168080018,-0.2056412836547806,0.4272371007579545,-0.07312891720747824,0.004854710674740091,-0.6318397309016096,-0.24809330561987822,-0.8149201338672906,-1.9826379538605168,-0.10723074460165186
GSM1692362,1.2338946885754964,-1.043183321181255,0.8449215597694338,0.08042502900467575,-0.36348110097781255,-1.2157235690514268,-1.4665078038883121,0.576407273471274,1.164781764921553,0.4167964280726412,-1.1959146135683343,0.3270745727022411,0.3893959477001407,0.12857217662437537,-1.782726774587014,-0.9413574388145077,0.3639485968059251,0.29211867127580154,-0.15134017307248085,-0.49519582504927073,-0.6734633324585925,-0.16730627969155204,-0.9070507489941049,0.11279756455006738,-0.9194926251850373,-1.3399719578583875,-1.3355724984191193,-0.7449162817937311,-0.849865919451796,0.31653728006103965,0.8805360689559097,0.2763268745580052,-0.41001179124928616,-0.24168120544486257,-0.8724325702970148,0.65165889554887,-0.40512764265343554,0.5830779648172281,0.531379698288042,0.8751615246442163,1.1334072503311812,1.3332824534001149,-0.1631795945593026,-0.43465710595864226,-0.9153806817303183,0.27609664425714137,0.6045889442036081,0.10812408051278169,-0.3199478442565486,-0.21135481799716463
GSM1692363,-0.8251460181013726,-0.489884307562088,-1.0916465349019278,0.5180215212009305,2.077292911438033,0.1574684928867387,-0.32916129235784364,-0.11639782952224852,0.07218265473956331,1.168607677264362,-0.7212852192956288,-1.0866162701770865,-1.1872664178281365,1.7687226113969274,-1.3212434908455395,-0.2595925912318346,-0.6312201656389341,-1.0070016723106003,-0.8007874785202066,0.2680624994615935,1.140137545650308,0.2497530353314616,-2.0340639285976665,-0.8422171273043867,-0.928017117514367,0.9625865009352654,0.5614566254964678,3.2062058317368423,0.976897354540826,-0.781713591505615,-1.9167736304610035,-1.6419947044341405,-0.3588554311960945,2.4008177177297045,-0.24985699407559364,-1.3476943172565465,0.37759843238789714,-2.019408152420795,-2.4863713578877378,-1.0166319950174783,-2.288385152869515,-0.2846903616862586,0.32643497244185127,-0.7879300196542002,-0.428117384374282,-2.7089316859536328,-0.39795569028781064,0.05574042194795623,0.8105760673087495,0.3891918359760483
GSM1692364,1.5742368112094154,-0.5733711977346664,1.2381869020551524,1.0540408771584502,-0.32508808777685166,-0.5335580210243182,0.3515423422118787,-0.3374767305867265,1.780385627697683,-0.14645131016946925,-0.4773947221933266,2.138880353477056,3.1897680079232082,-0.09515489640549187,-1.0986212509210271,2.4149239904057387,1.7639790811774445,3.549064747822508,2.7067222005289566,0.05116417964439364,-1.1492869649457982,-0.6675231537362267,-0.05639975714121597,0.1528522412669921,-0.54248109756718,-1.425538598233931,-1.1966092119494656,-1.7590748431211152,-0.5577860413368578,2.1665649641910134,3.393419855361433,2.2738956522875724,1.974261644320236,-1.1312118639293562,-1.3868981879143778,2.495079085886572,0.05848781376399292,0.46190498167625543,-0.2215545932216506,0.060500018328303824,1.654624061516549,1.2713406506066334,3.090885748270633,-1.198689421298577,0.08003394329906459,3.7847821064287865,-0.8569476408204258,1.7350216768722941,-1.39367217084529,-0.3698036425870755
GSM1692365,0.21085728963301476,-0.4762602020637867,0.4810480227479638,-0.29746075682556533,1.4369332302375741,0.5390801932627552,-0.02971033284102107,-1.7011817322902392,0.3008866511359811,1.094113334858672,-0.24058991872392632,-1.4401212029572537,-1.3051773077381374,1.518850277717516,1.2854402570720231,0.42706695285469876,0.2226883958010304,-0.37152801000660657,-0.13352037868541247,1.951575822052704,1.3509549017455522,1.5179057852899975,0.36652838805199944,0.31575559079829363,0.07405840694290067,-0.9009744550255443,-0.9024246924114787,0.9016009778991617,0.682118876680369,0.6291402910918237,-0.3310535299461079,-1.4604519387955615,-1.349251588159426,1.4299556090381316,-0.5858238153890164,-1.7103892067903803,0.7940050157243811,-0.6088488784365564,-0.36627154788947597,0.03734057232875511,-0.7750901198513459,0.9203002415908001,0.5432364146550908,0.4435747633519278,-0.6250878489437112,-1.607361133654108,0.7874046658216082,-1.1635196864647226,-0.45009863208555295,1.4350798107311953
GSM1692366,0.6378735843742622,0.4492833184055903,0.02932859288175511,0.9029357915545863,-0.16285140701118342,-0.29761309682767917,-0.0277238390607343,0.4559822735833466,1.6604737359148507,0.4596342978028293,0.23491820813571332,2.428003874404712,2.4469065370168623,-0.10044081740628148,-1.6530389542448234,0.44063866192347706,0.2552741582411168,2.5133978075596475,1.0608940210060416,-1.3568468457854586,-0.9653834733673334,-1.3452798775746164,0.16873672945527465,0.7068059792402478,1.326274626822026,2.6648758720590497,2.4920561219986737,0.9483146190833033,-0.9045668455613026,0.3006148474847899,0.9539628554468222,0.9648336964092472,1.4488624150369953,-0.147453874713364,-0.025682471043644035,1.5091869059409444,1.2154435039551055,-0.9702074275061976,-1.6732725828163963,-0.9879101214029281,-1.27282100086172,0.5459250357160184,2.377518913184804,-2.8038575883165278,0.9842285156757594,1.9363293498451728,-1.471376757259099,1.3247211775435348,-0.5216839892797211,-0.11412072544476679
GSM1692367,0.3153934264124515,0.07722654273531811,-1.439023070910716,-0.014747628415570525,0.06259750406056677,-0.2501581628036478,-1.080242560576182,0.04849649603660803,-0.3475057491880846,-0.12834776064062922,-0.5495272128437124,0.21283343610283337,-0.8869788318757927,-0.11518234028299673,-0.811842518223043,-0.9060240106886466,0.23161275312459065,-0.9275680127744885,-0.4154137960275613,-0.5033733142378319,-0.23637569597062247,-0.311193293298064,-0.9358986692928474,-0.43259102042956327,-0.09626295420692703,-0.5888113562590644,-0.5916437918218511,0.16371240896295694,0.19922233276290224,-0.9201367439216926,-0.48529962971406426,0.0003691168757146425,0.1754106957040495,0.06196562551631592,0.3574556477288761,0.5863884167981744,-0.229145787214538,0.0671063420495228,0.6597452623984137,0.6536132853537043,-0.2468979641122212,0.8073478541071791,-1.1471170998324542,-1.1423930633507733,-1.0160968588918604,-0.1561020512169313,-1.317040708198141,-0.31571995597428765,0.40393569409070845,0.0706882096475455
GSM1692368,0.43335155007817244,-0.9067159658019694,0.4835726858938015,-0.4057343061469403,-0.09182846329529845,-0.48655333609670026,-0.8411984367388223,1.2198094900989522,0.20726536863749287,0.18924159459632556,-0.6189009953557809,-0.6334735256598225,-0.5124727322510629,0.02322543904600543,0.5643560082410465,-0.1742118080975009,1.0816666294602462,-0.7876739380992043,0.9227092121627942,1.1362985062897712,0.2843287699513096,0.5749909611667495,-1.4940849846016053,0.15200904591588774,-1.0698253004501623,-1.0120952023111616,-1.2125948264514468,0.27023026135923256,-1.2021523523320117,-0.39541190129523285,0.018493181544108072,-0.04779382141047005,-0.5497903481306334,0.6097328317668558,0.11076122032767317,0.47640523355689224,0.18188235714109663,2.5800838036108686,2.090720924362403,0.15990437454910558,-0.015600271661448615,0.9483816860028152,-0.5205855317334886,-0.11360831876928858,-0.5873833950279841,-0.43693154502283393,0.07990492874013536,-0.05020447118369592,-0.12784458255721823,0.5561685418697611
GSM1692369,0.9358299329899831,-0.17643765374992057,1.5694342347320145,0.5376381444109635,0.07904641628071025,0.570614442924986,0.9390020040929431,0.3477883016552433,0.6804374503583276,0.32038444106864655,-0.04849029610892893,0.7220449483555266,0.8772532333895061,0.19492642721229597,0.1341064707155408,1.270324345484886,0.6963450142469014,0.7757544028912565,0.5904683631636725,-1.0616558626437906,1.4184357856750336,1.3629242785681674,0.8562554906499976,-0.06633325760551621,-0.7070749034120141,-0.618438961478057,-0.3945864458298782,0.18185381744651152,1.3824392784676722,-0.33396319839759897,1.8781160385401185,0.9279280384755798,1.1341081791764938,0.8710668196291651,-0.38205275611206513,0.519318020079808,0.29724151745032157,0.38574910506556276,0.47777705734364206,0.14357069003614592,0.3789118818563985,1.0930496824267657,0.41366821975698265,-0.10662669869932101,0.2461245419200216,1.0703276924146237,-0.9674248062757443,1.9474811779402457,0.5797934002454238,0.4051441253363326
GSM1692370,0.7046596188412607,-0.2992424210779124,1.1552010465781417,0.3459814251224409,-0.19677040873484808,-0.30221128428511757,-0.4394435257457712,-0.5100742435134202,-0.4663986677262505,0.16591436041257235,0.29306690177821315,-0.7924890024703118,-0.6867391230855031,-0.39615841150686354,-0.23604469049793725,-0.6230957583046335,0.8231043419211995,-0.44492695441643254,0.2709873692773128,2.043903339531014,-0.3212985424722913,0.7978423373871305,-0.07222764165334106,0.5083246183346566,0.13486751368620783,-0.9999858229605647,-1.0952747855419909,-0.5135064080893113,-0.06566396362812449,-0.13051896191674917,-0.0801124481650314,-0.495039295658197,-0.7422035127220443,0.1783697644129935,0.41926112845124647,-0.3939263191166475,1.9352043548459896,0.45296558452804253,1.7536889209990265,1.498970773782018,0.6394137729908524,0.2864530185334876,-0.41802111841349765,1.1199050507056174,0.4134997800832108,-0.5985106719879536,1.3135511559182804,-0.5104225619980463,0.0670707497211182,0.7691273325381702
GSM1692371,-0.8555381598879259,0.03984153869094098,1.40750272632119,0.40776006594259684,-0.34258679884720344,-0.07297515906814041,0.0014097369236915841,-0.08514910936976622,-0.3732610562946819,0.03343859607277322,1.224266357758022,-1.6305758904536107,-0.6127448884169269,0.008452652499966701,1.187659881118579,-0.6995837351055818,-0.6623791860441842,0.040367306311329454,-0.3236935038527634,2.3721490955530866,-0.21055947658416044,0.8746513360674584,0.3359781774870464,1.0530600851037157,0.5716856194328558,-1.022406843980011,-0.8572923131311729,-0.33474457040034944,2.2411714368692257,1.4478886184948068,-0.5226818324226987,-0.9652684849348083,-1.121767044487598,-0.2652661187854037,0.43764662996214987,-1.779402993512549,1.108810872079725,0.4943182088829529,0.885761872014073,1.1566598209713985,1.5094385308741043,-0.8540892348598093,-0.46926374151077777,1.8620621408305889,1.0297120820343963,-1.1998099648645204,1.949384756653562,-1.3278457188437813,0.42257611215118496,0.21983954653610305
GSM1692372,-0.47697323310369205,0.02578453015413237,1.6468601579112643,1.3894397381754198,0.15744439488921588,-0.3409876499548491,0.7520588047454373,0.48501595293843464,1.1762816584319755,1.0391032919713312,0.8744048227303687,-1.1408364521584062,0.2795732595001218,0.6355811402894731,-0.09147689649572412,0.7865585921013338,0.02385174230103946,0.5758321215998736,0.8131208821724614,1.1330129833800981,0.3181891875365854,2.129893383170962,2.182267008877524,0.6304633099083571,1.2094376462274168,-1.3320814884740075,-0.7296847754833274,-0.18620565436321754,2.361152059142453,0.24915200029400156,1.2442997784196885,-0.05561937121092849,-1.0730918922084949,-0.2541554893518078,-1.7602612565310252,-1.2202520262115921,0.8239385306591575,1.2570426638979526,0.7970193223653208,0.6237204996419495,1.5152336928889032,0.0025794090102975475,0.5232044974582657,1.6783466377290257,1.5764994188407049,0.1531011535284822,1.6091044907028131,0.4735912318992629,-1.256136592560557,0.05436050328958526
GSM1692373,0.3374603471075221,0.25860941979092406,1.7868047122246424,0.7872899511364214,-1.3396848025072723,0.27170828424932525,-0.14935789029670987,0.7509456612607331,-0.42275962597913175,-0.5533390577008892,-0.11871786274154975,0.5412223593578984,0.8761204180067392,-0.34404491343277716,-0.08325948739244392,0.06424989798819344,0.06985530879446221,0.9608198975270877,0.5377029842467039,0.7666930007032724,1.124167962277335,0.27279528301090317,-0.1285125628704238,-0.6565548506475303,-1.4763252822711104,-0.6886519770084158,-0.5465776523656648,-0.4384073029224379,0.7477468171456133,-0.06314243748245538,0.8712469536140705,0.6876131275202205,0.17071905051761707,-0.016191582341298003,-0.6813553097118847,-0.04199521944142477,-0.9036608933016315,0.769476855036109,-0.27517281368175406,-0.4625446683959461,1.2793800094660885,1.0100881848842191,0.6954229487802778,-0.11799819951839037,-0.40977390407139164,1.1370485796615468,-0.12322912901820376,-0.06914218417494228,-0.42535413807393874,0.6921805522876238
GSM1692374,0.46543860289125055,-0.7391298852365374,-0.2272234862385596,0.18705566476942323,0.7105005781543722,-0.5872138219855295,-0.0779475187677553,0.29383391338188286,0.9103438441371984,0.7008622578217568,-0.2009381398224179,-1.1606138433896107,-1.0787392367038682,0.5804198802002658,-0.02657453172320801,-0.3622333765665538,-0.9713456348189823,-1.153457817086622,0.22167277675952451,-0.3537901702379598,0.13546121626772245,0.8301625045227871,-0.4210665813415526,0.36324181770482666,-0.09821174844419836,-0.9313020135465863,-0.9968601524559315,0.04299773783385581,-0.6060908032176388,0.17450972901429623,-0.7680239227022876,-1.3698882912368462,-1.567517919546194,0.050953032342574735,-0.16887370070243785,-0.43655197740638274,-0.07829878753775618,-1.2964520018838417,0.07157360932511525,1.3982494850194773,0.13720431412692974,0.5493325137951414,-0.17151288376914997,-0.5646385155823902,-0.8123901944594033,-1.3749184965855383,0.5112308370353993,-0.06645317078883954,-1.1877427223155659,0.48298114401600034
GSM1692375,0.05269283548673085,-0.7232902580681062,0.0019498499026614886,-0.4117872233201524,-0.8609495066170814,-0.31482125093826735,0.8625560329576589,-0.5442470162262674,-0.07915263485368432,0.16071965225431797,1.0254927925566968,-1.7125129290451575,-0.6655817798599619,-0.1979899734027572,0.4884865555558793,1.3073774338028772,0.11450641750240748,-0.5603532886472132,0.32340567019350785,-0.10676032632006849,0.9362117475406382,0.6189768872086029,1.2548024776083846,2.1139114898285456,0.9479562192317068,2.029339150028374,2.1290212821347523,1.2414391229355202,0.9645469735937298,-0.22451444043216104,0.3801363499466725,-0.9772157543691198,-1.759368410881883,-0.4825706403243322,-1.4586728185554052,-0.697448088229377,-1.2863304050211646,-0.30395200534857203,-0.17970503148565728,1.431047018016679,0.6276945899442509,0.4184892940972717,-0.540798868606347,0.005413931370969237,0.5348266120137954,-0.5421544044264179,-1.1995545894446058,-0.3208224498220116,-2.417169557372544,0.3044214878254394
GSM1692376,-0.326071459272844,0.015498816949601946,-0.32973835047294503,-0.6787765872016983,0.20226955223202447,0.9439638036334956,-0.003392344122833417,-0.5301976723850435,-0.638893764704557,-1.0044219083641293,-0.2127051094962224,-0.6493432023293558,-1.0071698945616314,-0.26935529060762614,-0.03956555087501605,-1.2038602744099844,-0.8572043434046112,-0.40590186691249736,-0.6268879032275182,2.0888268766775586,-0.5135004472726276,0.38200706774681564,-0.8842492844223956,0.03353843271517482,0.45888763569687463,-0.3909123994369676,-0.5796047412522222,-0.036157823605282365,0.25285101625836676,0.7863821975306291,-0.8202252879676711,-0.6521335067180081,-0.22522346207273025,0.03669891419126933,0.6997820181042931,-1.0026561142614678,0.7723502647110293,0.28496290901210664,0.8541960555772203,1.0439524536727764,-0.05428157143831787,-0.6462531134042733,-0.2991269600892951,1.1163454818615948,0.5156618956189757,-0.12120536870820724,0.5163170301254295,-1.0583933786312485,0.8589555953775191,-0.03980852295377083
GSM1692377,-0.12145773220352848,0.7593294375792683,-0.7440717644835306,-0.36904540343229864,0.7543300598256821,0.6372981893338161,1.2861478075594195,0.04493850157232319,-0.5503042051405431,0.03364881804218196,0.9092132658982917,-0.342101004337675,-0.38124935368307383,0.3074926172969799,0.6653618442481272,0.15420817684364038,0.2325185215023765,-0.4855480863308049,0.05415636677747615,0.3256413249273012,-0.8584751742524276,-0.5959684829188738,0.2670027203170366,0.8501984173636902,1.155454386326093,0.4446310724051044,0.5363602826687949,-0.43287663228090495,-0.19918857576011675,0.2549591250302016,-0.011382728337389198,0.27673011896073946,0.34561517742407394,-0.02076070794827203,1.316294271530363,0.4504177528309355,0.7203019450944678,0.4000022597630366,1.6559727257195576,0.20301241168255163,0.25185933038346103,-0.07635879503046664,-0.6995891958149857,1.7537968228790997,0.48728006170630817,-0.1909741365286662,0.27073497391850904,0.29323320680381665,0.8939147245871977,0.8125233895050231
GSM1692378,1.305611766337443,-0.6210696502834142,-0.1361452180683855,-0.6288352485280864,0.12169531164527292,-1.4003197738652409,-1.240343540049762,0.4225079624634779,-0.43869491246569925,0.35050653248028396,-0.314851399478413,-0.34355531465638345,-0.6703278426604821,-0.07667787108828744,-1.4191432480887285,-0.8359383383070355,1.46408172633474,-0.7606526121397884,0.47688052717973906,0.10542942160375303,-0.05383056663184865,0.2295858270455271,0.2651816669272889,-0.400309943420285,-0.26547931923118134,-0.9005175689142781,-1.0304361503224664,-0.32831536518874554,-0.15084512015149443,-1.0181838647164358,-0.016495988711304956,0.40421268568663105,-0.18651713723429592,-0.0387372775678857,-0.8506787588260136,1.1691953684904193,0.7252624573747598,0.3705815062907522,0.9504790443084813,-0.09359797152142359,-0.10993780422248078,0.00014995737672121045,-0.6225914328845176,0.31886528673566944,-0.7434188779716331,0.06516913740121116,0.48344307682998405,-1.2319919694996742,-0.4020613770846735,1.151090191563637
GSM1692379,1.2213580318823436,-1.7979918324308337,0.8611175594650126,0.081587788411662,-0.7511627547965914,-2.6323163101497746,-1.4650985534468484,0.9482384177597176,0.6844085392810516,0.429044749796706,-0.9290810119312347,-0.3132590219908784,0.9592247890338546,0.28218209329730226,-2.237711395530545,-0.7509343349214612,1.2472211240761433,1.0986033996662885,1.4237914473740028,-0.6312278756147275,-1.1374189136583377,-0.92906777588176,-1.2684492733994113,0.20537657958283237,-1.2668868624392113,-1.5322951294362328,-1.5586557840703779,-1.5892247696840822,-1.0987780306915753,1.1217347859149727,0.6543418686662211,-0.2510130232259293,-1.8379233255448248,-1.1453966924054824,-1.6067608738491377,0.7017519596776646,-1.202605571697248,0.35745490867979857,1.2659031403439276,0.0671734811084633,2.2288052269764336,0.01849986372139657,1.5997605406734066,0.0018594374845807378,-1.0329871237350965,-0.41190792230767664,-0.03135341271554978,-0.9375072403205655,-2.380169276564671,-0.4069017024805719
GSM1692380,-1.4320855083375195,0.3021576228791007,0.40945366760209884,0.05719535672657152,-0.20473609666368997,0.7821467803535489,0.5292692814549685,0.616859994275152,-0.5827617433172934,-0.3534751547267641,0.7645626068260165,-0.3248170292968801,-0.6193466982423936,-0.41134649215566893,1.084729508540533,0.18481538191302915,-1.2953167753839745,-0.22990023563796563,-1.6396032417148476,0.8018751551482345,-0.5449174510985326,0.6177955951481529,0.5638988580783508,0.6963138013068413,0.704449663688025,0.03223679651817293,0.08913878480900567,-0.17305703339281145,1.1433009925024284,0.9169551163830412,-0.7883486556819612,-0.7868196588199324,-0.03767685525233371,-0.1609127844474958,0.06249218008779479,-2.252069713990948,0.16347187482938608,-0.1638285500725258,0.3460969978756574,1.3473732838316756,0.5863036137191372,-0.6490469833484246,-0.2202698158337525,1.5327479534970616,1.4992082491881262,-0.6733686186117666,0.6414092123558347,-0.5677685778522026,0.8013543618003189,-1.2489173270582168
GSM1692381,-0.3430254092063574,-0.05209986753088109,-0.31416861144638286,0.5550039312780523,-0.3033865090812317,-0.2453430679570914,0.2154993479815332,-0.03965044963192081,0.06611055577959389,0.0712740706924856,0.2768201601526989,-1.1740272157716491,-1.0149619990625982,-0.19444115854583854,-0.263763341464486,-0.0053870607646705655,-1.0005012755422436,-0.45329799915657193,0.5704984452535639,0.900171735871859,-0.5358922021593826,1.452377958832115,0.33489292482366595,0.5207394095346691,0.5870753069116637,-0.4526479677181357,-0.5292420894596561,0.32322909336522226,-0.00016820039272546626,1.0956784009709302,-0.8565222030541744,-1.1854679466361144,-1.096628761049229,-0.34811137817934423,-0.17451132166378686,-1.3000752094552834,0.9819089052090886,-1.1112781440376875,0.09774416935507582,1.127027306276271,-0.2445568965997922,-0.5765801458313361,0.06809536635733476,0.9702183143389839,0.7029524392711829,-0.6634352848719742,-0.1765202175146924,0.1719046800651206,-0.42239270503394427,0.11468682671208728
GSM1692382,-0.7008138096751877,0.11990365161556568,-0.9864651963448869,-1.2477120867918254,0.19037093848957418,-0.06975437736004027,-0.2583888932948178,0.2161108107509948,0.6138088668810956,-0.36273988320550166,0.5144721425960157,0.033776968829582026,0.270335865830173,-0.49885092795032804,0.038809893868315674,0.3579648409273985,-0.9768891511107296,0.10782539840888891,-0.5907099224045524,0.5424228473143441,0.9522690871788009,-0.011158947795452267,-0.15120572812302915,0.28026984499984686,0.5753058621793096,2.3196198615153865,1.9364854660616695,2.010224219047891,0.8566598940391318,-0.41781597696497325,-0.43702484934638713,-0.0942685270487533,0.5501622221481202,1.0556475395845122,-0.423963929941024,-0.7202878367003673,-0.9037717756437622,-0.90388961740185,-1.763988065612315,0.9532885757058417,-0.9997544294951748,-0.4918129574505538,0.05238895976806851,-0.6346874788810446,-0.04502761098161159,-0.34980524199625557,-1.8193940200266858,0.4432819260910701,0.5447407109625488,0.1052487585990322
GSM1692383,-0.154843103805074,-0.24201402721361226,-0.290665356353142,1.7713559806308015,0.7747718369627632,-0.03761008526007139,-0.13143443957304451,-1.3649640814728496,0.7736707278337371,1.707244545707657,0.13670158546375466,-0.5490464730294721,-0.28021487884117036,1.4220310256827908,0.4250142938631927,0.8960082452075856,-0.12944183455460256,-0.17820702893843132,0.03122825223163585,-0.30569978376652596,0.5837440377551983,0.8190732856828143,0.7977771073129514,0.09459928377158854,0.3317775001692088,-0.5293579916439278,-0.4892856556199643,-0.11593974748079428,0.34300570157019694,0.03428251502919353,0.24156057319017202,-0.14058563593229406,-0.3422306562389862,1.336090816318957,-1.20690880317957,-0.28160042582122524,0.006370323491544288,-0.9964108130705327,-0.48093192037267446,0.7447719270035268,-0.333801891766626,0.7925475297546675,-0.24623389666183512,0.5815001144979453,-0.3970777274779417,-0.11841226637731517,0.7843081949093706,0.025607999941697452,-0.13954452618582083,0.17909257448923785
GSM1692384,0.0325578093789264,-0.14313433953204163,-0.5764623084958016,1.0809066957159599,0.7790312699820706,1.5121938158939032,1.163038281854152,-0.8098025351225949,0.06919611290152726,1.3715926667641218,1.082102751291884,-0.34711801818897214,-0.629891797825049,1.4738890882861648,-0.11856227301934309,0.02979882820967661,-0.6658188308293871,-0.6182948343511986,-0.6789575773177491,0.1256689701034382,1.1178884532573263,-0.4702532963805219,-0.406724769791266,0.48578383811380643,0.88160265594544,1.358085384172101,1.303674939920081,1.2211594540965551,0.4593126061966922,-0.2616633691695424,-0.09963099598371349,-0.5059890701209128,-0.8814323050468063,1.1427340866948341,1.5640470631398455,-0.8247673607131198,-0.6763767618139181,-0.8224992515703646,-0.9501923622317077,0.7048859638304015,-0.12871808084237835,0.7767815694397117,-0.3051597061632346,-0.2668427370424362,0.35257633634649316,-0.6521154494458682,0.13159346922831092,1.1317087750024062,0.003969070057489762,0.41714932208619243
GSM1692385,1.6175157465096783,-1.6352026765770418,0.2072297499582389,0.9650668332290578,-0.36036651781304113,-0.14901539991822257,-1.341935745274638,1.2117921652507353,0.6944126789815289,-0.18854861014346153,-2.362099479800984,1.6640782259102276,2.4519998866282617,0.6212380708270893,-0.1287674718960502,0.27910347970310845,1.0829855200190925,2.4292222132075922,2.3905313290876284,-1.0530579067602222,1.177291469129844,0.6025902611382209,-1.559254081350946,-1.2776178042183837,-1.8777824765773299,-1.3053641332525676,-1.6769886160540044,-0.38606897734981055,-1.7177368061790455,1.149206999458024,1.210911781682107,0.876386635570703,-0.29305800860610387,0.005207717880713042,-1.733585634124266,1.24100813223321,-1.1986147531737141,0.04237953137891506,0.7010684088703161,-0.5144094912874478,0.20503131369195696,1.0847135967528887,2.7459340447824196,-2.1734176268858425,-1.774113649903038,0.2727612564949394,-1.1868512851540316,0.36248615423862235,-1.5781220221047523,1.3252538547883497
GSM1692386,1.2898226242514303,-0.9164175816959386,-0.20331474072953806,0.4964586540635527,-0.5420111956284339,-1.1673409540776771,-1.3586295445696166,0.8963232603176805,0.3334528162744543,0.7935175980007368,-0.32049343650533163,0.010238824529633145,-0.2897752192349028,0.01849343062469498,-1.4783865401625818,-0.5301304080643023,0.21388196243514065,-0.7585329352216456,0.5031527637956548,-1.6595191721345255,-0.7331474166339859,-0.07132051723426502,-0.21132482604141462,0.32079789525439134,0.05650642169151964,-0.9988271990126886,-1.0542431488235229,-0.3651876181089338,-0.477596068569251,-0.932524827864654,-0.22308741752168743,-0.1255935999337753,-0.8407802036532112,-0.4442575507725813,0.4009779852010832,1.0425200656502707,-0.4153577938062606,0.49931085884935533,0.577537828102285,0.16918854832223862,0.9066821689698443,1.0394063056336342,-0.08862514207306406,-0.5734455437185899,-0.6423904872750447,-1.0669759573874886,0.7944115576227072,-0.9475411278969912,-1.2838358443886162,0.6186837932916495
GSM1692387,0.7960435789255841,-1.0112836657875313,1.6945086711050865,0.7905606083416813,-0.23997054040873403,-1.0372963554467083,-0.2867633363964488,1.4503220616420551,1.3310745541242686,0.4218197253799278,-0.09803425509463083,-1.3351748112837218,-0.5403791207146262,1.0076604135770701,0.11044105311554299,0.4823650984058379,0.30684872854787837,-0.7543891613357002,1.0537252066236158,0.5656858839450688,0.05833515159319707,1.2905133716541186,1.4403742903772725,1.2508285660753227,0.4638205607937111,-1.0212339325634985,-1.0729253251966886,-0.11065125625938212,0.6033899520138205,-0.32005887474883227,0.4091856580433393,-0.4403472075058744,-0.7431858626134343,-0.2832346509557765,-0.07929325031480604,-0.42859758230920375,0.7082250340761337,0.1639691406630372,0.8169991558331059,0.671061978253427,1.020400475925397,0.2557635117782116,-0.1748748885772838,1.291611441461392,0.4989350353634195,-0.5529882210316096,2.1612800357411572,-0.2357104181362582,0.07840437662351434,1.0067277129765146
GSM1692388,1.8201769191301087,-1.406273754304155,1.896505436514704,0.7791340609419267,-0.928491242276621,-1.0717866896484602,-1.2935206932855587,1.7527839727104069,2.687704657919133,-0.48368882359921744,-2.267271257458203,2.3724610491778,2.7158132663032566,-0.1959951032127946,-0.9673051694780249,1.2398904393932204,1.2492348940773348,2.7419816728977917,2.7307194803886357,-0.21594339052329353,-0.47911689820269043,0.12095871970757179,-1.0601715319670593,-0.8737827635843763,-1.3720552007878257,-1.3520683807065101,-1.3754482648406414,-0.7027514799102194,-1.7058910079637448,0.49785919295174097,2.3647206322551577,1.4826646297134214,1.2880495558462737,-0.8553805790770078,0.04000473121785125,1.943742429008794,-0.0028629439511652743,0.4373885019578682,0.9339190483246177,-0.2350580195887341,-0.08788086079638016,0.6652105573386182,2.5050293470501908,-1.9815819374260635,-1.4888841244451232,2.4311939769204574,-0.3425019417323571,1.2414023811295878,-0.5635073201106787,0.562186767080676
GSM1692389,-1.088381272404982,1.8783961345591058,-0.06462614275564856,-1.4126533531090075,-1.7829717874942255,-1.176805523905522,-0.25637024828280036,-0.4452467521809899,-1.4287134147485148,-1.7014398384033584,1.3667569213513335,0.9891522510679802,0.18687232339798385,-1.521195940470312,-0.9574880605214926,-0.9618217716711642,-1.1862150257887623,-0.5447007447797073,-2.677218991224867,-0.6262516876624548,-1.7255946139343468,-2.612422599385281,-1.0907684148535528,0.14388401651774652,0.7850587473395297,2.0767726040726884,2.364081074632679,-0.3645032641462571,0.28260074563667553,-1.7879397946767446,-0.9368788495270073,0.4401741314910453,0.2794019874110264,-1.7310474251497743,0.5409637141683602,0.012804418020146265,-0.9451029217424157,-0.6798795172842766,-0.7233660286016897,-0.6731281153410177,0.17536665329182521,-1.3896547424172523,-1.2054554848679597,-0.6185153930435495,0.6626526905466043,-0.8645742754034524,-0.43228721351654326,-2.5005223989148426,-1.1456679251180055,-1.4820702514495723
GSM1692390,0.7871975684822111,1.331784659224511,0.7655341712218227,-0.5895971684010384,-1.4446908867905375,-0.6523528192378978,0.4670457961314741,-0.036255396094614124,0.12509815918565867,-1.445986405836404,0.44960989428606335,2.4548218312885535,2.6514159746158086,-1.3719953282322126,-0.410679087099247,1.4135885066735332,1.6850696625420472,2.0904823346194736,0.6463364140555226,-2.2014878871952344,0.12208872576309873,-0.5561453394280899,0.3561537166290643,-1.2796099763846156,-0.08095420535833614,0.7766047176837512,1.011635949016344,-0.873226584293161,0.03500681784187046,-0.9284811679820364,2.339245612886542,2.368433870024266,1.785576618136632,-1.2475513402462792,-0.644305392495282,2.763315458221721,0.9238804464074971,1.0477726444651612,0.15804071159562713,-1.3704866059172178,0.16384525844648568,-0.6240000183820241,1.1979357479107544,-1.048427849714255,-0.27001573826894354,3.20561657896924,-1.0059530524236697,2.0976757322538733,-0.3437594111449723,0.8722260179348273
GSM1692391,1.793892092948028,-1.535494059958128,-0.25362169652588673,-1.3712662172642232,-0.34073364290879765,-1.360634186348257,-1.0686540962100046,2.111768964841964,1.4934938692812723,0.6911507866728017,-0.33508724892343567,0.5463458571400202,1.4648388740460068,0.22736755993444502,-2.167578430891709,-0.5044775564844514,0.2072194476156105,2.1343833413411324,2.0551160273557714,-2.023033189006492,-1.9887527239649463,-0.6313924449761741,-1.3190212600598334,-0.19151826258107768,-0.7839901325385981,-1.035499749842558,-1.0332113315986409,-0.03417179676425433,-2.475520635490007,3.4209209047832885,0.5071320934822049,-1.191358641136239,-2.1398368085765322,-0.3732009318862854,0.20873283956645167,1.0459820096267383,-0.5584258125624423,-1.0578851346038818,1.682105753056695,-0.9719344530791405,0.45902054219006555,0.31566945817297326,2.4126769054464416,-0.2894328010203399,-0.9027289131442893,-1.4723797696377303,0.7080495129003287,-0.38622285014448193,-1.5569503671652078,0.3770258297515965
GSM1692392,-0.5151981464214531,0.927525923940805,1.057917326579338,0.5921580138011204,0.20516137280532323,0.9186230776028546,0.3527448042313067,0.6961893688525833,-0.25703596039059695,0.4366755827157836,1.2911104109275882,-0.8242498009759116,-0.6437024959589956,1.0054400198524414,0.6393787050403961,-0.530957235251552,-0.4604003044019477,-0.6910989694806261,-0.02425915292569603,0.552836311345421,-0.41607489703005746,0.6827421238646028,0.07246069666872462,0.4392745392164422,0.432345170385421,-0.43240356002315317,-0.2420345997696725,-0.47980261505368377,0.6100657284878397,0.8488737401450466,-0.404561596900185,-0.48946292879156317,-0.0961856378762781,0.16536259359419775,-0.9155312388961886,-0.5848802798167986,1.0115422535095382,-0.7785147330801013,-0.024182663119479652,1.0696144963095018,-0.31794094163145176,0.055518113442731,-0.7917011950934457,0.21022457146464724,-0.01675736690032747,-0.7271098647866158,1.4815140747052657,-0.2553231566891361,-0.11875982707604892,0.12220776570254069
GSM1692393,0.21343628699854392,0.28356231797414494,-1.6673867640559559,2.215126198136209,2.556353503992906,1.2746601951913386,0.1840193962746583,-1.0765558724281878,0.5229804093453658,1.7093753500356417,-0.10098080091190705,-0.09596732226307787,-0.5384044765179665,1.4107000723483711,0.5028570149774889,-0.21413577104016587,-0.022181143717182456,-0.6177870904405425,-1.1131620436611491,-0.6961871338490979,0.6980067170225198,-0.6605745699002812,0.39067081799711795,-0.9797967146223487,-0.0893712921772341,0.04704394692592645,-0.027522382140737687,1.5877923882634908,-0.3055523599572093,-0.49880462583597646,-1.086470134663469,-0.1806201043994374,0.9960067278545612,2.073941225362669,1.2070263844870208,-0.14706687287474826,-0.3298937808986345,-0.3996237259921983,-2.0906545969489643,-0.7121707991826337,-2.5010237423635022,0.6142305874135431,0.28255000469950575,-0.4689493719066061,-0.9607383832988604,0.304688836147627,-0.5865873561262258,-0.032131047182165855,0.7359521580908306,-0.9813006663044415
GSM1692394,0.49114543048977677,0.2059778929566376,-0.5598818347748535,1.1566538285034664,0.7544800011350592,-0.2930241185524693,-0.07964089650944825,0.23021736036641685,-0.4364036151235713,1.3126872795397955,0.12837873276138495,0.4789856218582307,0.1455334980181611,0.946802658406799,-0.3582422930386853,0.02420553658116462,0.9188192655012599,0.3256599494956386,-0.40532700522019277,-0.08351461823919447,1.7756897439554056,0.7562163306834556,0.20515768869190446,-1.039603406910035,-0.5041855080620111,-0.5573093908849218,-0.590129778567351,0.8548051095799301,0.7475116468458249,0.236927886285269,0.13262764892207102,0.285244876190007,-0.3153292086536067,1.1122379219283707,-0.7367432278448872,-0.12949162663496655,-0.7591938402232261,-1.1612176707603814,-0.07478053560404448,-1.4059141791957779,-0.49662608082799964,1.0474793935655358,-0.17915105035552048,0.060275309597883034,-0.5550950114255965,-1.1181245516806786,0.15485959506255426,0.06588428837028037,-0.40368184467965296,1.476474039387482
GSM1692395,-0.08291724051853379,-0.40295766664071275,-0.9100954603593053,1.1851105297779254,0.11314988421541558,0.21414810942440451,-0.052199314749032846,0.31550432343360035,-0.6835300613939819,-0.048925005666070984,-0.18172764092536245,0.0697979189726738,0.07263928226484082,-0.032427540212422105,0.8760334859383132,0.8533157365653814,-0.4117980889003772,0.1740946779180003,-0.04846456823025133,0.5416799317897969,1.020646994380834,0.01505197864239443,-0.5961406410460781,-1.1749560834802784,-1.0323929254990216,-1.0140348604858207,-1.0692766262113529,-0.3176796543221269,1.1394160023932371,-0.6434469114198974,-0.4463794694321902,0.12489786238243317,-0.028368232584480336,0.6565115431912756,-0.46089599458184716,0.018180379272747054,-0.7252999914069688,0.44240642225381177,-1.037350757530555,-0.40133239239859037,-0.11321045696819672,0.5626625154810236,0.4626153842229443,-0.4998845864727133,-0.35891354589287394,-0.47101712026769,-2.3758782778439973,-0.4135022562569224,0.2995358135595987,0.7819897973603387
GSM1692396,1.1714435861315937,0.42549792660472974,0.8182479076562736,-0.5126286095706425,-1.0667747235621976,0.3640598179708673,-0.19467907329945586,0.2759372604558099,-0.11155064259391115,-1.1942661568932595,-0.26829047675843554,0.7682218094225831,0.5036125858247081,-1.2991840915764963,0.07773629246203197,-0.45654467109182,0.4934361697760938,-0.024456634677218408,0.5249253734507795,0.4799569058771842,-1.1402600399221294,0.02781568665915201,0.08651198480202996,-0.22206524208858294,-0.14401555216429518,-0.7225992049002747,-0.6381959105064697,-2.88958206563789,-0.5689869932639408,0.10284725773689755,0.5320986738030807,1.131311124361332,1.0932044495264102,-1.1126269917569858,1.3752322167623674,1.3301606378439828,0.07917175797879032,0.4770961944885934,0.010760124006639801,-0.5949894714846341,0.695009085759351,-1.045950993282954,-0.5330544865605079,1.0098761290595917,-0.47453853720384126,0.4744927686428627,0.18193207923557858,-1.2139864738531143,1.2782001072291553,0.4925606717270298
GSM1692397,0.45539630865413094,-0.0071383245982245625,-0.06891522384423657,-0.5925472262920918,-0.9363243648945991,-1.843623383068183,-1.1862935869907483,0.6613598661837536,-0.2609037506238599,-0.325474401493372,-0.526960936473003,-0.34878899986177936,-0.0552850572964706,-0.9936573841531947,-1.2397416607119183,-1.357361532591072,-1.0923650394653048,-0.5649989190848571,-0.40119963998704966,-0.4199789517858249,-0.5609911715444529,-0.9644326589734937,-1.2293962640152387,-0.3584204734508183,-0.9814101437577143,-1.0914818352457283,-1.0190068194151973,-1.0790436565635866,-2.0553493164867565,-0.285085862370021,-0.20182942742254406,0.06711198081991761,-0.19311349046810397,-0.6747320161310049,-1.2364468007149092,0.3860108473473357,-1.3335667867596446,0.32066088708948526,0.5873180653535435,-0.09873745407180053,0.2839736493537753,0.5720009563789618,0.6459527008275416,-0.5864285948768792,-1.6516783334314356,-0.35330816787296915,-0.4521496344082892,-1.289838961342592,-0.1753136210509101,-0.6671620817062167
GSM1692398,0.02597497055114026,-0.7799677544603774,0.1032679000011352,0.006411201139828496,-0.19163681414672118,-0.32370906705273417,0.35624859289975785,0.3910896469675116,0.7907239304116008,0.1757298072558872,0.38080688735062035,-0.8546871187488808,-0.41684841656486726,0.16750081054790705,-0.17220555546315186,0.04638005719659168,-1.1377495769379544,-0.1899419319297016,0.35045321199967727,0.4896143016954844,0.40241973216731874,0.8507644610784584,-0.19597863013931807,1.4742097814247335,0.4808846595491685,0.017224248564940457,0.08039338997071992,0.33813141482397796,-0.6279398196052082,1.0097225652803075,0.49702280085901385,-0.8681696541104827,-0.3885464733091002,-0.186968336042683,-0.6867552625864851,-0.418660492970328,0.09251766170707154,-0.25909726812781875,0.49652743745627376,1.4130920223187244,1.0296542374663258,0.6038799310182886,-0.4409338257386325,-0.2851642379257005,0.5247301545593055,-0.042253028795098825,-0.24576741911529065,0.5455120906586745,-0.9787937719905181,0.02389955792092798
GSM1692399,-0.6586826532584371,-0.6232670431577192,0.518425706600103,1.5209550302775228,1.2108877780284746,0.140205472644136,-0.08205512245126641,-0.7571101691765262,0.15517669588885885,1.2650511043792039,-0.0031412267188420766,-1.2102244735061851,-0.7685292448057067,1.1423098457731016,1.288602347414193,0.8368847532674416,-0.2779284376231892,-0.06477241211415727,0.008625993889443991,1.794980273390906,1.3107699791000387,1.6243466684593848,-0.13909135254324492,-0.3239291791449973,0.3190041215007328,-0.9235335123685601,-0.9921958703305271,1.5854155790150608,1.4668141131775785,0.7541200605640389,-0.6250469933704683,-1.1929477840736669,-0.5066525397830084,1.2078044547173004,0.007666282982940587,-1.8639363039174708,0.9441389764207452,-0.7439574703062155,-0.9847549786675426,0.6567732979718449,-0.5058100245430884,0.11708250708881743,-0.4630079723523103,-0.44966675256437494,0.0007432966843603432,-1.4507294088779852,1.052913730740025,-0.8029437633474859,0.3531314761079378,1.1029279980066968
GSM1692400,-0.04112953288781961,0.20562648483779947,0.793507783060245,-0.6160590746278118,-0.07646682608840306,-0.14907392607837633,0.9207164957250692,0.9300613990474177,-1.1518372302338997,-0.8274240303220615,-0.12601177696563634,-0.9441529514437615,-0.2799004474227068,-0.6361372169190046,1.3807280825027108,0.03119006021217761,0.14291208291299257,0.19872425768215482,-0.4431504715673814,0.843518741523502,-0.4364361933223343,0.6541443174393249,0.7604955046683889,0.8062674258559198,0.9481684795503217,-0.7330923486975891,-0.550977732831231,-0.4073638793986066,-0.1570838569815798,1.3713187452377014,-0.013152228397722029,0.1297743922269781,0.2081608410676089,-0.5853468179486089,0.5670118791971088,-0.5987381331515826,0.16367605340840138,0.5663709225496365,1.2293978045164111,0.29454024468129963,1.2857192147612486,-0.9872708901428251,-0.7981790563780042,2.059903132688139,1.066180496774498,0.9541524742280587,1.350824817526397,0.30987833731515807,1.5476623848941755,-0.12166287770114323
GSM1692402,-0.788512507630174,-0.3646700317554832,0.18063281622610783,-0.6861845588653976,-0.1395447728207242,-0.125320148371183,0.061391842986070394,-0.5791706450099912,-0.5189837622980229,-0.9441679210789949,-0.07565127460015048,-0.6370586906749871,-0.863570876941011,-0.9010509354479302,-0.7312641427017404,-1.613874831414029,-1.5650565420352933,-0.5463334231342061,-1.0416751227905023,1.5389848237307155,-0.7737227350745179,-0.040165839581907115,-1.6858004136111209,0.35107768899382114,0.6888973752729386,0.41891911188178216,0.22881716501704644,0.020842244462602015,-0.7158042183449054,0.5054098851936367,-1.2205342071421978,-1.1293858989748318,-0.7332456866011061,-0.4194847729668666,0.19610954027759142,-1.8374063316607272,0.7639790176642086,-0.9762017440681876,0.0643881423096383,0.7645142674626527,0.024429495312995746,-1.0297908729729437,-0.5303502956480012,0.39431606003713776,0.8037565232959396,-1.4206606651086666,0.321802712260306,-0.2265517481010601,0.8433782418580292,-0.9664606913638726
GSM1692404,0.5144655249153779,-0.4205244102687759,0.2693220451129395,0.9225401656253753,0.6640197292685146,0.24012582541257682,-0.1478234002905517,0.6055230945522332,0.524458762403099,1.4910585426119587,0.994051974677107,-0.22460459560060858,-0.7924565958017646,0.17590787043258696,-0.07145077844173905,-0.7280883765703633,0.3798828952847142,-0.9084567225418383,-0.22566757567114526,1.1574204515064124,-1.737893340219624,0.131451983724059,0.7474959357001572,1.5703041541380345,1.3147396739849753,0.2940371553858763,0.45414038515442684,-0.043673137481906814,-0.4039166866724291,0.02078552234273821,-0.059366145342376025,-0.5043510330888025,-0.21103362606824808,-0.23125522735301987,1.215178900489049,-0.10855284665415246,1.1464062832926822,0.7987491298007141,1.1813924985090798,1.0116685067889972,0.5580802794395189,0.17492750592625428,-0.3670201497117435,0.7061891695594159,1.0586925420992979,-0.5877130830207463,0.950971223148234,0.26497592110569956,0.26101799878718657,0.11326854034667398
GSM1692405,0.9787505244727781,0.08338477126187675,0.3496879641708083,1.1846951494446436,0.22699097900425486,0.5995168005735465,0.015207538863392489,-0.02684377358261824,-0.3085517509066791,0.6071462851823538,0.16254098256209085,0.7477303876112278,-0.18988850941324867,0.609828398627544,0.6771471731543962,0.4923796864611885,0.8876926524105344,0.28248989081752446,-0.259654351213977,0.29546446960249867,1.7094527988222696,0.17174967181265755,-0.4484629957287779,-0.49798588409140876,-0.054795759623345805,0.010422939816460848,-0.03576817456283769,0.7215433817922396,1.8783165144071803,0.43560392091581046,0.2788165675611366,0.15577243581835098,-0.14002682086906318,0.7810608093122791,0.9479638341106094,-0.394173265792625,0.032891952554446185,0.8705864049713953,-0.21048403555888334,-0.5260959923468103,-0.32082972243981045,1.0779311293109275,0.3929964559166831,0.03412345624454381,0.2561033497785129,0.05182991165595537,0.4066985581965864,0.28720135564987936,0.3296363481768066,1.028901890395692
GSM1692406,-0.164146124588449,1.09931314824149,-1.2753734287788807,-0.4487889908233533,0.7831402541344102,2.2842197151430756,1.2082941257004758,-0.12341196372510456,-0.2275885874093414,0.15055603836593867,0.8750422414101688,0.193286314908126,-0.47704884817005816,0.004559102271483797,0.7846525679093674,-0.2235702942256682,0.20944501314316463,-0.6353206876606292,0.4417719380040089,-0.767363473303868,-0.016662303992858098,0.3094107714581028,1.1243298959701016,0.4711072282429551,0.7771269212324508,0.5817114713193005,0.7994884764589555,-0.732656849401389,0.06138421102186702,0.29800488443005935,-0.29428560274338894,0.11605361533737062,0.8580737562334733,0.1238539855318535,1.1167450473695715,0.46405566090660905,0.8514548871216346,-0.09419739067562102,-0.298361586787932,0.4576276746650974,-0.527636152044212,0.6798332521949598,-0.598812584841491,-0.05693740970856973,0.23623072705347406,0.6212489494372595,-0.864160765404992,1.5935355600536767,1.4901890856626177,-0.13893771014397147
GSM1692407,-0.13387212351019015,0.8271942715175434,0.5717054890100871,-0.42548928187575835,-0.27198014821092587,1.288021773606178,0.5724253692772676,0.4469736710254566,-1.2267284799000113,-0.8624468097315449,0.8668609509357046,-0.24764711559429597,-0.34579752773052447,-0.25717150828838736,0.9912892874338821,0.4622506631845925,-0.06713405295195554,-0.2629087500562851,-0.8118897178490941,0.48265371991041456,-0.10843889887444368,-0.03895974179372662,0.3578480834832575,0.33549007755266436,0.17235830933718524,0.09357320569580391,0.24065813535634328,-1.752225468932163,1.5757589135868864,0.3802355680633326,-0.1530885808746437,0.3316508954665099,0.18061534979061267,-0.4339131158618417,0.6985075245963253,0.18775373609652987,0.45088701189530134,1.1014964890007846,1.021504167855178,0.4804104416857274,1.049745660018078,-0.32744002627636526,-1.1089915757879663,1.2775192770683919,0.39568504775841595,-0.14684454676439584,-0.3311097669285518,-0.1252522831570018,0.4965206010076947,0.9145563897942808
GSM1692408,1.1185748917138092,-0.9236532764858792,-1.293035122740751,-0.4932402988640121,-0.031108656136833276,-0.5846449242374647,-1.1108713400773318,-0.2015443602505349,0.4697164483781536,0.469855589220468,-0.972750426348476,0.36066582840217776,0.4779013721043955,-0.2641842346773114,-0.6606107167229471,-0.3648743005063645,0.087008558838601,0.3726003172323731,1.2780816146973457,-1.0845895411022652,-0.7856201308580836,-0.02190966643377049,-0.5171528200809985,-0.9390683250753846,-1.1146128247964393,-1.121562414043698,-1.1496119035976464,0.01960035491632436,-0.7658636647293898,1.4420402745140195,-0.7238357659324792,-0.579288782840888,-0.8637745610939209,-0.4926247463714953,0.5750985845330387,1.0547706304217128,-0.4203726532046999,-0.7238269210653809,-0.5379058502149021,-1.2256280096631678,-0.31176017569920994,0.5467595098985032,0.6704055008025717,-0.8627539577194048,-1.293287331011989,-0.9051568861657585,-0.1551365994254388,-0.6577922843404338,-0.7419442322654396,0.3674468884329443
GSM1692409,0.22089426297045528,-1.3353258194434323,-0.3538124471381262,2.1985104269426143,1.6623588879176172,0.008284026369513954,1.187648333758193,-0.19839730170999884,2.8638186056829316,1.5797915971322902,-0.2484443653340376,-1.783686964946826,-0.8413953854133955,1.5468008000660074,0.5653851731369364,0.547837580015113,-1.1115921701856009,-0.5038215979948251,1.7455839958847459,1.3894238422761853,0.5569881719561226,2.2005108112470624,1.1153269836430608,1.01489027914792,1.4447659631002145,-0.8307058792914858,-0.7841064593450416,0.6493209128926758,0.5019905573740551,1.4528509838021424,0.3505809994965908,-1.481511458111723,-0.8205341292707405,1.39814395481797,-0.08304339637408287,-0.9278076875514318,1.1377235528047986,-2.1512090543222184,-1.1159336329085925,2.2629858261968225,-0.30106317998497595,1.1955480137056074,0.3474143144060526,-0.8017553894010861,0.9725348592040863,-0.6956744117291948,1.9002099967370742,1.6974250489047753,-0.6906296867831514,0.09582734608360516
GSM1692410,1.3979906481808233,-1.2388609602278602,-1.4449646314800746,1.3594998992583187,2.242335708050677,-0.6546389785514338,-0.9404312963944846,-1.2746143579137548,-0.2582704894510502,1.3696819303198442,-1.9687774839544645,0.7214205252774598,-0.2536403432316245,1.740155279493947,-0.19463376060918472,-0.33768703983602966,1.0484342724189222,-0.6172162801497014,0.030670950213030866,-0.3551920868333539,2.3308208225761105,0.1964930747541767,-0.6546649026183096,-1.4671773917569368,-0.9629026074272977,-0.9356778902376878,-1.2787751734877342,1.5708739269216334,-0.05556953932572235,-0.23042433346159064,-0.3616048523776526,-0.01976819095957803,0.7315667565387797,1.9186312984661835,-0.6425285417368208,0.22028961528791205,-0.8575832685234887,-0.6484294041735172,-1.8961963238332114,-2.1310988841817644,-1.499110042517032,2.2082157119497854,0.721031306878565,-2.2026367685708723,-1.6457265172039413,0.4507544186026636,-1.2817482198869066,0.5703055174389926,0.12687537365644824,1.8578682370819357
GSM1692411,-0.3420003914477886,1.409534392869128,-2.0928720376130507,-0.2059275009726968,-0.0800403092592319,-0.2836715650704244,-0.4668325258598974,-1.0683757628438162,-1.1385218088912379,-0.562958379323011,0.8357734294899636,1.2610769618926154,-0.26381594746308284,-0.5483351565360927,-0.4561075612494223,-1.466285685840456,-0.8709272916898779,-1.00062369659473,-0.22144822092955302,-2.17868006223848,-0.6578493408147766,-0.199171984997291,-0.4458131328355281,-0.7868954998538517,0.0678521204768103,1.2761580485935125,1.3097929677584932,0.3515961740836218,-1.0146162233252427,-1.4599177786116013,-1.4094581559047457,0.3596083310271877,0.878683727089795,-0.1564540414907619,0.0734772805336463,0.640169086583,-0.3963156901549168,-0.8313355782106758,-0.09517575941970262,-2.071629869303718,-1.839901316262547,-0.410454139665232,-0.8345003951584136,-1.7909619067658444,-0.20671549220013935,-0.1248868996157107,-1.605307222532344,-1.1420730866537123,0.21879622093632003,-0.7986477971502404
GSM1692412,0.37803296150096305,-1.571832643715448,-0.8039873725478867,1.0075267840526074,2.063402206743077,-0.7043498320872351,-0.5231792021786794,-0.09275503108745749,1.7867315702084792,1.7195232398957387,-1.3201813578456165,-1.206888004573265,-0.9785921259417036,1.1949341656217793,0.06892244820885732,0.13905548144047916,1.138577129924184,-0.9505424035665976,1.0005064144134201,1.6735097832278498,0.5377572093756947,1.078236059389303,-0.02168465036856003,-0.21644207677732147,-0.990980091302536,-1.2457800814690847,-1.2691889227750466,0.27395793834046317,-0.4815548287010665,-0.35925066023972835,0.0963450707692021,-0.5746877923140064,-0.06116828538721612,1.8117099203787814,-1.5766003043287833,-0.23449789909067678,-0.3653607870304422,-1.3977635021526849,-0.35341511563950395,0.41367277616365816,-1.3163672823865282,1.246672484977518,-0.4827614873414661,-0.8471029542161872,-1.361017578700398,-0.678269611867357,0.5366067573900583,0.8552517412108905,-0.9687233752884943,0.5938762268627663
GSM1692413,-2.3020171538253025,0.6111857651320092,0.2804999979868579,-0.5602773376605988,-0.3492629541905072,0.5652104947129318,0.707716390956563,-0.6458359136936263,-0.7515212317208392,-0.19521319751988003,1.911052863288665,-0.8433368972978547,-1.1052927939551014,-0.16036249026472382,-0.7459209032438919,-0.508518128268113,-0.804313103832948,-0.737380966190734,-1.2040139530180944,0.15838866716513925,-0.6546924470163585,-1.1901231916832615,-0.5421511725785007,1.4952973126649778,1.2772308434386366,2.576609148777042,2.479112324158252,0.8098446333098773,-0.07536652879833153,0.1879006887071863,-1.4247039675454096,-1.4901425350704325,-0.7850900647969306,-0.16877235667390272,0.4446343339578111,-1.9842055525755187,0.09010626942873345,-0.3477938169385407,-0.7896796180788181,0.6951327578302976,0.03592193457380884,-0.7428639845917748,-1.0499418956000204,0.4138690143392457,1.2437819748971017,-1.3862196119194414,0.3638632265908997,-1.1542776489304185,-0.10610482843170252,-1.2760993803989933
GSM1692414,0.8365507478098304,0.09137034901107416,-1.4209715898731772,-0.26597520213649767,-1.5480919124771693,0.2771474432400505,-0.3902762363146002,-0.36520439002757615,-0.2729712762497431,-0.9031891233069456,-0.16592047538094673,1.3123907608954688,1.0605169993634531,-0.545378302953123,-1.08284475816174,0.33603691689835075,1.083820843627266,0.5318660063436134,-0.06284051005550345,-1.903475519581924,1.2795395871937958,-1.1697894449469193,-1.311763173743466,-0.8983026814179448,0.11889755985413669,1.9417349870981468,1.466795755626293,-0.13690293822819688,-0.12005667255642687,-1.3051617883377784,0.16899595370434037,0.8410142239001809,0.30654467979841465,-0.23230812161713638,-0.23474515695556747,1.231849070065194,-0.889993552105167,-0.10524160824945043,-0.9366648200905582,-1.4826527541662873,-0.31593903730298195,0.6061768715888664,0.45483029850712736,-2.206821016368226,0.10364418488064812,0.5437592649161566,-1.9423308815145044,1.2867617575967545,-0.5671279560417974,0.8822276772006294
GSM1692415,1.2057221185825584,-0.14128650800947337,1.5937623833445747,-0.44738105721607735,-1.1233319890462614,-1.1883768110113708,-0.626744484701068,0.9366899901591038,-0.7501369100415228,-0.6026090767605911,0.7778839793743983,-0.5637745556346522,-0.06956592717886423,-0.7900219334114439,-0.8471878290350991,-0.3092503525816879,0.9229118246588339,-0.4900158027554799,0.18559241220311354,0.5259632663787834,-1.0017328549235827,-0.2228927608458191,-0.09590399458341929,0.497046739259987,-0.3166716862100084,-1.143141273617127,-1.022209287799685,-1.138572284035769,0.19415565493017245,-0.3051470374351183,0.2811096369045977,0.48122660146364343,-0.2311330803244035,-0.9651311671260854,0.8887887305545544,0.9346842850938432,0.1689339708527228,1.657062098621926,1.8135828954593363,0.9015704935978082,1.8908993667572966,-0.5328668643136064,-0.013355683198419992,1.264412442685367,0.09606912599302318,0.21381979844360172,0.008351443719033968,-1.5240213595593555,-0.30358906281375575,0.16174384436541656
GSM1692416,1.075621617958472,-0.855517115867797,1.3053394227961954,-0.6123038131360249,-0.8505694260580536,-1.3347026436696197,-0.32694058688034683,0.5671589279015579,-0.308883067899644,0.6276149884664037,0.006486312265714408,-0.7966218226618925,0.6767755394419371,-0.14333284123832912,-1.3421992562783693,-0.4799033992787871,0.7871146571299888,0.9278900023074467,0.443530835083516,0.4439522284352662,0.31847541066735185,0.5153396045209835,0.26122579309863075,0.9335640854449333,-0.796797212904595,-0.9826400214790302,-1.0170065330666058,-0.6821445488076873,0.333199025785077,0.8748644149468171,0.47154437867721577,-0.14691105228497847,-1.0019239328355296,-0.7048448439716712,-1.2228227592400078,0.34964639359165417,-0.04426793857433025,0.7320049577140765,0.9538807206714741,0.4307890643660713,1.5595258763964004,0.6646450814196484,0.838710666716223,-0.19074446200876136,-0.7069467032364827,-0.39718838084050945,-0.7366681393542399,-0.19061698754212508,-0.4875356493133931,0.9745258269795715
GSM1692417,0.018309772656943567,1.086605670765767,0.12202433575306253,-0.0664761895880822,-0.08133917687529857,0.8940931725361526,0.5766517789457734,-0.766406000294781,-0.40285247402392205,-0.5781791104472752,0.1423274956460593,1.0838169165527105,0.3799168798509971,-0.2676548778866944,-0.146881712042724,-0.34482188203751696,0.6150564920443555,0.2797655299637153,-0.7251988035128973,-0.48652793276859324,0.8848754434458052,-0.6577834571012026,1.0569993073334332,-0.8780968052773985,-0.6317727463962161,0.44296556440654083,0.5292277095395734,0.2176837475747767,0.3704677077260124,-0.8782410719754751,0.005284397428698871,1.0727668419232048,1.0562514676418204,0.2224235873403692,0.09344768101836824,0.948946331129795,-0.7904474288245612,1.1244655542840138,-0.26771244668344263,-0.9555167113504823,-0.714081384815582,0.33298088455551683,-0.29849730616051084,-0.8210151251325744,-0.2556951457744649,0.7661312720187605,-1.3816414177947876,0.6121619603099423,1.1680381314608328,-0.05059114080451923
GSM1692418,-0.6065287705150448,1.1624239170400992,-0.09832608589740735,0.30270006561165835,0.10519881986804984,0.2988006146302306,1.2796955809649444,0.22765078051658022,-0.031131978741326297,-0.09555105528493019,2.179936546931889,0.4810870575087716,0.12845191423877245,-0.17684165008292926,0.12219082420878866,0.7045704319710008,0.16802666134684857,-0.14632166529983387,-0.7372616282147658,-0.8585082767425903,-0.37008892479757033,-1.4090752615874333,-0.29991249617191185,1.40984105933592,1.7872728102451179,2.2220689518474424,2.627993572195947,-0.5734803874315485,0.7730737283007271,-1.2799746092068398,-0.15396650780798704,0.4255950301353841,-0.21531895356342662,-0.32116018218642034,1.2249325828153586,0.19606251854072784,0.2146606654602172,0.43051091387757073,0.44734636757534324,0.43970481936766853,0.3803004856119346,-0.043602010347397455,-0.31243307429564987,0.05909668806828112,1.2123829688262644,-0.5392696318703207,-1.1441434531307342,0.33584785149270613,0.7765613779378955,-0.21442407466136246
GSM1692419,-1.2016311711321583,1.4361924540375606,-1.046259195742592,-1.1739575568050737,-1.202972663051138,-1.661899922477337,-2.067309983213562,-1.5572804900959594,-1.9616958854106012,-1.642188539076768,-0.6800073170156902,1.4973522156564951,0.5699248638318025,-1.9798431210620557,-1.2039193506065131,-2.786795015880849,-1.4136370087515975,-0.06914520774047,-1.3237232497022258,-1.9358260216493943,-0.9311108049329061,-2.0780987649613545,0.04819060922881895,-1.8362658268722178,-1.1257788850976198,-0.6320896917498241,-0.49056284781105625,-1.1867355900366283,-1.1496018524362601,-1.6827591308237893,-0.7183869988966906,1.7893882330396749,1.920392041981842,-1.4497784123649697,-1.1862351052765148,1.1750780825358917,-2.7448841790502327,1.6961542088111707,-1.4704356064544428,-1.4926284756967287,-1.496702361795587,-0.5982687479354007,-0.8595742184466375,-1.564440318858856,-1.4530144961552343,0.4049027529298271,-1.2079047834446663,-1.2490476375988324,0.6161659732374003,-1.8322296555430255
GSM1692420,-0.2934446101269655,0.008352223481275045,-0.8916579673348585,0.524920191721117,0.755338023689697,0.49402751059982575,0.030112896354465617,-0.39705503252022223,0.25896315650937707,0.5900366550653283,-0.789715448581545,-0.12742926809481703,-0.9962547689261356,1.344195023550659,-0.8781144225279913,-1.3006364894050666,-0.8345092202447504,-0.7937701056780462,-1.6478414815716063,-0.7076739644667446,0.4861400381703322,-0.12370891440799164,-1.4719571240320632,-0.7233237626602287,-0.49587930898441923,-0.39742344088999476,-0.5615428901878098,0.36731814768042303,0.33826274471879836,-0.6907216790248746,-1.8069854930573122,-0.7271663924441336,-0.4124546051104388,1.6170335328251573,0.33274482228050134,-0.9138780602891085,-1.3300615020474524,0.3567543906280927,-1.3507823029474049,-0.7776514428289836,-1.4429842073980677,0.522926739708441,-0.5107070528364113,-0.3558559409137792,-0.5001375745518117,-1.3400536817965392,-0.05571577421257904,-0.22011279006094286,0.9546666596625049,-0.365968118470599
GSM1692421,0.08879719314076888,-0.12023704885521071,0.49616607923987793,0.19864765437119575,-1.0231010585685005,0.05569527795191291,0.0227543680131158,2.745420288403791,0.19167961835079397,0.5356953881008788,0.777156749679043,0.4316038890765454,-0.01997769541850245,-0.9766838014845528,-0.5613811071517076,-0.06947775934166277,-0.3445288489120218,-0.1465495555769435,0.2486242950898531,-0.41228901894855685,-1.2684626843134645,-0.8094390832275159,-1.405027425859089,1.159132087948624,0.9983032099681849,1.5377410912579617,1.5319598104636007,0.2122477551133525,-0.2329409960043243,0.006090610198646316,0.10139401544715407,-0.6940455491379011,-1.2823815736441573,-0.7781118840139762,0.5809206090991886,-0.09781613525988496,1.1974249835574013,-1.0516502407982968,1.6089495616097793,0.5440373011218824,1.0045207558589702,-0.4284751993582967,0.409513623801655,-0.41787196687836287,1.2976296815595838,-0.8606769679092096,-0.6355274487037393,-0.10210627819682033,-0.06451311237249913,-0.26198308899708816
GSM1692422,0.20996590380557,0.8141508468662289,0.8223661395091837,-0.3546165170745479,0.09575630703649884,0.03872983849549536,-0.09673303393918616,0.7629117230834546,-0.25939908541322265,0.4839172789755113,1.1924247798141776,-0.2516917454352431,0.40838962959367275,0.3160843819753277,-0.25243408686968444,-0.03946266972737957,0.6325346277331743,0.13844768570660115,0.3901972641273811,-0.17070099640147124,0.43985125933776625,0.43840936331736324,1.1978049383637792,0.0734575440084361,0.03349377612228072,-0.6899814421251257,-0.3573232178960852,-0.7827225115051805,1.028729450458653,0.2037627908655754,0.6395728564736878,0.5876302019284178,-0.2294255572770802,0.044757590254319045,-0.9435657754328285,0.24668636135946884,-0.9317307461717107,1.034692189800443,0.5745428619453624,0.16654801176214834,0.9974147144552994,-0.094950286722467,-0.09689060481096594,0.45394835948613943,-0.336639107745599,0.38598758613695316,0.9191349478380565,-0.6436072185704472,-0.6339759794514599,0.8415816179355119
GSM1692423,-0.4222935851845921,1.322315096213085,0.07380786584755968,-0.061459567032895,0.7681277657546282,0.20386319610838569,1.3035988638910687,0.48808021147047853,-0.556567974376442,0.1425286050909275,0.7581868553163812,0.30965733193371925,-0.16350343640942547,0.7021136368293486,0.6513384961660413,1.393656072863561,-0.068715254323648,-0.048655867946344626,-0.4895607633011547,0.30448066079207964,0.664035336211395,-0.15875451224682272,0.9255588055847062,-0.24752636706917847,-0.19426481857364133,0.14700698723212605,0.3781931113758451,0.6110851945234218,0.6274900400420647,-0.18096456705041652,-0.09143525483911538,0.3046803589965688,-0.18919521480572082,0.42231842899409855,-0.031805401404463474,-0.2747199445970765,0.33020784196906083,1.1760022047812844,0.3858337541967134,-0.9243154072844576,0.12839994607276156,-0.5090996238890758,-0.7827550128131742,0.5198131821724756,-0.03739826142031649,-0.021072863622132704,0.5881510137915366,0.10965926915655161,0.29763718106089526,-0.186012251927672
GSM1692424,-0.2606842399838675,-0.6859700205579001,0.026293346073656302,-0.4781930430212359,-0.5055103291408752,-0.012924413582762355,-0.6183505331189386,-1.228486510680926,1.1080085152276882,0.3392066062624831,-0.06945014726241379,-1.0794924466428215,-0.6017741112924467,-0.11611514885224034,0.19591489212363,-1.3949024435782482,-1.1728622181899102,-0.7486986146146973,-0.10623455407023016,-0.21656155183877152,-1.9693683671153421,-0.30565677500366295,-1.1670051983346232,1.095648753991067,0.6816432270022295,-0.8669395497043326,-0.9133193682880277,-0.05927968668357146,-1.3356368656574074,0.04488849774158677,-0.3264542118168694,-0.8685867326924989,-1.1041302206310746,-0.4502319171744102,0.49903771766856037,-0.35942902291432216,0.6136945665838032,0.5833929091447345,-0.5629451841360071,1.007611340626817,0.6885517546189533,-0.5148009161266036,-0.13445607543189855,0.15379816957170864,0.1386780895318058,-0.6738714460093242,0.9388490144902363,-0.3304956276747985,0.014732626514315178,-0.9080475766406985
GSM1692425,0.39747722062863133,-0.32846830744569505,-1.1147373254685484,0.2287374905897326,0.3138051907032764,-0.9183863254391087,0.852490003115541,-0.7545789659815623,-0.13190763473449674,0.8197772822743916,1.0912914888787868,-0.45721455838811065,-0.6007498017250953,-0.0865660531226578,-0.1990990114987344,1.3214411461368984,0.7204529231830916,-0.5154734214908168,0.8410011539927525,0.575882886654404,0.6744967949984942,0.17380218993987034,1.4334746761353543,2.0286781619520755,1.7106195314713637,2.7381871206539183,2.7533526984959638,1.9605976669200131,0.593104635962485,-0.7722505851877146,0.6999423573318051,-0.04053382802056577,0.32448018183263766,0.7461163025178587,0.38097029881884614,0.5093618867173336,0.07120795677283326,-0.9948582781878741,-1.2828412584679754,0.5137442142391855,0.31334774108567887,0.7726496075467477,-1.4268666795209504,0.6290332488019631,0.8150014270876995,1.556185978877106,-1.4298066465031227,0.5342092865696982,-1.0634102751278371,1.075978156472729
GSM1692426,0.06741066553805154,-0.3370262103166697,-0.1961207945176178,-0.6892859735809983,0.4587192016027733,-0.06630975132970343,0.7763098084974966,-1.0481270447855409,0.55815425270021,-0.527266375754769,-0.7585225628455001,-1.2112841013919062,-0.45215711694396277,0.2886544921334043,0.2590414838420296,-0.1256937861672301,-0.2396940179433874,0.35910749703322986,1.0189142702503402,1.3227322246884357,1.0364643997267822,1.8981666445476437,0.396841429868051,0.3726680498068119,0.8622813200136425,-0.7612936540330334,-0.7879528387737386,0.183267696087441,0.6087719365841042,1.2224013519924055,0.3490130286928164,0.02469524792238626,0.6074238519589596,-0.02625230590002166,1.046199360659363,-1.189105625375189,1.0361041082020517,-0.6914464319524035,-1.1495856374779276,0.8596015038806091,-0.2549974527705275,-0.05108898153005431,0.6567501897959416,0.5845327952308622,0.5851016740489847,0.2491930467113911,-0.074120097756746,1.0126050509218152,1.190997236177847,1.214089554061501
GSM1692427,0.8691366031754459,-0.16868331538705156,-0.4491103001806437,-0.4044360437220999,1.2395693038922604,1.2436406195902854,-0.44744638279439153,-0.14900912103163363,0.09475019498546801,0.2494806078168547,-0.7774107312878172,-0.8509027877538283,-0.7854926438259605,0.6545250202303096,-0.4926684727001915,-0.9433604844394109,0.6028302623023448,-0.43561918197784966,0.19266259694497825,-0.5892359472196732,1.9605344161567644,1.162445955142007,-0.1332397831982314,-0.3714598119918818,-0.11768449791414894,-0.4100514436663262,-0.5110454574743788,0.8616403159466279,0.9012684803014542,-0.6701098401411786,-0.08186938328062748,-0.44791867942480273,0.27453708868301463,1.4335810000609457,0.010592076887633235,-0.08091498376789034,-0.89985780452238,-0.6079894537896563,-0.3728271388957702,-0.2881838348976543,-0.5459403288947414,0.7080626420888767,0.09557849365488875,-0.8020342320227015,-0.587402893377836,-0.7125362282507923,-1.5578620855864236,0.6561443132575705,0.2100816236322463,2.3810727001427257
GSM1692428,0.6586854693534924,-0.5535357157933186,0.41682187140954097,-1.0961270539488357,-0.6520230489166937,-0.9441720016512758,-0.18563873420001603,0.5178708773039867,0.5898964359983714,-0.7030692956216208,-0.2882772852072097,-0.4843327526960706,-0.050955364393272716,-1.0430666382403042,-0.7076338442782913,0.39465557381894506,1.3293460408517879,-0.20808658031086835,0.6970881985615729,0.27742614839355456,0.023648016615003747,-0.22853959414220557,-0.0644133745439318,0.2831181140933282,-0.6576891820511187,0.10995164114370054,0.0661657087407553,-0.5322474377936726,-1.21579027281533,0.14748766661015555,0.7273461327363265,0.25075730143211383,-0.23821879073143754,-0.815409667833615,-1.3295576403410982,0.6328288659911794,-0.4341017508577727,0.270803655215673,1.2758539285230819,-0.12555116725622256,1.2611704865770104,-0.5614374820148519,-0.6593127679677662,-0.07628075392384807,-0.7589250802228458,1.0494141173785492,-0.7562941647975879,0.13528057034535504,-1.4593719029413852,0.3049981547042827
GSM1692429,0.1511566940802752,-0.5154850223185128,0.7220395019623507,-0.2968602298880979,0.013623308277148877,-0.7520716037259925,-0.38949658449448193,0.454959530891944,-0.7455752041864355,0.1165515859529489,-0.09300879865951042,-0.576403527371307,-0.42203220260408536,0.33811588218121413,-0.13145550825848396,0.008030024995633695,0.7153991534022448,-0.32669647638999094,0.03654652308599348,-0.6220574732941516,1.5467009245752712,0.07646733190932815,0.3133486640043882,0.30191950499384446,-0.49553106216908804,-0.4931247128671161,-0.4476866684158449,0.13052653572453649,0.919197983123573,-0.05981356008063984,0.3904635863627017,0.09209100953015201,-0.39461114342654663,0.48659932088698893,-0.18458073638622874,-0.010029991852924152,-0.7902999587710768,0.9075816760316131,0.013211387308702277,1.3587669379257536,0.44650312338601045,0.5614720201224802,-0.559882833719032,-0.8647287690410398,-0.6421408358109002,-0.05355317547261901,0.24297726100706002,0.08625740135160911,-0.03652271279395017,1.6708063878770298
GSM1692430,0.2602238109189572,0.6229617567393311,1.078558081035304,1.1461057981053062,-1.0039110428650262,0.1621878494469021,0.8324514060719377,0.43799966726949974,-0.15464256073869953,-0.19626272251302218,1.2990602525910164,0.9413989486718278,0.8484193811490953,4.447263245713487e-05,1.2567030129638552,0.43084613199006877,0.06725100660234251,0.6803674047633815,0.32190808505810087,0.3578247425653749,0.9372356015402886,0.6188664531856662,0.28380084657300625,-0.7069187193994354,0.03533135354405065,-0.21606944100527156,-0.23852533913304422,-1.1788543438479342,1.5375572982795886,0.3084031062907363,0.66091435011576,0.3637677924243438,-0.29517783527412905,-0.3643041746879232,-0.1862176163833699,-0.4775092853517184,1.0906459984296573,0.12195993226729467,-0.048326632288261624,-0.05108809295959027,0.5611788166478535,0.7980810540079861,0.5888249951035748,0.48089388760287505,0.7240343220291304,-0.8838226695015275,-0.23806666321569464,0.27198132346152326,0.1112745774085368,0.22953303997754534
GSM1692431,0.6722827412348122,0.021215361116362026,1.0765027255455144,0.1801117098054998,-0.26541573562192267,-0.8750423351863071,0.14516152015758313,0.7506698528533817,0.10266246424545708,0.8688496467912972,0.7604485240091962,-0.9093169333287177,-0.12011426223583885,0.5412581997236601,-0.040609486890698265,0.2474558284277347,0.4189548600477319,-0.05107667724006809,-0.4442942623041988,0.5810434268624015,0.34335373709104733,0.23694938290434997,0.40275294943292683,1.0510297905099009,-0.37032126048616465,-0.595545608166814,-0.4955324871065935,-1.057859617000025,0.6158107415409022,0.22818271733825204,0.5143600230166809,0.29497841340289904,-0.27365629302851135,0.11835129808475822,-0.9574000006224241,-0.2809263376158081,-0.4549476851816908,0.14155118135285724,0.6407817975347271,1.392247981930153,1.1483105974592496,0.5689769635723856,0.05779248396833617,0.43639932734110615,-0.17176990745924822,-0.3539588833025508,0.4524704110871149,-0.6320494626142026,-0.39041989479303735,-0.20155612068370057
GSM1692432,-0.5502389417988015,0.5253097120290922,-0.39448868426225775,0.46748072276825614,-0.8249360481356585,0.10688532729163618,-0.021690363472313293,0.30920911832057746,-0.4710679450388797,-0.543415403267021,0.569375588632333,0.17219731266516952,-0.34937781938844903,0.09873749172709195,-0.2029434993549326,-0.15410609729958152,-0.6464734511522261,-0.5218324291561767,-1.162210711577344,0.3759018349754181,-0.5142385580818077,-0.09119496054360562,-0.7072356855922566,0.0021261660542390855,0.45465006294310956,-0.2033750198222567,-0.10744897702399422,0.08078469643259624,0.46568900101722227,-0.9783989405887743,-0.6132738987886605,-0.05275823721695222,-0.3168492210478039,-0.614016573284453,1.3797419982894492,-0.2448401646994161,0.6766010679546447,-0.25559368140056826,0.0764719883449715,-0.14159367290118433,-0.12257243666390165,-0.8558423747119275,-0.8095769933718109,0.09978380135035102,0.9397509256294992,-0.5291928740343408,-0.956527271622389,-0.9259976414576173,-0.06726709390077362,-0.6136634911293591
GSM1692433,-0.1010545534656892,-0.02150507583177995,-2.338780828010915,-0.912763952271422,0.029857215270504375,1.100322597562433,-1.219618342833036,-0.9162256157507831,-1.1650933691811234,-0.8292012786824936,-1.6979608246534181,1.157593578436328,-0.5912634424763263,-0.34779228899124626,-1.3872919530513401,-2.300633937349243,-0.4403020139373827,-0.9679382626033154,-1.5124962086163152,0.3561612254043758,-0.11093331837344467,-1.7021394719445821,-1.3702998038498047,-1.2222525866012415,-0.967160185655407,-0.273278244739862,-0.45562218007751387,-0.17017030045821172,-0.1800928519323687,-1.6809006402473954,-1.9505448524188054,0.2430334380539321,1.228844280042567,0.23979907742130172,1.4781211690119596,0.5879417721256476,-1.4171671779780772,-0.32452904439024066,-0.7683051859625168,-1.8975027709692203,-1.8095763604990645,-1.1744143536437077,-1.3533980287358431,-0.8153558364514469,-1.3262127849842422,-0.9834741723033111,-1.1364543678765684,-0.6435896995462036,0.877818464698591,-0.619941766273949
GSM1692434,-0.11453991257520514,-0.36781869639463755,0.008636804189316446,-1.4080239222250224,0.4108661491489317,-0.6935896657010436,-1.0117040618543138,-1.0665037281733796,-0.10422669449867036,-0.2167430549433821,-0.2795727415946727,-0.8337069054433243,-1.2199547741917922,-0.5489740589108538,0.9381501448726122,-1.2177302156895335,-1.527866054557224,-1.0225323347904844,-0.19318408159903308,0.8082958636080354,-1.2031021355536338,0.5587762000757358,-0.9727685402484214,0.8391276333799234,0.551040713783873,-0.8286097944443663,-0.7863527232514138,-0.6822775124152805,-2.2907342161992807,1.1071148233314747,-0.8945243418899256,-1.1726213532001852,-0.10222069802678997,-0.3250626583368235,0.7404157434368734,-0.8318893602658609,-0.029721736616788542,0.4111865212623333,0.44343027135228363,0.8945306022613422,-0.3715491993281851,-0.575357230015686,-0.32674902216406304,0.5295917138176401,-0.03662629936290249,-0.9196680994242074,0.6435289545519093,0.04177268165539934,0.6733170841751103,-0.613263861642744
GSM1692435,-0.14502683636800773,0.0654703090373194,0.3848928331722893,-0.40016669386545267,-0.5002373165668351,0.5475010293361106,-0.40543853489052645,-0.04343005165685885,-0.44279368069545527,-1.0012611298770122,-0.5008624544323406,-0.21040661380395506,0.001455237745494885,-0.4117887708129905,0.13700378335282767,-0.9824953889658886,-0.8099378999486085,0.1336518441282142,0.11313237981787286,-1.4217706202208504,-0.22459104281288947,0.19874648349548357,-0.5734071640869344,0.2211757049820331,0.03645210025368833,-0.251192206769064,-0.2428673007492167,-1.2438618668196981,-0.038250443870330615,0.7516384932023971,-0.8813612104600129,-0.24105860024561568,-0.22247243354535723,-0.17413019557931328,0.6099887795824648,-0.2146605909629135,0.4944004690827136,-0.3277307379243111,-0.34738222571301014,0.3029448310149759,0.05677238424462328,-0.23072873106457228,0.01670061731099342,-0.14086129750117793,0.048421106232791805,-0.8104943418685369,0.9516200585327196,0.404578152775998,0.19522565457751093,-0.08995175423256814
GSM1692436,0.29330938681213253,-0.7153782384099675,-0.5115564608726264,1.0945300480717168,0.7816688048360353,0.800745381091785,-2.1982350301763316,-0.01721310665945542,-0.1683879807857409,0.6097003504794094,-1.585149768352023,1.0575167072429963,-0.022780034714504602,0.5092852310558593,-1.5204910001266094,-1.8800442636599417,-0.19679213379104885,-0.9459209819478595,0.07625443735473092,-0.23633582144445708,-1.3824607263034319,-1.0652613551383296,-1.2327641711607225,-0.5696639753824734,-0.11611718188940331,-0.4651581472958362,-0.7352684545163715,-0.25433411483195006,-1.013783497000194,0.045511609099147844,-0.8619460174052308,-0.29194889014205094,-0.03271516199934085,0.818272496738884,1.3736680941066173,0.9083202300655819,1.0971272111646535,-1.1303491908224184,0.5767410695861575,-1.13783208867409,-1.1116449793129335,1.080880372858822,-0.006551304356960704,-1.540795796287763,-1.0227496466166726,-0.575148529382109,-0.3180324974082756,-0.5203908574863414,0.24589692600221177,0.07906105712746911
GSM1692437,-1.6885054077525503,0.39234005005173717,-1.3214559862923139,-0.5394944041608059,0.7090445412601136,1.1894070328862987,-0.2639004907595669,-1.2840372129926312,-0.8632797565424869,-0.7532251400823448,-0.9924149866003632,-0.33089133579392577,-1.2078280274977429,0.43224730269212325,-0.5329341281253588,-1.7777824583932333,-0.8188563795754092,-0.9394749795217795,-0.008590382711811603,0.8839064769943226,-0.5284887737212004,-0.07731502499668977,-0.8706735369173472,-0.1930548973100376,0.023260713215045428,-0.14147055465113365,-0.3117932296403646,0.9713815503695645,-0.35120664270016055,-0.01056902684261205,-1.8273133375472974,-1.2902815873981581,0.12916479055859392,0.527230610742454,0.08357275725882417,-1.1063928242071508,-0.5185741140198029,0.7254950578610149,-0.7984567129814443,0.14570714726194522,-2.029135353339641,0.03635379344073322,-0.8179913203323302,-0.8352861158232219,-0.3399058536632334,-1.2810270381873468,-0.29663273360508013,-0.8904394781206515,1.525520499380459,-0.6074277343092559
GSM1692438,0.5007843652393573,-0.37434511333683,1.0389207144236,-0.3497214119472415,-0.08461292465997758,0.10781559372154711,-0.6607138640592192,-0.07564031730639176,0.5807776996775439,0.29179259045028233,0.43014615417885427,-1.220976858830707,-0.4610821137264828,-0.18242118169929383,-0.6626526487392775,-0.5895088194198742,0.48612119449089225,-0.5713049290798837,-0.1626806568834314,0.43783949377900877,-0.10765003058646536,0.6063455022655778,-0.5095914563982521,0.9956471262537789,0.10983304705788459,-0.8836295330551721,-0.9352394506080324,-0.5643298635686728,-0.7001205721609753,0.11529796553678097,0.1307978418750563,-0.4486492936638556,-0.22366678924308447,-0.14935909330578512,-1.0477988925205777,-0.13126600074863554,-0.06759127157354758,0.141810464459062,0.07832498475571781,1.195379038054064,0.5901146358377314,0.4942201547958502,-0.5949793116189732,-0.4906164385042383,-0.25308024501363896,-0.37619290244708303,0.051572516239121506,-0.5512926438644264,-0.6090645558468138,-0.1812136271437758
GSM1692439,-0.3542956447391919,0.9475298124693162,0.3509119791819883,-0.9503991488996312,-0.27550756064270987,0.1679711678265949,0.81346190915536,0.22545962175180403,-1.142765963350551,-0.7259403054125583,0.6783752120989677,-0.5753729410354838,-0.33814405440469275,-0.5453733781445483,1.740243337335535,0.7997228929656434,-1.4673022800988578,0.04267950990942617,0.21443025707184707,0.3092967515115372,-0.18483670880628142,1.133770464210907,1.26535661754331,0.3527689294791502,0.37127093103970515,-0.4051335157865767,-0.142183880828945,-0.7227344942954378,0.5145973748453518,0.8439624157264002,-0.42006599303965614,-0.2448880860094992,0.0566605470107627,-0.26023001544459495,0.5510228414030769,-1.0808609315707784,0.7416192462043523,-1.0933299112938395,-0.11665058312562387,0.8449902470004299,-0.04990076500951428,-0.7110175448284919,1.080260893349889,2.0080978388049457,0.6913676296550113,-0.011646611764617034,0.10815884358928271,-0.6712202286029987,0.20361326122944853,-0.4591160868446413
GSM1692440,-0.14145164149108397,0.17950418430585433,-0.7643675440031944,-1.2296004767742004,-0.028445403589737864,0.39483774636018226,-0.2584049773353561,-0.5286893028185751,-0.21643974841955083,-0.7058121488990707,-0.41053667475346856,0.34291056802211506,-0.4733107845835514,-0.5150554428385848,0.09449190015288768,-0.644865709364092,-2.046852296137794,-0.9387664456533509,-0.013612988072160383,-0.7720646664010627,-0.20012213099702422,-0.49827058598315405,-0.9856342860367915,0.8491661755480601,0.4761244626846948,0.27425046429082706,0.4314367276233765,-0.28085199920870857,-1.3841970435295974,-0.647327179418953,-0.9081911991601954,-0.7836088699702454,-0.4598713014656726,0.28202413103286583,0.4827517074437732,-0.03568933755499361,-0.33917365678894595,-0.8559128457814298,-1.1412522978649329,0.7269605550554252,-0.5255173470368577,0.9256284820215785,0.15166767830721775,-1.429057297893106,-0.4017362467983595,-0.621896248931774,-0.8974624359193809,0.4316717513442122,0.287520918042067,-0.20321043310771908
GSM1692441,0.06652723622871244,-0.09365555573951345,0.24024921225799795,0.8423217256095344,0.7530932938783048,0.15708664208310474,-0.2618161752152567,1.7394514576401992,0.22312511376993915,0.6879309009747391,0.38605041828883624,-0.7918493851137756,0.2589736562086196,0.3854093342940625,0.01539041826663277,0.41732100421502816,1.4875973452659765,0.2370574401354799,-0.9051245656378485,-0.14363864719534195,0.4753105584257698,-0.05033477101725032,0.7714336745065065,-0.8601563987773089,-0.5900634107285014,-1.0022331058081766,-0.88546262494232,-1.023842021907833,0.49445859544406434,-0.3957466565907563,0.8204591539797412,0.9676858984170562,0.9680247963068421,0.7219823560448863,-1.3228083252210325,0.31310132229568194,0.14857779409721356,1.8558048062273742,0.91461969127672,0.34799003363418496,0.42504939951163634,0.7277679089967231,0.39731517668758726,0.27932356739755226,-0.9049193659061238,0.2639258283636134,0.32313376302555513,0.5123374306561682,0.5962749330416353,0.3351197553374416
GSM1692442,-0.23607529463393412,1.0730037333601137,0.8755391815718492,-0.8609062515319916,-1.1005048934942434,-0.3340519055897963,-0.7248132473902745,0.40797975048955226,-1.0599756828078086,-1.236696747912346,0.5267786818762324,0.0810398981659977,-0.16900662626482404,-1.3800704774231658,0.5112997236305167,-0.5480229211085268,0.13737742377213608,-0.42199024566770416,-0.4921271332230182,0.3554565385383986,-0.7701725319785715,-0.4576956928930799,0.3282759649007863,0.5819386013737909,0.19319318699214671,-0.42322907654003994,-0.16219426463978878,-1.2225242384513944,0.6602670137048277,-0.17545229357082065,-0.34734140258012924,0.629725390243769,0.527550734159304,-1.190866926060845,-0.5132281155588916,0.20943673404377083,-0.5985081380547965,1.4443522760880572,0.8427559382414109,-0.0352420866314351,0.7186442576910036,-0.21444800049785384,-0.5356873305237314,-0.10027422291856421,-0.019630242637903195,-0.2544761793259676,-0.19892451369229353,-1.3373847748457186,0.4639593428207022,-0.12175117769685993
GSM1692443,1.1270988870816794,-1.9372668300927955,-0.7801809010500202,-0.39380972306051865,0.5137566422590013,0.2065010487277776,-0.18632498349754914,1.4829163897617,1.1133592336041007,0.07151344505243697,-0.742944061166207,-1.0464112175288347,-0.2488234504483522,0.22082410442951245,0.4600469255444842,1.233658217058744,0.447646207019618,0.3005455563697036,1.7831468018466905,0.9898449405270826,-0.41341117449791465,1.5053058513517852,0.04211708237203233,1.5129167340902898,0.711593480275101,1.6447989886894152,1.2477605582158835,1.8769566071215016,-2.7680946247640983,1.117989733184643,0.05572983946012635,-1.480812441273883,-0.3248688163221775,0.2785926898181827,0.22536627613867014,-0.6298899928307125,1.6581140691827223,-1.7370921104718577,1.4298490334975078,0.4311001867165523,0.23489541677242126,0.36398908328341856,0.38230425474518603,0.6967506938706994,0.5287985978651667,0.3948607917329984,0.43006112912496647,0.8976844782361082,0.32789806694344237,0.9622015805752272
GSM1692444,-0.5811963301176641,1.341639856064771,-0.6412572657487274,1.3542609852008045,-0.5295460697998611,2.5623398992746296,1.6612193103568476,0.38244072715610794,0.18262033483774026,0.8478992121422029,1.127292976118352,0.6730850276341441,0.3685511439692472,0.258326359710835,2.2923780592886294,2.0608452714705523,-0.8202474532983903,0.6919551681168179,0.13121360354482536,0.1476271104765626,0.12246617217896669,1.2413271862606339,2.0338619935051896,-1.002154688011862,0.7659366778110717,0.5296633854967593,0.928356170844112,1.139028787521238,1.6882063755627055,0.017201898483059298,0.2420293268270147,0.4564564917909128,1.0178859922531505,-0.01828905424160265,-0.2822800074490999,-0.26255656533919325,0.4645997375847491,-0.23023925340005238,-1.6635646791279195,-2.004361159779157,-1.3006240666430862,0.20969350756876662,0.3910565740396497,0.59147721812283,1.936809297678516,0.8053340534053404,0.6389400896666358,0.2156281145084262,0.04537215992618554,-0.5912481723125704
GSM1692445,1.1247804418720404,-0.6541834174188411,0.1374102078636547,-0.9122739169288558,0.16471830976069698,-1.0305621247638235,-0.6710770353003777,-0.5829926386176735,0.16311789267378948,0.3830358834783971,-0.23470262054938718,1.3475769708922423,-0.03727362008329791,0.25309512445149235,-0.5285378507904004,0.48990631194080314,1.3190915884153944,-0.6318364224082316,0.22360319590782418,-0.2708048443880973,-0.49901837045360115,0.2529663736965419,0.35128481970787,0.09619538898038796,0.03264289553463512,-0.6232481106268996,-0.8451410247975389,-0.7269250095007277,-0.6757109197077265,-0.4524166692725746,-0.11774098584984347,0.33998282102833455,-0.21310162483752806,-0.3820073688229775,1.5506565491095858,1.9119066405331138,1.0755827378697207,1.0163262610144042,0.6442281803237039,-1.5294761380664283,0.3353184398782224,0.7197836560455216,-0.24729851804932992,0.5394370467627411,-0.2953524639946623,-0.5488548062007116,0.0715312504232548,0.5051954723123665,-0.43957854444889083,1.2309059004965412
GSM1692446,1.8036199874095047,-1.8057787936160052,-0.5747681536036682,2.3236236088139517,3.059681982307134,1.1134871887002644,-0.3379284047598718,-0.20415282885153588,2.6238332074807276,2.4787723562606114,-1.2556536437774204,-0.3913087954113116,0.24145078830285324,2.8984654816358053,0.9170118588855609,1.2138651063077293,1.8405144237869535,0.7905861931248886,1.5687326056495763,1.1247994777713493,1.1415802327548357,0.24272845609973526,0.6717842843957201,-1.3009951158961317,-0.4860750698338346,-1.175733405654931,-1.4309389966323391,0.8264847593059635,-0.6271700199709692,-0.12568950247586214,1.7775507647402957,0.3189311234845348,0.34053448945618053,2.87238002405967,-0.04709717662720829,1.141473492822344,-0.5301965127464288,-0.32892869061804086,1.165761728917272,-0.4877616513800317,-0.7816515732728347,1.1757939120605398,0.4559178763407324,-1.6245214717185592,-1.5540423514979589,1.3325161556865863,1.160462476868887,1.8273096302220078,-0.889998315244586,2.174808340932611
GSM1692447,-1.3820945636796795,0.8430395784430296,0.13962391710088187,-0.08837842736232936,-0.18690115583250427,0.7006649793052914,0.5012777473424553,0.3639104316537001,-0.3068716267525792,-0.46140137813005033,0.3911448301077602,-0.8448662584705201,-0.6509523815242374,-0.7193573910448952,1.7404047090304242,0.46248964394443004,-1.3610683112213149,-0.4536946916120793,-1.10974533573327,0.4387222811471861,-1.1312046161470335,0.16782919868002452,0.4093770365422862,0.34560624079898083,0.916394366833137,0.832294454564752,0.849768982722841,0.2864862590318336,0.4241576012621083,0.4896599100676752,-0.7952213028032473,-0.857630678663076,-0.4071811469885507,-0.6781687318257319,-0.12964726390062706,-1.4904137179796826,0.1657446576111209,-0.45389230553872606,-0.46630569211871653,0.5830253846899821,-0.27201882559720975,-0.431696489718621,-0.5553224521889902,1.2506159424621521,1.4540877397942573,-0.5618478390085556,0.6349569659639247,-1.3484242912978013,0.5552526525253395,-1.6630137392239224
GSM1692448,-0.3487842010379774,-1.1220250457762557,-0.7706611224592702,0.31399199768621894,1.560072434576689,-0.7486048956486269,-0.16285458252378218,0.014554271087259615,0.8634055150980137,0.8938307820365222,-0.7312096016874775,-0.6769687036353681,-1.1265274787954627,1.2130633648477096,0.3622985954310463,-0.23996986207916668,-0.8471951427497824,-0.9247888000397028,0.6674536460739161,1.2673571368520957,-0.6402206913681892,-0.26313815212383046,0.03166672508196312,0.9151610420998155,0.6613739690605102,-1.0327138722888916,-0.9329308110519375,1.0774775939524204,-0.03920550514342916,0.2711076770921446,0.02455126510384544,-1.079196029719546,-1.0576904388864872,0.5360818673698968,0.15236754916573653,-0.08305743617522761,-0.46963463260403804,1.1017996662686111,0.3827418065357419,0.33532587757879734,-0.4378123601899353,1.284127178046155,0.22574816326413105,-1.0864564127844396,0.5671760791798574,-0.531634554445072,0.3478698224756618,0.2269614786515531,-0.8842843987837566,-1.0154807684031673
GSM1692449,1.2459956812492363,-0.8627257116405552,0.5196025755306279,0.33148655590468884,-1.2011751270687472,-1.2118341021238737,-0.19462057809784258,0.8543991610113839,1.1530129370646944,0.16277657521557015,-0.23570199414893203,0.23848085506552597,1.3155259894746734,-0.16877781472995584,-0.7301490335875955,1.7368350078896106,1.0512062066978798,1.4075727021105842,1.8589729529243137,-0.09105246951775661,1.2245577284373073,0.733391197912133,0.9330823584218864,0.8402142307710816,-0.2723305570636427,-0.9180298247448629,-0.833157772705592,-0.5051663564951971,0.9678611151856146,0.6253399942880428,1.8065236666840199,0.5946318870383291,-0.4834212313208401,-0.5455750399222918,-1.1029245746381047,0.6466017657920761,-0.8183871435570078,-0.28283089664089267,0.7594745495080367,-0.20731240034874293,1.2972885425002694,1.4033184676150865,1.6159602182830268,-0.14658703524500827,0.2232613423864354,0.37027666390168,0.23750215464444344,0.5586449621208069,-1.603975789046745,1.0943206253812885
GSM1692450,-1.9503322779998635,0.4313310312772807,-0.10791676788830429,-1.3186327094911923,0.2151179980866983,-0.05452688891181036,0.9060137553959456,-0.657169709949716,0.3549182072086924,0.05458594353360028,1.1622522995761375,-0.6754534406243443,-0.7558053371145009,0.15764737469521428,-0.25117043870478245,-0.1351617066011266,-0.42998734013540435,-0.22399302563115056,-0.4314565189525244,1.1399031631637537,-0.03172670430323848,0.20193945264878493,-0.7087834544066562,1.04522851866039,1.3077395534525398,2.653441147479771,2.4592429487402905,1.135745213875524,0.3503452911987739,1.2491742924554092,-1.1499920810273234,-1.3673326389218265,-0.39048691097958976,0.4297561819590163,0.06148458713589324,-2.1324076220919865,0.3703524594301229,-1.4926413494680049,-0.4548710453892636,1.6003865416345673,-0.5234360266583798,-0.9266901964868103,-0.38335132485418905,-0.20882949177827573,0.6765215188841835,-1.2558835896158111,0.6893713430507216,-0.7285669274100823,0.6474567646351643,-0.3602133862087899
GSM1692451,0.02768036958933288,1.32914351429887,0.3948940363074387,-0.44198690624988796,0.3255827553404676,1.0247792061486982,1.460337314994437,0.07793972191116258,-1.188707110192444,-0.6756813229745678,0.898413625795506,0.5173489114279535,-0.07325790994945192,-0.5479699794711409,1.4654984296402094,-0.5955777712746152,-0.00037773960102941003,0.11132989556832465,-0.6875071698483639,0.3000086016626345,-0.32386645522577673,0.5336641563335648,1.2425548583377877,0.16672095953367272,0.9379808917846362,-0.5771937162853916,-0.28694427512574533,-0.7378659269445763,1.0715833304596813,0.8646163785648409,-0.5282140093057637,0.6996896660357018,1.3886201062941488,-0.21130617276334956,-0.44018729333663753,-0.32748644829387463,0.5180268200435924,1.376700504547888,1.0491658884755044,1.2694764385397947,0.5257795149082737,0.07288815392869413,-0.7975235058116048,1.112357880289338,0.7872702345257383,0.7233005777031706,0.9675173481964576,0.46723258144521085,2.037698233919514,-0.202464370649788
GSM1692452,1.2728331686895542,-0.7061240976398008,-0.21085204466912064,0.3245595044895642,0.4246953995902009,-1.3500812642757603,-0.8246607548146253,1.3389070019423968,0.09883163061635297,0.8099282916622913,0.25023021425122544,0.13171040068771023,-0.335484548522732,0.6586495304740668,-1.4165555054299972,-0.6087890689820782,1.176756691176172,-1.0360717467153155,0.41835624300475655,-0.7305911710968032,0.5773105741650987,-0.08454359413850732,-0.07954319380113221,-0.5397550956332642,-1.0692215545895583,-0.755874042873443,-0.8041578308670018,0.3761375558863197,0.17611164192513648,-0.9933917921863966,-0.15174886084424716,-0.03475858204835065,-0.40154185856993346,0.770720964955772,-0.02870898110155271,0.6609437898465461,-0.04236039069552063,0.121431478346093,0.812596685774183,-0.12849771469335067,0.03677488291855514,1.5586455619681314,0.3600562762901166,-0.7241568933871507,-0.960871328768804,-0.6293111142683865,-0.4313805541347969,-0.02200794862495561,-0.9095652831042671,1.0787139750954882
GSM1692453,0.008511963802777777,-2.0587922869922193,0.08808488771489785,2.4480109513741914,4.145959578203818,0.7306802994010176,-1.2527125526875487,0.34649733715093733,0.2304455367528451,3.6548132894441294,-1.1290241791705555,-0.8121520537411678,-0.7494661064143241,3.5145262355050235,0.6823151329993308,1.2363730554134644,1.194033061796352,-0.9649895114969953,0.39572115473700165,0.07205543691173744,1.7047981018528304,0.23272549302447934,0.8631194932268565,-1.4367324132760482,-2.0368050830601616,-1.5744573169416634,-1.76612364341615,2.0368493891088,0.5295630933989051,-0.23625493728590022,0.14857800919729292,-0.822856847515055,-1.154413610966324,2.6850148103675755,-1.092467261061092,-0.5979363243467214,-0.44192851569235425,-0.6079250235445486,0.8859698986130867,0.579671938346255,-0.343481672228392,1.3683927531195699,1.1681181688583364,-0.1758332850298107,-2.028926554146092,-1.3055650929205878,1.0417269517619034,0.1929096903667076,-2.2188026255026285,1.5243798814428455
GSM1692454,1.2078705101823286,-0.2596816268101805,0.2779462304991412,1.1198499863698532,1.0643219443787106,0.9574557054276145,-0.13226733349649897,1.778159924336467,0.6975589324736686,1.5631328875328032,0.3755873155733862,-1.2960136182167354,-0.6531062846691204,1.3553084482112703,0.11590132481521799,-0.7545994939612196,0.40554663069559116,-0.7124243105841922,0.6453898804144153,0.11614281172325529,0.016430267759766692,1.253648617910462,0.948563863510747,0.27295309767309844,0.7386755733223792,-0.6727476322368215,-0.7632407956900583,1.0492526386249907,0.7065469753973327,0.7746103486481296,-0.44578517278982704,-1.1199545422447361,-1.1264757044280016,0.7634471823932859,0.24411387128563208,-0.41845295324414067,0.8921442355811253,-1.134515374533209,0.8632132555115268,0.6901315467206277,-0.4099198386521458,0.3677324630114845,-0.6599759396258911,1.3574018118258318,-0.3834096930443143,-1.6432759470953469,2.0318448645812914,-0.11059059433803145,-0.33820510435556894,1.0153190595139205
GSM1692455,0.25817442516959926,0.5031531123882867,-0.959810223110659,-0.600006246601141,-0.12080692394173016,-0.19115240991873098,-0.4923941734299306,-0.3601368606020854,-0.9383507706298837,-0.8105349080248822,-0.678721232875837,0.5196933542979443,-0.1572496883020728,-0.3018609796954852,0.044656354361497404,-0.9472594092798147,-0.046697396039775484,-0.5429265157976062,0.0498882641914302,0.5516309576494555,-0.6403894099661005,-0.46952323648174804,-0.088964668946967,-0.1376164524685429,0.4140900246573516,0.0876092248171869,0.007842263260204591,-0.456633334756598,-0.26985637407830027,-0.039976204410716094,-0.8317233771997684,0.34728400965261486,0.38931681552104097,-0.669608047869271,1.0405648637333074,0.5959888121834911,0.09659772637554645,-0.21803380464549835,0.061813469585100804,-0.13252003471392354,-0.6109815828476413,-0.01447435847374691,-0.5146672033465174,0.5573816925705531,0.22102381975177454,-0.11376470382048104,-0.3848569362349034,-0.17460161183700468,0.815803393414828,0.2547051018801257
GSM1692456,-1.577954115987681,-0.15787970897353526,-1.5649492921219208,0.05725219489655349,1.3891301050248275,1.8133094562246441,-0.514401865363846,-1.437131221457006,-0.7135408931868239,0.04899434567995246,-1.8017842454458797,-1.1005100135803527,-1.6551336646670747,0.7286302489229568,0.6416038585983431,-2.0257284371979,-1.3359838784816664,-0.6429878235294778,0.02625364161216546,1.2035245756048998,0.09530892866080592,0.41260602143487474,-1.1077022048345322,-0.7162825039635884,0.0758424176110355,-0.461445959296523,-0.7819454347756033,1.7487412227430397,-0.6787882242778205,1.1978833061725083,-2.4221197729017696,-1.7622290927909214,-0.13763594946413774,1.5264449053144342,2.066394647559145,-1.9098891961663265,-0.13985393786950806,-0.5164754459043011,-0.7161171131998143,-1.068848751542777,-2.5553580555340587,-0.9877982364286519,-0.4619695364829026,-0.9953196140597697,-0.38117844583615473,-0.8318445891758081,0.6864307026000568,-0.3649672322002518,2.1990273291487656,-0.3950676835281656
GSM1692457,-0.4031876472701057,-0.3279581696728295,-1.36608218713759,-0.06447753164479952,0.7366414990785951,-0.5964649525997702,-0.15974750641245986,-1.5934970621570799,1.0541550214831095,0.5002704382737682,-0.12667927881410782,-0.6700993085670512,-0.23775894118087762,-0.0069909121234882935,0.9802735745761453,0.4088989193042944,-0.9738448435983755,0.14186925712502996,0.04932487253188132,0.08523229691058903,0.09922344470733944,0.6994195009047156,-0.4622451283607158,0.2767194085531235,0.535905514972989,-0.07515217154885924,-0.17463605115971476,-0.00962465274125322,0.12638023320081038,0.6243357321585972,-3.0075269591311605e-05,-0.47218533980422606,-0.4780605900488333,0.4248931353123133,-0.3694097255915905,-0.6862804737436955,-0.34932956242096375,-0.7944199663066152,-1.4660696369779522,0.6305387325550122,-1.0739016581074006,0.04463886557569989,-0.29578999912699405,-0.545566906646661,0.09131063697393617,-0.5228661663861235,-0.8577259045372884,0.03245164502110032,-0.33804220888140235,-0.720749464259574
GSM1692458,-0.0717735725133192,-1.94042022655006,-1.0598609166709718,0.007554929237686525,1.9220308640516162,0.8171307388473964,-0.8612596812506755,-2.7162404112443252,0.8355733083726419,0.650444139568273,-2.962881027279736,-0.30614714611396593,-1.4928514567599025,1.2443955282539465,1.8133905233453402,-0.27389003419116814,-1.5595410585671408,-0.6314925634529862,0.14382793940352576,0.2971181290029894,1.580837514272072,0.4511865920455949,-2.4441609459340325,-0.6072954913373495,-0.8139323210701688,-0.39277373399843907,-0.8533502016610186,1.9394911531299053,0.48741066050842174,0.7010278837064936,-1.8488255671434823,-2.3150474330310957,-1.7453414971008139,2.6910469553258207,0.3566822582382101,-1.6125082752112976,0.8221181391998352,0.0009453517005427757,-2.1835629551761833,0.2690697178972711,-1.911972730703849,0.4471798262586174,-0.12552139075213115,-1.4351445630553545,-0.7814643854183262,-1.3763402308576762,0.12698391651920599,1.6403803753571613,-0.8283815454910595,1.5438836336127522
GSM1692459,0.4651670951038872,-0.6543893833945266,1.2070812085336275,0.12370310117256783,-0.03781490501126854,-1.1166159800683733,0.8992895196665639,-0.6728627510863315,1.4190441747057627,0.7880603412157121,-0.03744357062209417,-0.6186935444287881,-0.0599377771754984,0.8703968793979154,0.46414350986804526,0.5639863430098374,0.4055578387500565,-0.2453694332127388,1.2828676759072042,0.5155445096827798,0.05330584518056016,1.2631869770092863,2.8641132624087167,2.0196829802213334,1.3365352910324457,-1.0436357534217258,-0.7996441746669755,-1.0076127083157165,1.0402147180533996,0.2706146132573793,1.566528880756703,-0.07743301566686209,-1.106254405584837,-0.23305940046939586,-0.168564579542876,0.375442930229442,1.1648362076597674,-0.8395908061047016,-0.01840905439089862,0.840950555979952,1.2874302917316025,0.03087509524121767,0.15916875487236834,0.54542158756468,1.4147842273519116,0.07739674475248025,0.9473457313745097,0.9427195717174787,-0.498805845778488,0.5924413333843285
GSM1692460,-0.336263080017557,0.9246504228177821,-0.1271132127680721,-0.45877335648998974,-0.09695001177940761,0.1273075673832274,0.6557334853668185,0.9798512929914441,0.03469318113089952,0.0704873501844828,0.9020034433762839,-0.3855434778112839,-0.5704426214508275,-0.038139432162556025,0.26852836985417744,-0.23058001908399756,-0.05404754117414729,-0.459040291236414,-0.9161135172234488,-0.12175798676255017,0.19961989670927396,0.1711510545749315,0.24327576612509383,0.44319327087111404,0.6551163008293831,0.9831388706891355,1.0358919461589644,0.18265034835812452,0.7971441355833381,-0.11419537334392597,-0.06928058801871358,-0.14052673792263098,-0.08092286518821669,0.2938506898278137,0.46214532071303976,-0.2636171533880602,0.4903137758995883,0.09895711719807722,0.02958102501539639,0.7703695617904687,0.10803192417420963,0.34394344584202335,-0.21200539393215656,0.3733807472613303,0.1722550738624843,0.2211213936219336,-0.49089133308207844,-0.2971727215504912,0.21870468162898418,0.13454060189288097
GSM1692461,0.42846415878649885,0.45768332343399176,0.3316735629722985,2.022068488210472,-0.4224519513748714,0.3886562974748534,-0.11014803280917375,1.2942404917561396,0.07624646029078001,0.39658580519172715,0.3457552317441482,1.3029331288919188,1.9745475139444812,0.27318957506022584,-0.004516930562473138,0.3861946939880068,-0.12723674408450553,2.1875893130993544,1.2224966500367422,-0.791350518029268,-0.03679146125524924,-0.19177451542562998,-0.13538219994558412,-0.8138384612920742,-0.6235785012933298,-0.6706315628572214,-0.7197128016272597,-0.6212597980920266,-0.15419405034033148,1.3369358847695003,0.78237723800904,0.942232828520985,0.7066758808337964,-0.2476009235812839,-0.829219847698874,0.4401615769890047,-0.5879494638107686,0.3919156604218927,0.984624072086512,-0.8110735907876185,0.08475448127382464,0.6456129796706664,1.6409423126161977,-1.194305147974808,-0.8691479081341634,0.5614238546084784,-0.21486997101375566,0.365991281316035,0.7535396015223056,0.21447208409889837
GSM1692462,1.0693879300702878,-0.18580634303489255,0.6917390236194761,-0.30594544753540864,-0.5395833676669619,-1.091712124015814,-0.7421717554557226,0.4382121307356129,-0.6008981865099317,-0.5579457870353763,-0.5295168176203864,0.35813228350129617,-0.10722411683128207,-0.45443075874845823,-0.6076419946297449,-0.9395313004549242,1.0939639595249468,-0.05851678698699431,0.7892913146614342,0.6716112084395186,-0.11350897849228683,0.6343829716564279,-1.2617249807805944,-0.6030511400082613,-0.9545044915003505,-0.4247583754871309,-0.6137692897034207,-1.2044294733166558,-0.5118637941398255,-0.23931802626419485,-0.17731835728502376,0.3537353435826194,0.13720548396837476,-0.5968401200688975,-0.027213239485599453,0.8789147659146406,0.766461468582712,0.20002682188355303,1.0753348297868583,-0.5571025369098807,0.1388229528512243,-0.555613991894974,-0.20580705470308763,-0.359605575500746,-0.6282808984037757,0.1819766246288188,0.7348601827350676,-0.7373484148251309,-0.5730105004190076,0.9063665641497208
GSM1692463,-0.6963224836857809,-0.005439051752209922,-0.4752952156276376,1.137248517356882,-0.8110257519302805,-0.9108583825004244,0.42653319976882137,-0.13695280096977894,-0.17256203999456535,-0.11410724736879747,-0.10366884616597229,-1.1213823954293267,-0.8031827234320466,-0.3508028211024831,1.521741812226079,1.0277272645001931,-0.7438620011395463,-0.40685157568737257,-0.3444733665375663,1.1730526031510797,-1.047423839156396,0.12268188834845316,0.9895084460311347,0.8909506182764644,0.5222636114314332,-0.11828883898837374,-0.01235273053512299,-0.19835146332626377,0.021989656575991022,-0.19093451455758095,-0.23595619813590257,-0.9276390504370031,-0.5655181616905086,-0.4436532751089906,-0.5358346543489539,-0.7681319273847456,0.7681683684649456,0.20011731986536732,0.45567838764776275,1.1552194110500968,0.05647081123554658,-0.9337618113341694,-0.6878179919193362,1.8682163934868181,1.2762672003961755,0.08179160368029795,0.2257262324985601,0.17216899263291807,0.10033382290425019,-0.6026440993462866
GSM1692465,1.0501766389705411,-1.8917870769910905,-0.3873657206958737,0.1953967935438304,0.0034145202061762006,-0.4277915427873838,-1.531305120742164,1.3706153085960635,0.7341409868650032,0.3546195998011444,-1.8091477599148988,-0.7518630866718266,-0.7798031035578743,0.8180592737178238,-0.7370005877367122,-0.8052785840411211,-0.21863117604147353,-0.9833613575018517,0.6605803654847083,-0.9175489959023451,-0.8229859475684913,0.41734305190094834,-1.4291991962807153,-0.3154190074737321,-0.9553514318904633,-1.0667861671448824,-1.2034952706480673,-0.07151791793102207,-1.7825454945453618,-0.1479250969041878,-0.7986486957089306,-1.0755057398673895,-0.801207075862456,-0.14627872063229844,0.1918528573195895,0.06797633707270673,-0.22928992524259253,-1.8150737011499467,0.7870279709429674,-0.17354148132606256,-0.13105741711612312,0.7450448577595072,0.39054685590497984,-0.8651370015070381,-1.5702370685951574,-0.6453527942695039,0.894404282144355,-0.4222531317436168,-0.32592360070502624,-0.0710632079725741
GSM1692466,-0.4118290174974278,0.24239120921753768,0.2548549167176835,-0.9028193279395675,-1.1855757532097724,-0.4158302350943282,-2.0950743203152875,-0.4971780237017042,-1.8845860019251148,-1.3473994524665784,-0.44648294628090696,0.09669648814256189,-0.2850056930876091,-0.7461440686208588,-1.0314723876293461,-2.164562195660235,-1.4355080574356958,-0.9820080955149815,-0.26412960806608216,0.04724347394785299,-1.2545348162732548,-1.1182144178840567,-1.6126620076914417,-0.8054075812378023,-0.3293581987991585,-0.43123941776282326,-0.479860243749707,-1.5099875824613898,-1.5417004697151961,-0.38309719307678414,-1.2198816169218893,-0.3126997247433045,-0.36575123803724396,-1.1967162391617039,1.6837802451722148,0.33936103985349864,-0.959522726456427,-0.8167306420714961,-0.050228782340659466,-0.7940619295282235,0.24145636116636496,-1.9474500317819643,-0.8300454279123176,-1.0416131018111483,-0.6063681517907451,-0.28329860866849776,0.23702005670578907,-1.5421851378129035,-0.7674885274838926,-0.5350514817209274
GSM1692467,0.4709018282972626,-2.7895822613580203,-0.23381664158885312,-0.22291205734016226,-0.13417312974293813,-2.6757559833337687,-1.8834858972420285,0.8192878694473718,2.3522294824090535,1.2583439188208079,-1.1982161174003512,-1.179364089335973,-0.04524506765997186,0.6933302301146202,-1.1935189590401694,0.339458425006038,-0.5128399774209024,0.27416609141286546,0.6670285669237933,0.0010181295695758379,-0.8347014645857401,-0.30995736332906226,-1.576035500327036,-0.8732972038769918,-1.5347757977462662,-1.4142907393747253,-1.712274965423042,-0.2854185155821326,-1.7155246188537896,1.0191857395884583,0.41144372573066457,-1.99057427412164,-2.527432937262057,-0.5885415182408571,-0.683191488925142,0.5118112333938113,-1.5942594395697467,-0.6842239690318624,0.941759322571591,-0.6084095907598602,0.6425057124593597,-0.7945019839959098,1.889056864946799,0.5629762783925163,-1.2342271129166882,-1.589064139636197,0.42585780659974953,-0.7488235895458885,-3.061155689271395,-1.2063744677473527
GSM1692468,-0.9382589908297909,0.9271172768130715,1.0158971573517859,0.23292354584629388,-1.4206647851686562,-0.8289233026583267,-0.42683929200435267,-0.496491057082776,-0.7330120253840956,-0.8095654136099659,1.1758151993710324,-0.5210864976710954,0.11915974301147103,-1.1431874978141103,-1.182915373744248,-1.042258566417011,-0.7727312208531,-0.3800576332988712,-0.7452386685185904,-0.1052853200886676,-1.022186604910937,-0.6499240184823686,-0.4316760117273106,0.09866210908241717,0.2712203682441867,-0.5426331232926362,-0.26470016833031385,-1.452513573604269,0.39169305769461116,-0.6842927960946757,-0.007430402523698398,0.5515926778658335,-0.06007054616760946,-1.8392615411163833,-0.5504622551697961,-0.05244192418504143,-0.9913755624121784,0.01873617677368604,0.03047143438962469,-0.5876907498566925,0.7519745318366208,-0.5612699160600374,-0.8331534237401,0.3901285457932857,0.019068371824644353,0.2715588495049309,-0.08935702146629078,-1.4536858101998582,0.17925318526308126,-1.4876253677841127
GSM1692469,-0.9570012854855487,0.9573948998569044,0.6108845616087145,-1.0679199402576167,-1.4255850123157368,-0.26513759915735646,-0.020557092648028574,-1.371771768344477,-0.7992208688171418,-1.2555679687248107,0.019565200854341495,0.11741666819232657,-0.05180847962495877,-0.9748981020251807,0.5660554426240637,-0.5252310321757744,-1.0403653242165165,-0.8926793462533914,-1.654021025742165,0.22966914104880395,-0.8238744358456868,-1.4116299775560273,-0.6004876482497801,-0.5462949077732695,0.3498690864913656,-0.10412138433917147,0.033503819447125736,-0.6721592173017528,0.7993671394447723,-1.3674039263560678,-0.8558460478157579,0.4181183712182852,0.35074400541957573,-1.053904810675384,-0.39347677585352203,0.14038648271294452,-1.6221838396675368,0.7014865117438982,-0.07586105690792815,-0.9999404167818537,-0.07380188514234723,-0.3960925424976795,-1.642979658371478,0.5271208359786725,0.4365348774891006,-0.6711718741565976,0.17365523694159538,-1.2203740658865234,-0.39918616260285006,-1.0638399067869657
GSM1692470,-0.1677842885194622,0.564085390969801,0.5464920659050106,-0.5803508029744702,-1.2616261265578363,-1.2985589184767048,-0.5392597637760661,-0.2647150654299882,-0.6392688443769857,-1.2409249881837978,0.26843050506720734,-0.6502718999648678,-0.17409716485573745,-1.0339926459574715,-1.071720978009898,-0.6886822697304528,0.049778987736978135,-0.31664357604635346,0.2000495166986951,1.0373558830349565,-0.4078459484222971,0.05733955553687869,-1.223488859195514,0.13103362839832838,-0.5105253606870762,-0.8006462972078418,-0.5874801145524235,-1.5062181006638535,0.4203731834767194,-0.5155811407029679,-0.03813581785776029,0.1525506202212209,-0.230133916040425,-1.0863700605403679,-0.03998210906167011,0.07476391448071602,-0.20623661139373473,0.32971431825801417,0.08396267674761498,-0.8442119071689773,0.5271442655525637,-0.3582502610645063,-0.35169712250862134,0.6009411547104452,0.11707375784059677,0.29279524763042625,-0.4195338255755383,-1.0108157421662454,-0.4389464934618682,-0.6840165867413895
GSM1692471,1.0226185337213647,-1.2941699295882374,1.4590690048738832,-0.2705732890593892,-1.5541900473627641,-2.204272723144948,-1.7521894446844581,1.1984914377277045,0.9807880936225017,-0.901170529539419,-1.3002714920068457,1.0542498422903441,1.6767598876654262,-1.2476438891708768,-1.6943629293925375,0.6010243721750772,0.40977802985925493,1.7214226661791423,1.4035193516221274,-0.1338595994572906,-0.09620755810938371,-0.3346439694142237,-1.405281320351691,-0.25353924613491674,-2.02687850347706,-1.0353905277220647,-1.0523807378360612,-1.7906120893523427,-1.257502664972396,0.6723529409950484,1.9019016166443852,0.9904615188469249,0.34242327720528215,-1.1584330055133811,-0.2175327678463887,1.3057597136141916,-0.326191170440583,-0.21621152744499003,0.2866373508823944,-0.7195133793224845,1.5192849343345984,0.5119172833599763,1.744815720717921,0.04460090116530011,-1.4365862267273048,2.1673123428069134,-0.6064984641556376,-0.3261658956683156,-0.916802329490476,0.0714537139528077
GSM1692472,1.1576597477477917,-0.14471997622527197,-1.476917893661414,1.327307974078942,0.8486852173809204,0.6809874641189793,-0.16517283855627138,-0.1351599864605928,0.9742694626756964,0.7409187302486845,-0.6469937317002442,1.2432685513130017,1.1156864099009807,0.5534988332895345,0.10545753918124065,1.1203536568832118,0.085789710288807,1.3053139898616661,0.9348714422098381,-1.0448578392774583,1.3709959949101165,0.29023568154848833,-0.3034524258533023,-0.7687138347695702,-0.6631849071147986,0.39816525699081623,0.232177931676089,1.124864829127157,-0.15176614844465483,0.37752015165712965,0.5725484233549131,0.7216885773384623,1.2736358292532437,1.1574641517137798,0.16439936713941494,1.0847603380777968,0.8551870241874421,-0.6226024052880553,-0.6383706537721316,-1.0322917530620632,-1.3083149372589378,1.2094598299746047,1.152143202325079,-1.4724700412974905,-0.583171609944739,1.726307147270627,-1.5939778717218194,1.505547664606763,0.5591174025763629,1.094842521619974
GSM1692473,-0.07102749448656141,0.052681400572973894,-0.4324041771818927,-0.7557368507123751,-0.24103761873124763,-0.6280917842357439,-0.519633650669115,1.0897691375321479,0.3744044984510614,-0.771079320669553,-0.3968307384926272,-0.3071936932862875,-0.8119167163851024,0.07292609793781465,-0.5245151024733575,-0.768049635931856,0.03546611893100387,-0.6688150623691508,0.37150010246648096,0.04497827460177556,0.05714684425367463,0.058942843568055736,-1.050619290392845,-0.5532770241576347,-0.11491043349855226,-0.09055387266325221,-0.10335177206059357,-0.38311910360858387,-0.37356210720145694,-1.0158786095854357,-0.8328044652262103,-0.06965417487382776,-0.09617378645930579,0.15494066331043202,-0.47365440755945154,0.24852273764174707,-0.23487947758255232,-0.36855924192403994,0.5763767539419458,0.08601353559521814,-0.18132190965465866,-0.1102689213445682,-0.4840775948166311,-0.9859021723098726,-0.6496652860516718,-0.927716956662264,-0.5182268565673007,-0.8116830779870353,0.14396296430793598,0.11158776018781599
GSM1692474,0.6518048411075176,-0.5797891046575112,0.25678681813999843,-0.8175453040831626,-0.8254177845347347,-1.867342521974949,-1.069272117373599,-0.4334250067439746,-0.4602873102960627,-0.44402482268685,-0.03295027373694305,-0.4529037080182914,-0.24536271830128506,-0.8826928584065539,-1.5844335627614325,-0.08271545012155017,0.2733130104863529,-0.7436902361210058,0.30208486964737125,0.2891888737783215,-1.1053904911591594,-0.671115379560127,-0.5309162767410661,0.3754781959825556,0.1477001869798097,-0.5833225818553068,-0.6230967510154791,-1.1512451196672056,-1.0910208850309953,0.11530872967777164,0.11045623779798378,0.2938364385079116,-0.7608220936851435,-1.2121601747076833,-0.674130102171963,1.0567623587224422,0.16715974364157027,-0.814615497986746,0.46701320582658684,-0.2870718875921978,0.6666167022987651,-0.256880524861114,-0.2938423344976095,0.2447837302885549,-0.8889981184102227,-0.16159911099895102,-0.806379160185075,-0.6778039316132842,-1.0150182114206225,0.20443846923710468
GSM1692475,-0.21304671234524233,0.8963719084155768,-1.5042366582257622,0.4316316715891918,0.5422646842742634,1.8873419643550298,1.008072791432594,-1.2605203533766627,-0.4896882217600122,0.1665975756589917,0.25136332211183526,0.09831259025648569,-0.6064875124686567,0.3484693960213123,0.9870996524108471,-0.2536120963743478,0.7437173530085196,-0.2259111523110086,0.09741735454863358,0.16133311039728043,-0.24853603484519152,0.23841345950982884,0.2739350903618431,-0.13172156460086928,0.28163938049934595,0.4442452925834437,0.457386854247618,1.104370434371125,1.2008116056304927,-0.7844525817778042,-0.6557477641127136,0.31574294932474095,1.4482525395017494,0.9956067535008915,0.8246983612054234,0.14566374764715567,-0.32570152211608006,2.090080039041751,0.3727566971088225,0.31030057817370155,-1.1146696330961143,-0.26717828441172625,-0.6609253638449886,-0.149717351010751,0.33036751663707264,0.32954578832284814,-0.1312282162355206,-0.18832333281606217,2.439219788572485,-0.1776958373649978
GSM1692476,-0.09536725994522302,-0.12642901301440548,-0.9595354966352095,0.5723949126608467,0.18201711890214045,-0.6875740283528157,0.5623605504961862,-1.6340158156014104,0.04794098740190408,0.5211498053981434,-1.110610961168456,-0.877498630023894,-0.8340154931107466,0.3588812506618707,1.4557044930000214,0.47387628943645654,-0.3692772291533398,-0.3586819545114451,0.7641257639849279,-0.37799571954223454,1.405261022801038,0.4802960166023071,1.05532485411327,0.22760293505208729,0.08204628501803723,0.06549393652772008,-0.027594048269186336,0.6939836151999763,0.45373843005081305,-0.35584731089461175,-0.26308218571204617,-0.8313181497928049,-0.47587004077458006,0.8730193817957967,-1.9786815757281366,-0.8428182684102432,0.006021097305965177,-1.9391014020393804,-0.539341050120655,0.4109275700791691,-1.3157595234889192,0.8304930343776388,0.04895807366710424,-0.7694228016830247,0.04175318889585311,-0.16523804117241384,-0.27053382556945665,1.864980531567704,-0.37286632338687653,0.5791846199406495
GSM1692477,1.5446155347669084,-1.0413277812126767,0.6544660116508464,1.7652047040563992,0.5433526390999606,0.14327346049441256,0.10946667342853997,0.30026096737877456,1.1264559408619563,1.1702715274138196,-0.7454726785814431,0.9427454590330063,2.46391633991377,1.8186482016121341,0.3036042531560614,2.062527793959584,1.677494426734677,3.125899883826828,2.3097129942655017,-1.1124299248321448,1.4081351678243683,0.7252035247098514,0.07053285791636196,-0.3385947989620759,-0.29223072386811727,-0.9569260856434129,-1.0713248779275912,0.017703910833213373,-0.37582947433726205,2.874891732773146,2.105851677234671,0.891462276594674,-0.01803721639017774,0.7722487292843077,-1.0840995783532852,1.0868423445484985,-0.7112174123711713,-0.2627332351398792,0.7242095397443227,0.09669122867250278,-0.03997735619895201,1.4291488720783228,3.1527064789418486,-1.0643992670721858,-0.8895673919674252,0.7442450267903274,-0.39573516800799347,1.552102978888311,-0.3697755939891163,1.0254398646650154
GSM1692478,0.7700137236399639,-1.3103645891588527,0.1867997548200036,1.1469923373291417,1.3558775845225102,0.032636056864132436,-0.27714298422453304,-0.6295545407277477,0.6924605681022606,0.7346367773441713,-1.6665570212231495,-0.27782015791663345,-0.004267800688305528,1.831651317364474,0.8637656796550377,0.824207852641962,1.2441001839807073,0.08494903062017677,0.29041112289933907,-1.3426100174641138,2.5605436625548412,0.29044984562433157,-0.5069874677301418,-1.5033623977130897,-1.4874336728836945,-1.0419995022857471,-1.1945137153586314,1.7824133759188416,1.0316635940475287,-0.8887799513783022,0.897965458547347,0.43276893197501537,0.6848961668997903,1.561775856770329,-0.8798559606448304,0.6814558035748479,0.4602838705149974,-0.9807532110151711,-1.2464477204174784,-1.2681773141761121,-1.0964499342643608,1.1205761702805963,0.531156365195986,-1.9493545384594593,-0.7915073846834193,1.91755603158755,-1.1977977873054593,2.6293557534440892,0.3607305232997405,1.7527161013717385
GSM1692479,-0.10142266931804206,0.5318112843890664,-1.7343664816623732,-0.31284583722624143,0.8894231052536802,1.2531234696164113,0.07622464589204997,-0.10455708495364359,0.18489202248525075,-0.6116345763365696,-0.9340452838871174,0.3587148745083174,-0.8583391050247549,-0.08869093008218622,0.24429405351514166,-1.4487803079274992,-0.688741041896742,-0.8109786156640869,-0.3450335002981313,0.4146692162248588,-0.1358024333704519,0.3217312754812066,-0.9037244438362685,-0.11053939637658827,0.11731694270028784,0.0794242320609525,-0.06972294446341012,0.5099268213275224,-0.5699947071379208,-0.7444446953605999,-1.1028536701769438,-0.06610242404659936,1.0452800576251984,0.747597646398698,1.333926711983778,0.5995455777029666,0.1930060614849688,-0.021216224693418734,-0.26313047662168054,0.1529634384203831,-2.0125676604873375,0.11396686324083871,-0.21016881105510185,-0.9403075559262735,-0.4580487225238808,0.19479928611265848,-1.3982244174619876,0.5769856561165555,2.090406872439959,-0.2236134637374314
GSM1692480,-0.32095736546844,0.6083511834227814,0.6431849240156198,0.5694766320573984,-0.723100482012754,0.05532864567761425,1.380267827328354,-1.6905244508281845,0.5415823230366104,0.03612512487218181,1.8644546953793568,-0.6031078346026332,0.18594122154151033,-0.4616069406618107,0.43083932657727586,0.04586423539723877,-1.580268548791967,0.3966052200203579,0.3789794249899979,0.6360533506564364,-1.1865188757740481,1.7220103388991062,1.852551142370586,0.8394560029380115,2.5065006683213427,0.9678604998479279,1.1260184760946659,-0.6039509000942451,0.4521688184933237,1.6901988464018651,0.7314715140128976,-0.2677011001141241,-0.7795898712547173,-1.1132243056301618,0.37680800209900633,-0.5827504100165837,0.9809339290612009,-0.9085353025219152,-0.8361706411771697,0.7485128308558924,1.2448538472839,-0.5396100199136256,-0.29970997932154103,1.7454923480879712,2.1727189726356815,0.34183196374169234,1.0583993233444187,0.44435466335697993,0.08511558853021593,-0.7638488058720171
GSM1692481,1.4413030966575042,-0.14569125835885982,-0.7333358870712007,1.4977675644264103,0.8010091803469072,1.0511723539235032,-0.8661738012288722,1.4265437507744574,0.5460648105388312,1.2689673542504334,0.10748200414615486,0.03916756555519433,0.19211330431536072,1.2187155719816745,-0.8862819908789203,-0.6331988665926499,0.8763131534067522,0.07454262547254334,-0.31051495296199,0.6218239107827653,0.33982670159187234,0.2935099122501123,0.510811630516131,-0.14280292672886377,-0.5299112868774238,-0.26978847071958056,-0.3222851659096802,-0.5348960801730521,0.9420139047953567,1.496250446885318,-0.016103334453177368,0.13267570200859144,0.006867989613918183,1.224539537879349,-0.011834994983563505,0.3272144542942336,-0.015482105395603105,-0.16223779431596355,1.6679863749596526,-0.10117487995050854,-0.5194204819523598,0.8679784730787273,-0.49175130648323123,0.3464230540882819,-1.0526375151535088,0.02007985185218254,0.1603633971587617,0.3770446644110273,0.4964930716882632,0.7489489980787991
GSM1692482,-0.8389483229319975,-1.205371703224147,0.37349243453873665,1.7744689268897689,0.1052854984631358,0.827632191309779,-0.38594469485834637,0.0012297022654032801,0.503980521732228,1.4016472897324055,0.040250471657843165,-0.3182335171793726,-0.5495839492228273,0.8599744838210922,-0.9727256895366672,-1.2539114533143159,-1.9602372356083186,-0.19249422958132137,-0.7126918151266423,0.4598771697231981,-1.1739290091367895,-0.8430536954351671,-1.532449928478268,0.7072650299666396,0.8174920036313807,2.021115365139543,1.5366830444740416,1.9623454117333325,-0.2620171048355294,0.4862831767533579,-1.0136629933654702,-1.9859249901593656,-1.8131043302891015,0.4106868238805106,1.3397945404384997,-1.443968904672374,0.3081259225742733,0.020586762673594137,-0.6529338272919046,0.08125421458317383,-0.4618034093836803,0.5732797261357298,-0.4265417267047826,0.0946320650924959,0.8255722059490652,-2.299565600312404,1.164667224006122,-0.9692090302226735,-0.8273127765468218,-0.7141198736240397
GSM1692483,0.6341279885506133,0.5257451882747799,1.2377653417585734,-0.13396565929845713,-0.21760085142692376,0.049661445327991494,0.4326079655253675,0.669125648844095,-0.40731026236698353,-0.7135555389301015,1.1514248017460387,-0.8934399898025732,-0.23917939626925863,-0.5994871354834883,-0.1809644360325002,-0.4376337802925384,1.4158164652876208,-0.5494854659547006,0.27492667375211044,1.4929096632543495,-0.7416189876075668,0.6995159170275661,0.1891700788012609,0.8563683478019452,1.21487723545135,-0.35396523102574223,-0.3083414808505141,-0.6527776088337147,0.15928972189955573,-0.44024627357912677,0.3138877154009085,0.0546167869255797,0.1695396779279854,-0.5180824697006073,-0.09122431145058857,0.02769315808206949,1.22850220586959,0.5688079708124599,1.1049878390542116,1.2920051595050273,0.7970721186358516,0.5601685274305205,-0.6849275642505078,0.8898042094231976,0.9805837747603996,0.032266854367983,0.34781932835884855,-0.2236569703651697,0.4151163951153632,0.22523124247489268
GSM1692484,0.8810096875947093,-1.0234991949263565,-0.3152579180138735,2.6212204523056113,1.1419753348042738,-0.15069905512063644,0.2795539903452268,0.11603669008616486,2.159793800752469,1.6971668698919182,-0.43390450900396477,-0.5342263813506719,0.20307652003069554,1.5514559784630069,0.5562266412361868,1.1561580535848883,0.010435250582458817,0.3509177301516601,0.6754317669390918,-0.6368538538552433,1.3134468448072725,0.3339962671134439,0.23302834484743867,-0.39304266295730117,0.14983909760969114,-1.1617871427614748,-1.143235557085,1.550673353808647,0.85977422673655,-0.33895116928762553,0.7694981009659094,-0.434576701047818,-1.106854360850179,1.2967345797241494,-1.1755694104737147,0.06258178790193629,-0.5906541041612146,-0.7724962534604654,-0.9335585990606544,0.3012032612740157,0.0024541392254451757,1.555988961611214,1.7922652289450705,-1.2144858010433133,0.1824821607955998,-0.701403039175628,0.9616631279164648,0.9402902834621274,-0.9105717282150695,0.8057783140849268
GSM1692485,0.16125387973232408,-0.32688922552349875,0.7791364475582562,0.24234635105574803,-0.16000450710668954,0.3082760851587575,0.18899073065556435,0.7788208136004526,-0.18864158181677226,0.2495098150512494,0.5855947908216964,-1.2373128501140527,-0.2652893209790195,0.28087765744397064,-0.35064330189113446,0.2357988441912925,0.3799491812413343,-0.12471521977594545,0.5086649110781789,0.0736127877022716,0.5748631932852298,0.44673334088118305,0.6741081524353848,1.15751356345791,0.11388880276852949,-0.7436459985216419,-0.7888037401926318,-0.09366531694826999,0.6059805360221905,-0.07242341264529523,0.1811870114865222,-0.2502287703990072,-1.1160099247811746,-0.28325219555531783,-0.8778309829473537,-0.25958651997071197,-0.4849463927629884,0.3858976218855169,0.6773137215893761,1.2636226108412094,1.3658134984663959,0.6996242984809141,0.061229920657049255,0.02591363732903258,0.10546608256589003,-0.24084719039028762,-0.3625799346415556,-0.25685410644485496,0.17603883854176103,0.3365577121338697
GSM1692487,-0.25505756661645984,0.8495828672814855,0.08673256093111166,0.5831816179388841,-1.355966034421001,1.3806344767361647,2.7071776806182055,-0.1575665967091184,-0.5610347938015167,-1.3923755189282958,0.9061282409850964,-0.35565618879475636,-0.08524952310429484,-0.4745511000348103,2.323557868354252,1.1334060899583547,-1.3568036234442138,-0.21219031381948134,-0.18014478728382013,0.8692479451273284,-0.9122491799877209,1.0732777668945253,1.8368726628065082,0.6886295702701594,1.7917655195398154,-0.05816045978843987,0.3330478885566634,-0.7278804583644087,0.7883691110666918,-0.1875473013799287,0.4959800384205106,0.11037580576276639,-0.07509401155869623,-1.3891161926338813,1.2676053341944142,-0.6966302843849549,2.611757520897323,-0.7808830323505589,-1.1872866889717026,-1.3340885960843902,-0.16170314416154077,0.6860755985145636,-0.10301338148639329,2.1567877444842587,3.2684632933730136,0.6527010921951896,-0.003003341547085915,2.279151506350215,0.7110382904423184,-1.376300589337378
GSM1692488,1.5195496619941609,-1.311737606545773,-0.7408177700768724,0.3510428607301296,0.529761732529887,0.512692013864997,-0.6465708386071037,0.03461698375084811,0.31376334765350883,0.9090238563756103,-1.0594058712073224,0.32684454192250756,-0.20187028705085167,0.8370568106421081,-0.5799769750212416,-1.0240972673549322,1.025303503442832,-0.5513455856304535,1.929959810324141,-0.45471360251479115,-0.6605965549403298,1.0608612794423613,-1.0026666492966125,-0.39589707749254144,-0.08912662075496108,-0.46968097093838246,-0.9324450706489562,0.6799602081147065,-1.6815781260114957,-0.25972479542314125,-0.4863602828749344,-0.48396587593082846,-0.5127818139232919,0.4207962244508013,1.7888041063428657,0.5457606736172986,1.4479943163873659,-0.8530715498218898,1.5800980472083195,-0.10786430705020955,-0.5487074932204224,0.453439187772505,0.557952448191277,-0.3668530395110901,-0.2566878869555017,-0.2372905111083813,0.8965099740184646,0.7154564926945944,0.5072552653282488,0.6638396581669822
GSM1692489,-0.9813677964753783,0.25153201360247607,-0.42104836661911277,0.15598289868521273,-0.3503039631968778,0.5975391483002364,-0.32436038689626806,-1.4630151359357846,-0.023507633789891746,-0.2492847739113229,-0.8503966887453825,-0.647013846660545,-0.9939905715531602,0.025500497982963683,0.668787289843536,-1.5459751435547684,-1.3075209250434323,-0.910583582780896,-0.6395266646025549,0.8184643414102847,-0.7081163423069142,0.28558241017281477,-1.5323065948508183,0.8294790879178906,0.6174519969795674,0.09889702152075593,-0.010032191761659683,0.752734438291678,-0.4769974418383182,-0.4713549777813479,-1.3018480330383506,-0.8350802890517195,-0.11701555987844775,0.13896912578869622,0.9571349316721903,-0.5446187803245774,1.0003165351767864,2.3955815013237713,0.35366856791962115,1.0476711155185174,-0.8008023620907456,0.41949382471338836,-1.2839559863220193,-0.4234344380041197,0.4680204285468713,-1.294596523341748,-0.3112041319800554,-0.16845566825487804,1.1206657101992905,-0.9302680659727401
GSM1692490,-3.164142252232839,-0.8945880806374593,1.4565439324568479,-0.37048680000996925,-0.5732441240122066,0.6943957373756384,-0.019798632714916446,-1.4742933868163133,0.024658846958726745,-0.34037261558166354,-0.2533026368806027,-3.17541949311055,-1.546156435688086,-0.6276304960651449,1.7035377254315571,-1.0519929715326732,-4.417418204482136,-0.7515980250448424,-0.8275261785399879,1.2980455598346927,-2.3023031090796784,0.5540076066850553,-1.2587812921652968,1.7059920529203145,1.413894465638331,-0.8686948100924543,-0.5191184620274699,0.9896042041414748,-0.1488579416276375,1.2937733157473155,-0.5046678114552285,-2.6092245903900424,-1.2267751195877834,-0.26207941319487094,1.943483795759173,-3.5199625590125345,0.25846670330739935,2.6118849299517692,-1.6474918520747466,1.55795405406898,0.2706751057724174,-1.4310636516004913,-0.5050047383195074,1.0301248025120495,1.314022562964002,-1.734434707189072,2.271767339040807,-1.2001916180709054,0.5721814017103143,-1.6952940705772477
GSM1692491,-0.28310860457642784,0.5350407844757858,-0.6193697328193416,-0.08514651679628539,-0.5973725253965733,1.1062295645372524,0.36571683939228916,-1.1855760628267342,-0.5683170069150344,-0.15335690700967614,1.1181042844616842,0.5812176867129584,-0.6681833004619417,-0.6962628745048984,-0.1414375155572429,-0.6232265959991594,-1.1533807009030146,-0.7323476370923435,-0.266822351519645,0.5976824328774948,-0.7107388554765355,-0.31964845139298825,-0.67843598429374,0.3096290870363767,1.436462627011239,1.6727522151822876,1.4261024844942358,0.553553166053731,0.0936123295814614,-0.06494384802041063,-0.9486517306350462,-0.5280385747933269,-0.8664332071134242,-0.7022840311692012,1.3822531571044845,-0.2955778867553046,0.37804026498965093,0.3539505135319088,-0.21768859570884058,-0.8256170598239834,-0.04220432871372325,0.11652188560052709,-0.974708153980906,0.28465057354347867,1.3884492129494368,-0.6532604983216055,-0.8511890197958427,0.0573850876962493,0.25029972687156316,-0.7601350583780083
GSM1692492,0.30642219969635986,0.6634926553475066,-0.6932317652445719,-0.20494764294197404,0.10798050054028638,-0.16084069604638962,-0.2500195530529315,-0.9961478296963354,-0.25242570633479094,-0.6765574668719173,-1.507433340076745,1.8140513233593423,0.4615162895766577,-0.8223082790987184,0.2990680377583893,-0.7355854057385858,-0.119287056898447,-0.1554849015635701,0.4934650498971027,-0.9868273333366484,-0.23389292875449108,-0.6408945149274247,-0.004141845253147546,-1.047083065701128,-0.6283250764221089,-0.31936224377062417,-0.34592806506463886,-0.6108955247811767,-0.9490447813905901,-2.1727209003644465,0.29402311016920135,1.3497127448733746,1.9797439011462008,-0.2089670845735505,1.3451037787663487,1.2744649134436086,-0.3679241842644383,0.991525672862059,-0.3438897769004585,0.1980255651137873,-1.2138644873972795,-0.06566203628405912,-0.3975465232226314,-1.6430419574005,-0.6650100589665532,0.9979730955902496,-0.6304406317392199,0.1577153405071131,2.0768665242803044,-0.47629026320527373
GSM1692493,1.7076375275960756,0.40416305866535873,0.1829757779875537,0.8623764524987193,0.23599750687526075,-0.15068544794935987,-0.36998866367228594,1.2738873980250076,0.8219554070248978,1.1081844025073693,0.9860125722251492,0.7885390813756887,1.0054534854230075,0.21710157067132463,-0.7227649017713916,1.0658206340304792,1.5366332218936185,1.0749571223089471,1.5046525579289438,-0.4858537243107196,-1.4018731330113,0.11415211013560077,1.696006085277379,0.257668298240473,0.8926522944779579,-0.9036942699629356,-0.5286167422888324,-1.2264647785320646,-0.3809745179246738,0.6001512232074737,1.3803701484284836,1.1552196378624873,0.6676938288541647,-0.48190954448063944,-0.3784788197520597,1.5149063498887152,0.5919736409629074,0.9985146880421687,1.336850603728899,0.13698072450743645,0.8310616599543412,0.8958555585884272,0.3200432602824868,0.35316122504252045,-0.00589936363058081,0.9652752238173062,0.5016302976722624,0.11530435494502489,-0.8700863363242034,0.40733132344491774
GSM1692494,-1.251703590878982,1.6132471956783763,-0.49821249805263856,-1.3532940298415597,-1.21039396471157,0.8960670030476253,0.9751719019195649,0.36341318974170583,-0.41489320449034056,-0.7247166372996668,1.1392754688560713,0.7594068984597561,0.1797709121205145,-0.5892378718689886,0.01644502091265296,0.5973002726493478,-0.12148880299607841,-0.10907804375595286,0.3500636373776181,-0.7566784778806958,1.1811994862002118,0.10813850617779508,-0.20012303940399045,-0.01352527853709428,-0.008292197008868346,1.5979044338504789,1.692310085650494,0.05837552786417298,0.5611220315053123,-1.1701499823523247,-0.12501132732355244,0.18621423922730895,0.4058563488371828,-0.39447644351065425,-0.1605730439339305,-0.05970441150991198,0.19399536138866136,-0.8002133453296422,-0.6938743332014652,0.009598169807114561,-0.7592273676800533,-0.5981485386676817,-0.3747716074459757,-1.553701719316181,-0.08433122593938273,-0.1272226552702874,-1.3601784714920706,0.2608860684620925,-0.4317816373500416,0.20527231885341232
GSM1692495,-0.35556165337680135,-1.6538326877585026,-3.395353765951333,0.2745233902559574,4.060241414589445,1.9138088453659958,-1.725259497349589,-1.6058289035374917,0.7789392576770052,1.7318006659577647,-2.6326028623485205,-0.1767092235892591,-1.1138914455222049,1.8964193605336024,0.4119684688176,-0.4969567754444705,-0.65265775136106,-0.6771711856085869,-0.3893963457633766,1.0429262711037117,1.962556834571829,0.4838459934554929,-2.3146033909454613,-1.847796626486503,-1.4706670199680483,-0.8753758613920379,-1.5444910999264196,2.713290524366922,0.8661444169612044,0.3215908957204286,-2.3399011788724513,-1.7339663002451038,0.6772162984880137,2.946965738832888,-0.24332191656328042,-1.09216936761943,2.0620182828579585,-2.296970821338734,-2.431241650976852,-2.049186238408927,-3.5890119238672695,0.10991138167857113,0.8137243675011738,-3.2926506996548985,-2.2434664443458563,-1.814784573010415,-1.8430205800243047,-0.9168176785369453,0.4230872597535727,0.9944236327249231
GSM1692496,-0.749096202760282,1.3862571598157496,-0.21752279994839877,-0.24583980334468739,-0.3251462838719681,0.27091508988871527,1.2695654296661925,-0.8795194457589923,-0.768970999180388,-0.33906076035488947,0.40273237191503347,0.5415670388040188,0.5392726889553302,-0.44375167506012203,1.80099258863031,1.1132845506823017,0.11500049955340119,-0.06139741401812765,-1.5624212115820193,-1.4658478298373616,0.33939906828361105,-0.9738728480908949,1.3899071879252247,-0.6396079881640138,-0.5356061703043116,-0.09447695195370373,0.1534959206071578,-0.6822857435791152,0.9102999479827709,-1.90294314749129,0.22300432855108687,1.5474315819634459,1.6054632782544958,0.27112839356588847,-1.1422109608245712,0.5513591960504597,0.298187654560945,1.3908167626970493,-0.4748736562870474,-0.44608648791008826,-0.5070094873483599,-0.4540283148407905,-0.9256161124571719,0.6886511843892373,0.040455707782572486,0.9548692246118449,-1.0245168559705349,0.28414209991389694,0.11563326761394761,-0.4309299994523727
GSM1692497,1.1550758945846336,0.4906123069178067,-0.14392560344744262,-0.41632555067297,-0.7624440182173192,-0.7645178142199199,-0.845687038743067,0.6825129782340424,-0.498308961298972,-0.4898298269353876,-0.19801759305069538,0.5930350585904912,-0.1478793506864118,-0.41486675511426385,-1.3280724732172529,-1.741429570315939,-0.17604030248396016,-0.5787595361076515,-0.812552426391052,-1.1788902901891367,-0.4680303075079903,-0.6411362000319012,-0.40036043110041636,-0.23804741486101794,-0.4619126328156988,-0.17004499770739273,-0.2837661701377646,-1.5547708502110393,0.14883993221931782,-0.48490780610538015,-0.8062168945425909,0.21665631413870653,0.3356004102024797,0.1513473347613422,-0.4025099672983237,0.6157916501384828,-0.17336883713881054,-0.4882043775031176,0.20714305959125062,0.03332180475827656,-0.29187683891639393,0.19105643721536147,-0.9582826662444417,-0.08926275154686075,-0.5315146735988697,-0.05276802327776467,0.05751286284220108,-0.5358058642441207,-0.4216033867692514,0.030871704613772682
GSM1692498,-0.22080226484031887,0.2534657531103812,-2.310539227327498,-0.07029849723676473,1.9855680460824057,1.415456491352062,-0.38365722684444914,-0.893019273194231,-0.1653333903069163,0.9286112637169861,-1.2843239495448913,1.09020989461229,-0.4466302505285168,0.9463523088928204,1.7669237796792698,0.2879075391980637,0.3361325228837828,-0.5023879678298069,-0.6647207501894512,-1.4624298968983385,1.4455251834484486,-0.5492396658918203,-0.02130472355298797,-1.9093922458892774,-1.246709725277201,1.2793488959581916,0.813227935183875,1.151451183371989,-0.5206652225224502,-1.348508927400269,-0.9069946803934726,0.3638083692915116,1.7144125819100824,1.9041680908942824,1.936448144847912,0.1729842298827758,-0.4008451322851418,-0.5453469637750897,-1.6574402338190748,-1.610827103896874,-2.5232153017691576,-0.32182316484994505,-1.0300243145915806,-0.12664441802053053,-1.2459130904125748,-0.1219651529616949,-1.2453072014903799,0.16661100157032846,3.111908050704248,-0.38790527054982993
GSM1692499,0.2787284183941222,-1.604160415303612,0.9624042654231144,-0.2574496555525165,-0.2699255254565777,-0.7005609360680157,-0.818672851316615,1.488796875747884,1.654663931039871,-0.35446133708914973,-0.6125263070367188,-1.0554185118118027,-0.2887066598849088,-0.20091667892866655,-1.2802180588169814,-1.2351120370517785,-0.3834030520952082,-0.31419802868042557,1.0572330589712304,0.5361254534724064,-1.7856264617467867,-0.42512631655650573,-1.3788105592903777,0.5492213750548521,-0.8457997554646245,-1.1859512725967414,-1.2086710696445924,-1.3088687505634522,-1.5441419728058063,0.8036802824688111,0.5415624174229102,-1.0860648616458048,-1.871857630576871,-0.9764311203813624,0.08774983197916614,0.12857043898221693,0.1188529913907856,0.031745811244002074,1.4969001892846947,0.9511752581194581,1.7982848607704014,-0.39458867193576536,1.6342256199033203,1.0036422705919053,-0.37283117338093097,-1.4688104578529275,0.8708378769918301,-1.1521888012824315,-1.7746481878170908,-1.2247303693657265
GSM1692501,0.16277826628776657,0.4166598863340101,0.7470825649365739,-0.145706294276282,-0.5127417306515442,-0.44007650683588645,-0.44972802937018397,0.24210104683182226,-0.27889935717597264,-0.39577822780470434,0.8455380117797339,-0.6699494930846307,-0.07697143138493089,-0.4895216900110888,-0.40622605876447115,-0.6320354393827075,0.01302847032537536,0.1476318497477168,-0.6255465495340351,1.103891715298917,0.021499856725009113,0.09134502836950661,-0.126313963939469,0.41664607973421897,0.05472856607824964,-0.5871330394617937,-0.4094476123859359,-1.0730894707905312,0.29204795609265094,1.4793812223809297,-0.0821721824929027,-0.021485589296726903,-0.2378865848118708,-0.6148106876902625,-0.19369711430270084,-0.18467054899481714,-0.4358878201616532,0.9121629880896431,1.0466859695938813,0.6600497570153991,1.0508625384966768,-0.205590822715908,-0.46564527772067393,0.4903436763701006,-0.3243241348346679,0.16956262880725273,-0.05140200141849984,-0.6396030245304587,0.21414076221954595,0.4119057842915512
GSM1692502,-0.6848715499718581,0.04845720823155079,0.16731991281619,-0.11133511685805415,-0.041215235360601635,0.292854746070917,0.3952279794765081,-0.09041983017379479,-0.3974105134415705,-0.12418154236753226,0.20883673914032883,-0.6232621041654048,-0.6888402425179785,0.23523562296447115,-0.3302926350761455,-0.21342011942871086,-0.2886519108166216,-0.2759405769146829,-0.5020938004419884,0.16600041809086455,0.5223587843510706,0.12235823942058334,-0.5029598794688226,0.3656663104536626,-0.039492663925331406,-0.19213403282815605,-0.1551372091930588,0.246509661562034,-0.22096227422197232,0.5235270246961023,-0.9707422294121806,-0.9558061135565005,-0.16925434239724113,0.5084033037191172,-0.22075713958684093,-0.9236842125075472,0.33113468698153414,-0.9601612110665607,-0.1498498650187659,0.4815866737041396,-0.8090204442090692,0.7599355115782831,-0.5784212480020012,0.5049520301799655,-0.21009896184565688,-0.7838628173088674,0.03680502647440932,0.6393709009718772,0.4221973873161572,0.3884559203874981
GSM1692503,-0.3455494378367702,0.15943187783402668,-0.9645705608767001,-0.45411808293316586,0.8644731852914614,0.40977699276710144,0.46078693460056613,-1.0150267085213442,0.131561675959048,0.6243870613882692,0.07759941915260625,0.8390091490924344,-0.2945182154582751,0.5419841227783215,0.7694055063934319,0.5253876236571304,0.6409512640170227,-0.07901079348712209,-0.5365312941762376,-0.03828975889420907,0.9878596985837262,-0.05241608690390248,0.9586525027988743,0.0626306065250674,0.6850728381565596,2.4671430576941065,2.0677707545670962,1.301550731280079,-0.41774633598454497,-0.6272236492481228,-0.3269495645159355,0.00791578951853179,0.4585591148409044,1.3521485738306211,1.1821775606211808,-0.19141420719524566,-0.07530210083890902,-0.22812357154695856,-1.4879732038666227,0.7878570308532066,-0.9079980104994547,-0.4347237791358247,-0.617408131813439,-0.9721152591907787,-0.14231845121926734,0.7924341201445376,-0.2017828589539867,0.74533460304627,0.9014355428318115,0.6036719151561011
GSM1692504,0.9519597795843329,-0.13050414268678612,-0.887540163377551,0.4951141986463626,0.062312889412018034,0.4608873769963541,-1.3005918371750032,-0.1439601856603307,-0.5028849987417235,0.35183900287695574,-0.5771006893351042,-0.15388781640902338,-0.44077491150719905,0.20677782072278564,-0.06121486846368597,-0.059457680118841186,0.3958151189926158,-0.6013256315347513,-0.2796119208360624,-1.7254408487681914,1.0709385398057898,-0.4508778291576497,-0.18508173859140487,-0.5347156594027981,-1.084999793522569,-0.6111679742022474,-0.7163278904272828,-0.1504688102848821,-0.11152951308889625,-0.8033747414236392,-0.3347185388978541,0.13153058767567025,0.25341128100684907,0.5973158785896328,-1.1941819457573446,0.6220876720816029,-0.9091376243768529,-1.2124393501464656,-0.20898419049719882,-0.4313918717108655,-0.22635417560862459,0.765101249666166,-0.15215616661728007,-0.9365974532579251,-1.4511250477180693,-0.14104580647166237,-0.9176066674069924,0.08443545696044558,-0.8544088693071831,1.0960747847751244
